GO_term	taxon	taxon_id	lineage
GO:0019784	root	1.0	root
GO:0010423	Arabidopsis thaliana	3702.0	root | cellular organisms | Eukaryota | Viridiplantae | Streptophyta | Streptophytina | Embryophyta | Tracheophyta | Euphyllophyta | Spermatophyta | Magnoliopsida | Mesangiospermae | eudicotyledons | Gunneridae | Pentapetalae | rosids | malvids | Brassicales | Brassicaceae | Camelineae | Arabidopsis | Arabidopsis thaliana
GO:0004345	root	1.0	root
GO:0007088	Eukaryota	2759.0	root | cellular organisms | Eukaryota
GO:0006824	cellular organisms	131567.0	root | cellular organisms
GO:1900055	Embryophyta	3193.0	root | cellular organisms | Eukaryota | Viridiplantae | Streptophyta | Streptophytina | Embryophyta
GO:0102851	Unknown		
GO:0034263	Eukaryota	2759.0	root | cellular organisms | Eukaryota
GO:0008756	cellular organisms	131567.0	root | cellular organisms
GO:0080106	Arabidopsis	3701.0	root | cellular organisms | Eukaryota | Viridiplantae | Streptophyta | Streptophytina | Embryophyta | Tracheophyta | Euphyllophyta | Spermatophyta | Magnoliopsida | Mesangiospermae | eudicotyledons | Gunneridae | Pentapetalae | rosids | malvids | Brassicales | Brassicaceae | Camelineae | Arabidopsis
GO:0006471	Unknown		
GO:0018991	Metazoa	33208.0	root | cellular organisms | Eukaryota | Opisthokonta | Metazoa
GO:0000009	root	1.0	root
GO:0099073	Amniota	32524.0	root | cellular organisms | Eukaryota | Opisthokonta | Metazoa | Eumetazoa | Bilateria | Deuterostomia | Chordata | Craniata | Vertebrata | Gnathostomata | Teleostomi | Euteleostomi | Sarcopterygii | Dipnotetrapodomorpha | Tetrapoda | Amniota
GO:0030130	Eukaryota	2759.0	root | cellular organisms | Eukaryota
GO:0010501	Unknown		
GO:0042138	Eukaryota	2759.0	root | cellular organisms | Eukaryota
GO:0010306	Embryophyta	3193.0	root | cellular organisms | Eukaryota | Viridiplantae | Streptophyta | Streptophytina | Embryophyta
GO:0046256	cellular organisms	131567.0	root | cellular organisms
GO:0045127	cellular organisms	131567.0	root | cellular organisms
GO:0047710	cellular organisms	131567.0	root | cellular organisms
GO:0003960	root	1.0	root
GO:0007063	Eukaryota	2759.0	root | cellular organisms | Eukaryota
GO:0006532	cellular organisms	131567.0	root | cellular organisms
GO:0061459	cellular organisms	131567.0	root | cellular organisms
GO:0009528	Viridiplantae	33090.0	root | cellular organisms | Eukaryota | Viridiplantae
GO:0010954	Opisthokonta	33154.0	root | cellular organisms | Eukaryota | Opisthokonta
GO:0000972	Eukaryota	2759.0	root | cellular organisms | Eukaryota
GO:0045927	root	1.0	root
GO:0005853	Eukaryota	2759.0	root | cellular organisms | Eukaryota
GO:0042314	Chlorobiales	191411.0	root | cellular organisms | Bacteria | Pseudomonadati | FCB group | Bacteroidota/Chlorobiota group | Chlorobiota | Chlorobiia | Chlorobiales
GO:0008478	cellular organisms	131567.0	root | cellular organisms
GO:0004473	cellular organisms	131567.0	root | cellular organisms
GO:0140750	Eukaryota	2759.0	root | cellular organisms | Eukaryota
GO:0046760	Viruses	10239.0	root | Viruses
GO:0008360	cellular organisms	131567.0	root | cellular organisms
GO:0031554	cellular organisms	131567.0	root | cellular organisms
GO:2001032	Opisthokonta	33154.0	root | cellular organisms | Eukaryota | Opisthokonta
GO:0047844	Unknown		
GO:0070841	Murinae	39107.0	root | cellular organisms | Eukaryota | Opisthokonta | Metazoa | Eumetazoa | Bilateria | Deuterostomia | Chordata | Craniata | Vertebrata | Gnathostomata | Teleostomi | Euteleostomi | Sarcopterygii | Dipnotetrapodomorpha | Tetrapoda | Amniota | Mammalia | Theria | Eutheria | Boreoeutheria | Euarchontoglires | Glires | Rodentia | Myomorpha | Muroidea | Muridae | Murinae
GO:0030118	Eukaryota	2759.0	root | cellular organisms | Eukaryota
GO:0000002	Unknown		
GO:0051896	Eukaryota	2759.0	root | cellular organisms | Eukaryota
GO:0072722	Eukaryota	2759.0	root | cellular organisms | Eukaryota
GO:0007127	Eukaryota	2759.0	root | cellular organisms | Eukaryota
GO:0140492	Eukaryota	2759.0	root | cellular organisms | Eukaryota
GO:0007565	Euteleostomi	117571.0	root | cellular organisms | Eukaryota | Opisthokonta | Metazoa | Eumetazoa | Bilateria | Deuterostomia | Chordata | Craniata | Vertebrata | Gnathostomata | Teleostomi | Euteleostomi
GO:0004771	cellular organisms	131567.0	root | cellular organisms
GO:1990450	Eukaryota	2759.0	root | cellular organisms | Eukaryota
GO:0004022	cellular organisms	131567.0	root | cellular organisms
GO:0008757	root	1.0	root
GO:0042910	root	1.0	root
GO:0000832	Eukaryota	2759.0	root | cellular organisms | Eukaryota
GO:0034594	cellular organisms	131567.0	root | cellular organisms
GO:0032541	Eukaryota	2759.0	root | cellular organisms | Eukaryota
GO:0008201	cellular organisms	131567.0	root | cellular organisms
GO:0022416	Neoptera	33340.0	root | cellular organisms | Eukaryota | Opisthokonta | Metazoa | Eumetazoa | Bilateria | Protostomia | Ecdysozoa | Panarthropoda | Arthropoda | Mandibulata | Pancrustacea | Altocrustacea | Allotriocarida | Hexapoda | Insecta | Dicondylia | Pterygota | Neoptera
GO:0000027	cellular organisms	131567.0	root | cellular organisms
GO:0071732	cellular organisms	131567.0	root | cellular organisms
GO:0090630	Opisthokonta	33154.0	root | cellular organisms | Eukaryota | Opisthokonta
GO:0052692	cellular organisms	131567.0	root | cellular organisms
GO:0000381	Eukaryota	2759.0	root | cellular organisms | Eukaryota
GO:0038199	cellular organisms	131567.0	root | cellular organisms
GO:0048480	Mesangiospermae	1437183.0	root | cellular organisms | Eukaryota | Viridiplantae | Streptophyta | Streptophytina | Embryophyta | Tracheophyta | Euphyllophyta | Spermatophyta | Magnoliopsida | Mesangiospermae
GO:0009612	Eukaryota	2759.0	root | cellular organisms | Eukaryota
GO:0060215	Euteleostomi	117571.0	root | cellular organisms | Eukaryota | Opisthokonta | Metazoa | Eumetazoa | Bilateria | Deuterostomia | Chordata | Craniata | Vertebrata | Gnathostomata | Teleostomi | Euteleostomi
GO:0070469	Unknown		
GO:0018025	cellular organisms	131567.0	root | cellular organisms
GO:0045488	cellular organisms	131567.0	root | cellular organisms
GO:0048387	Euteleostomi	117571.0	root | cellular organisms | Eukaryota | Opisthokonta | Metazoa | Eumetazoa | Bilateria | Deuterostomia | Chordata | Craniata | Vertebrata | Gnathostomata | Teleostomi | Euteleostomi
GO:0006865	root	1.0	root
GO:0009413	Mesangiospermae	1437183.0	root | cellular organisms | Eukaryota | Viridiplantae | Streptophyta | Streptophytina | Embryophyta | Tracheophyta | Euphyllophyta | Spermatophyta | Magnoliopsida | Mesangiospermae
GO:0070670	Amniota	32524.0	root | cellular organisms | Eukaryota | Opisthokonta | Metazoa | Eumetazoa | Bilateria | Deuterostomia | Chordata | Craniata | Vertebrata | Gnathostomata | Teleostomi | Euteleostomi | Sarcopterygii | Dipnotetrapodomorpha | Tetrapoda | Amniota
GO:0046332	root	1.0	root
GO:0010291	cellular organisms	131567.0	root | cellular organisms
GO:0043093	root	1.0	root
GO:0008239	cellular organisms	131567.0	root | cellular organisms
GO:0080156	Eukaryota	2759.0	root | cellular organisms | Eukaryota
GO:1904423	Eukaryota	2759.0	root | cellular organisms | Eukaryota
GO:0016615	root	1.0	root
GO:0003421	Amniota	32524.0	root | cellular organisms | Eukaryota | Opisthokonta | Metazoa | Eumetazoa | Bilateria | Deuterostomia | Chordata | Craniata | Vertebrata | Gnathostomata | Teleostomi | Euteleostomi | Sarcopterygii | Dipnotetrapodomorpha | Tetrapoda | Amniota
GO:0102343	Unknown		
GO:0030289	Eukaryota	2759.0	root | cellular organisms | Eukaryota
GO:0047134	cellular organisms	131567.0	root | cellular organisms
GO:0061060	Drosophila	7215.0	root | cellular organisms | Eukaryota | Opisthokonta | Metazoa | Eumetazoa | Bilateria | Protostomia | Ecdysozoa | Panarthropoda | Arthropoda | Mandibulata | Pancrustacea | Altocrustacea | Allotriocarida | Hexapoda | Insecta | Dicondylia | Pterygota | Neoptera | Eumetabola | Endopterygota | Aparaglossata | Panorpida | Diptera | Brachycera | Muscomorpha | Eremoneura | Cyclorrhapha | Schizophora | Acalyptratae | Ephydroidea | Drosophilidae | Drosophilinae | Drosophilini | Drosophila
GO:1902243	Nicotiana tabacum	4097.0	root | cellular organisms | Eukaryota | Viridiplantae | Streptophyta | Streptophytina | Embryophyta | Tracheophyta | Euphyllophyta | Spermatophyta | Magnoliopsida | Mesangiospermae | eudicotyledons | Gunneridae | Pentapetalae | asterids | lamiids | Solanales | Solanaceae | Nicotianoideae | Nicotianeae | Nicotiana | Nicotiana tabacum
GO:0044687	root	1.0	root
GO:0006565	root	1.0	root
GO:0005664	Eukaryota	2759.0	root | cellular organisms | Eukaryota
GO:0016832	root	1.0	root
GO:1990584	Chordata	7711.0	root | cellular organisms | Eukaryota | Opisthokonta | Metazoa | Eumetazoa | Bilateria | Deuterostomia | Chordata
GO:0034039	cellular organisms	131567.0	root | cellular organisms
GO:0006065	root	1.0	root
GO:0009620	Eukaryota	2759.0	root | cellular organisms | Eukaryota
GO:1901475	Eukaryota	2759.0	root | cellular organisms | Eukaryota
GO:0009590	Eukaryota	2759.0	root | cellular organisms | Eukaryota
GO:0055065	Unknown		
GO:1990961	cellular organisms	131567.0	root | cellular organisms
GO:0010052	Embryophyta	3193.0	root | cellular organisms | Eukaryota | Viridiplantae | Streptophyta | Streptophytina | Embryophyta
GO:0046856	root	1.0	root
GO:0008782	cellular organisms	131567.0	root | cellular organisms
GO:0005200	cellular organisms	131567.0	root | cellular organisms
GO:0048208	Eukaryota	2759.0	root | cellular organisms | Eukaryota
GO:0046084	cellular organisms	131567.0	root | cellular organisms
GO:1904975	Eukaryota	2759.0	root | cellular organisms | Eukaryota
GO:0106035	Unknown		
GO:0103118	root	1.0	root
GO:0030331	Eukaryota	2759.0	root | cellular organisms | Eukaryota
GO:2000769	Eukaryota	2759.0	root | cellular organisms | Eukaryota
GO:0005545	cellular organisms	131567.0	root | cellular organisms
GO:0039502	Unknown		3470597
GO:0046592	cellular organisms	131567.0	root | cellular organisms
GO:0008543	Eukaryota	2759.0	root | cellular organisms | Eukaryota
GO:0008970	cellular organisms	131567.0	root | cellular organisms
GO:0070124	Eukaryota	2759.0	root | cellular organisms | Eukaryota
GO:0007004	cellular organisms	131567.0	root | cellular organisms
GO:0005980	cellular organisms	131567.0	root | cellular organisms
GO:0009452	Eukaryota	2759.0	root | cellular organisms | Eukaryota
GO:0006120	Eukaryota	2759.0	root | cellular organisms | Eukaryota
GO:1901001	Eukaryota	2759.0	root | cellular organisms | Eukaryota
GO:0046027	cellular organisms	131567.0	root | cellular organisms
GO:0051782	root	1.0	root
GO:0046755	root	1.0	root
GO:0071490	Brassicaceae	3700.0	root | cellular organisms | Eukaryota | Viridiplantae | Streptophyta | Streptophytina | Embryophyta | Tracheophyta | Euphyllophyta | Spermatophyta | Magnoliopsida | Mesangiospermae | eudicotyledons | Gunneridae | Pentapetalae | rosids | malvids | Brassicales | Brassicaceae
GO:0006616	cellular organisms	131567.0	root | cellular organisms
GO:0102205	Unknown		
GO:0009150	cellular organisms	131567.0	root | cellular organisms
GO:0010629	root	1.0	root
GO:1903385	Euteleostomi	117571.0	root | cellular organisms | Eukaryota | Opisthokonta | Metazoa | Eumetazoa | Bilateria | Deuterostomia | Chordata | Craniata | Vertebrata | Gnathostomata | Teleostomi | Euteleostomi
GO:0051792	Eukaryota	2759.0	root | cellular organisms | Eukaryota
GO:0045087	root	1.0	root
GO:0004398	cellular organisms	131567.0	root | cellular organisms
GO:0043024	cellular organisms	131567.0	root | cellular organisms
GO:1903706	Bilateria	33213.0	root | cellular organisms | Eukaryota | Opisthokonta | Metazoa | Eumetazoa | Bilateria
GO:0070204	cellular organisms	131567.0	root | cellular organisms
GO:0033600	Mammalia	40674.0	root | cellular organisms | Eukaryota | Opisthokonta | Metazoa | Eumetazoa | Bilateria | Deuterostomia | Chordata | Craniata | Vertebrata | Gnathostomata | Teleostomi | Euteleostomi | Sarcopterygii | Dipnotetrapodomorpha | Tetrapoda | Amniota | Mammalia
GO:0071633	Unknown		
GO:0032350	Eukaryota	2759.0	root | cellular organisms | Eukaryota
GO:0002143	root	1.0	root
GO:0010021	Eukaryota	2759.0	root | cellular organisms | Eukaryota
GO:0060079	Metazoa	33208.0	root | cellular organisms | Eukaryota | Opisthokonta | Metazoa
GO:0005846	Eukaryota	2759.0	root | cellular organisms | Eukaryota
GO:0048629	malvids	91836.0	root | cellular organisms | Eukaryota | Viridiplantae | Streptophyta | Streptophytina | Embryophyta | Tracheophyta | Euphyllophyta | Spermatophyta | Magnoliopsida | Mesangiospermae | eudicotyledons | Gunneridae | Pentapetalae | rosids | malvids
GO:0030474	Fungi	4751.0	root | cellular organisms | Eukaryota | Opisthokonta | Fungi
GO:0019779	Eukaryota	2759.0	root | cellular organisms | Eukaryota
GO:0031321	Ascomycota	4890.0	root | cellular organisms | Eukaryota | Opisthokonta | Fungi | Dikarya | Ascomycota
GO:0051555	cellular organisms	131567.0	root | cellular organisms
GO:0019158	cellular organisms	131567.0	root | cellular organisms
GO:0004829	root	1.0	root
GO:1902004	Eukaryota	2759.0	root | cellular organisms | Eukaryota
GO:0019348	Unknown		
GO:0034462	Eukaryota	2759.0	root | cellular organisms | Eukaryota
GO:0018344	Eukaryota	2759.0	root | cellular organisms | Eukaryota
GO:0000769	Eukaryota	2759.0	root | cellular organisms | Eukaryota
GO:0036228	Eukaryota	2759.0	root | cellular organisms | Eukaryota
GO:0003254	cellular organisms	131567.0	root | cellular organisms
GO:0120103	Euteleostomi	117571.0	root | cellular organisms | Eukaryota | Opisthokonta | Metazoa | Eumetazoa | Bilateria | Deuterostomia | Chordata | Craniata | Vertebrata | Gnathostomata | Teleostomi | Euteleostomi
GO:0090354	Brassicaceae	3700.0	root | cellular organisms | Eukaryota | Viridiplantae | Streptophyta | Streptophytina | Embryophyta | Tracheophyta | Euphyllophyta | Spermatophyta | Magnoliopsida | Mesangiospermae | eudicotyledons | Gunneridae | Pentapetalae | rosids | malvids | Brassicales | Brassicaceae
GO:0046951	cellular organisms	131567.0	root | cellular organisms
GO:0014706	Eumetazoa	6072.0	root | cellular organisms | Eukaryota | Opisthokonta | Metazoa | Eumetazoa
GO:0043987	Unknown		
GO:0005034	cellular organisms	131567.0	root | cellular organisms
GO:0034066	Eukaryota	2759.0	root | cellular organisms | Eukaryota
GO:0051292	Eukaryota	2759.0	root | cellular organisms | Eukaryota
GO:0048767	Streptophyta	35493.0	root | cellular organisms | Eukaryota | Viridiplantae | Streptophyta
GO:0001517	cellular organisms	131567.0	root | cellular organisms
GO:0090374	cellular organisms	131567.0	root | cellular organisms
GO:0008865	cellular organisms	131567.0	root | cellular organisms
GO:0000822	cellular organisms	131567.0	root | cellular organisms
GO:0055036	Unknown		3470597
GO:0006779	cellular organisms	131567.0	root | cellular organisms
GO:0010484	cellular organisms	131567.0	root | cellular organisms
GO:0009257	cellular organisms	131567.0	root | cellular organisms
GO:0090156	Eukaryota	2759.0	root | cellular organisms | Eukaryota
GO:0090242	Unknown		
GO:0102344	Unknown		
GO:0046183	cellular organisms	131567.0	root | cellular organisms
GO:0008240	cellular organisms	131567.0	root | cellular organisms
GO:0071836	Mesangiospermae	1437183.0	root | cellular organisms | Eukaryota | Viridiplantae | Streptophyta | Streptophytina | Embryophyta | Tracheophyta | Euphyllophyta | Spermatophyta | Magnoliopsida | Mesangiospermae
GO:0015099	cellular organisms	131567.0	root | cellular organisms
GO:0004126	cellular organisms	131567.0	root | cellular organisms
GO:0030030	Bilateria	33213.0	root | cellular organisms | Eukaryota | Opisthokonta | Metazoa | Eumetazoa | Bilateria
GO:0016094	cellular organisms	131567.0	root | cellular organisms
GO:0008622	Eukaryota	2759.0	root | cellular organisms | Eukaryota
GO:0009704	Viridiplantae	33090.0	root | cellular organisms | Eukaryota | Viridiplantae
GO:0008120	cellular organisms	131567.0	root | cellular organisms
GO:0016572	Unknown		
GO:0046680	cellular organisms	131567.0	root | cellular organisms
GO:0060771	Mesangiospermae	1437183.0	root | cellular organisms | Eukaryota | Viridiplantae | Streptophyta | Streptophytina | Embryophyta | Tracheophyta | Euphyllophyta | Spermatophyta | Magnoliopsida | Mesangiospermae
GO:0060136	Mammalia	40674.0	root | cellular organisms | Eukaryota | Opisthokonta | Metazoa | Eumetazoa | Bilateria | Deuterostomia | Chordata | Craniata | Vertebrata | Gnathostomata | Teleostomi | Euteleostomi | Sarcopterygii | Dipnotetrapodomorpha | Tetrapoda | Amniota | Mammalia
GO:0043076	Euarchontoglires	314146.0	root | cellular organisms | Eukaryota | Opisthokonta | Metazoa | Eumetazoa | Bilateria | Deuterostomia | Chordata | Craniata | Vertebrata | Gnathostomata | Teleostomi | Euteleostomi | Sarcopterygii | Dipnotetrapodomorpha | Tetrapoda | Amniota | Mammalia | Theria | Eutheria | Boreoeutheria | Euarchontoglires
GO:0004797	Unknown		3470597
GO:0030332	root	1.0	root
GO:0042023	Eukaryota	2759.0	root | cellular organisms | Eukaryota
GO:0071045	Bilateria	33213.0	root | cellular organisms | Eukaryota | Opisthokonta | Metazoa | Eumetazoa | Bilateria
GO:0015250	cellular organisms	131567.0	root | cellular organisms
GO:1902265	Magnoliopsida	3398.0	root | cellular organisms | Eukaryota | Viridiplantae | Streptophyta | Streptophytina | Embryophyta | Tracheophyta | Euphyllophyta | Spermatophyta | Magnoliopsida
GO:0048041	Eukaryota	2759.0	root | cellular organisms | Eukaryota
GO:1901006	Unknown		
GO:0010165	cellular organisms	131567.0	root | cellular organisms
GO:0004190	root	1.0	root
GO:0000247	cellular organisms	131567.0	root | cellular organisms
GO:0052543	Embryophyta	3193.0	root | cellular organisms | Eukaryota | Viridiplantae | Streptophyta | Streptophytina | Embryophyta
GO:0048825	Magnoliopsida	3398.0	root | cellular organisms | Eukaryota | Viridiplantae | Streptophyta | Streptophytina | Embryophyta | Tracheophyta | Euphyllophyta | Spermatophyta | Magnoliopsida
GO:0006776	cellular organisms	131567.0	root | cellular organisms
GO:0014057	Bilateria	33213.0	root | cellular organisms | Eukaryota | Opisthokonta | Metazoa | Eumetazoa | Bilateria
GO:0004862	cellular organisms	131567.0	root | cellular organisms
GO:0042995	Bilateria	33213.0	root | cellular organisms | Eukaryota | Opisthokonta | Metazoa | Eumetazoa | Bilateria
GO:0032897	root	1.0	root
GO:0009083	cellular organisms	131567.0	root | cellular organisms
GO:0051229	Opisthokonta	33154.0	root | cellular organisms | Eukaryota | Opisthokonta
GO:0060416	root	1.0	root
GO:0050311	root	1.0	root
GO:0044295	Eumetazoa	6072.0	root | cellular organisms | Eukaryota | Opisthokonta | Metazoa | Eumetazoa
GO:0008686	root	1.0	root
GO:2000649	Eukaryota	2759.0	root | cellular organisms | Eukaryota
GO:1903241	Eukaryota	2759.0	root | cellular organisms | Eukaryota
GO:1903373	Eukaryota	2759.0	root | cellular organisms | Eukaryota
GO:0006820	cellular organisms	131567.0	root | cellular organisms
GO:0031781	Vertebrata	7742.0	root | cellular organisms | Eukaryota | Opisthokonta | Metazoa | Eumetazoa | Bilateria | Deuterostomia | Chordata | Craniata | Vertebrata
GO:0030036	cellular organisms	131567.0	root | cellular organisms
GO:0071042	Opisthokonta	33154.0	root | cellular organisms | Eukaryota | Opisthokonta
GO:0042794	Viridiplantae	33090.0	root | cellular organisms | Eukaryota | Viridiplantae
GO:0009963	Arabidopsis thaliana	3702.0	root | cellular organisms | Eukaryota | Viridiplantae | Streptophyta | Streptophytina | Embryophyta | Tracheophyta | Euphyllophyta | Spermatophyta | Magnoliopsida | Mesangiospermae | eudicotyledons | Gunneridae | Pentapetalae | rosids | malvids | Brassicales | Brassicaceae | Camelineae | Arabidopsis | Arabidopsis thaliana
GO:0090394	Gnathostomata	7776.0	root | cellular organisms | Eukaryota | Opisthokonta | Metazoa | Eumetazoa | Bilateria | Deuterostomia | Chordata | Craniata | Vertebrata | Gnathostomata
GO:0002232	Euteleostomi	117571.0	root | cellular organisms | Eukaryota | Opisthokonta | Metazoa | Eumetazoa | Bilateria | Deuterostomia | Chordata | Craniata | Vertebrata | Gnathostomata | Teleostomi | Euteleostomi
GO:0019761	Eukaryota	2759.0	root | cellular organisms | Eukaryota
GO:0010018	Brassicaceae	3700.0	root | cellular organisms | Eukaryota | Viridiplantae | Streptophyta | Streptophytina | Embryophyta | Tracheophyta | Euphyllophyta | Spermatophyta | Magnoliopsida | Mesangiospermae | eudicotyledons | Gunneridae | Pentapetalae | rosids | malvids | Brassicales | Brassicaceae
GO:0009801	malvids	91836.0	root | cellular organisms | Eukaryota | Viridiplantae | Streptophyta | Streptophytina | Embryophyta | Tracheophyta | Euphyllophyta | Spermatophyta | Magnoliopsida | Mesangiospermae | eudicotyledons | Gunneridae | Pentapetalae | rosids | malvids
GO:0042393	Unknown		3470597
GO:0009785	cellular organisms	131567.0	root | cellular organisms
GO:0071051	cellular organisms	131567.0	root | cellular organisms
GO:0010272	cellular organisms	131567.0	root | cellular organisms
GO:0042428	Eukaryota	2759.0	root | cellular organisms | Eukaryota
GO:1902459	Eukaryota	2759.0	root | cellular organisms | Eukaryota
GO:0032049	cellular organisms	131567.0	root | cellular organisms
GO:0000747	Eukaryota	2759.0	root | cellular organisms | Eukaryota
GO:0004820	root	1.0	root
GO:0045552	cellular organisms	131567.0	root | cellular organisms
GO:0008198	root	1.0	root
GO:0140566	Eukaryota	2759.0	root | cellular organisms | Eukaryota
GO:0038063	cellular organisms	131567.0	root | cellular organisms
GO:0047499	Unknown		
GO:0039675	root	1.0	root
GO:0009505	Embryophyta	3193.0	root | cellular organisms | Eukaryota | Viridiplantae | Streptophyta | Streptophytina | Embryophyta
GO:0005244	cellular organisms	131567.0	root | cellular organisms
GO:0046467	Unknown		
GO:0035023	cellular organisms	131567.0	root | cellular organisms
GO:0033819	cellular organisms	131567.0	root | cellular organisms
GO:0032355	Eukaryota	2759.0	root | cellular organisms | Eukaryota
GO:0048266	Bilateria	33213.0	root | cellular organisms | Eukaryota | Opisthokonta | Metazoa | Eumetazoa | Bilateria
GO:0061604	cellular organisms	131567.0	root | cellular organisms
GO:0044604	Eukaryota	2759.0	root | cellular organisms | Eukaryota
GO:0048813	Eumetazoa	6072.0	root | cellular organisms | Eukaryota | Opisthokonta | Metazoa | Eumetazoa
GO:0009809	cellular organisms	131567.0	root | cellular organisms
GO:0003878	root	1.0	root
GO:0071970	Fungi	4751.0	root | cellular organisms | Eukaryota | Opisthokonta | Fungi
GO:0010508	Eukaryota	2759.0	root | cellular organisms | Eukaryota
GO:0006527	cellular organisms	131567.0	root | cellular organisms
GO:0055044	Viridiplantae	33090.0	root | cellular organisms | Eukaryota | Viridiplantae
GO:0008836	cellular organisms	131567.0	root | cellular organisms
GO:0050334	cellular organisms	131567.0	root | cellular organisms
GO:0000012	cellular organisms	131567.0	root | cellular organisms
GO:0004140	cellular organisms	131567.0	root | cellular organisms
GO:0030010	cellular organisms	131567.0	root | cellular organisms
GO:0004016	cellular organisms	131567.0	root | cellular organisms
GO:0099002	root	1.0	root
GO:0102396	Mesangiospermae	1437183.0	root | cellular organisms | Eukaryota | Viridiplantae | Streptophyta | Streptophytina | Embryophyta | Tracheophyta | Euphyllophyta | Spermatophyta | Magnoliopsida | Mesangiospermae
GO:0004519	Unknown		3470597
GO:0017151	root	1.0	root
GO:0051455	Eukaryota	2759.0	root | cellular organisms | Eukaryota
GO:0008207	cellular organisms	131567.0	root | cellular organisms
GO:0080088	Arabidopsis thaliana	3702.0	root | cellular organisms | Eukaryota | Viridiplantae | Streptophyta | Streptophytina | Embryophyta | Tracheophyta | Euphyllophyta | Spermatophyta | Magnoliopsida | Mesangiospermae | eudicotyledons | Gunneridae | Pentapetalae | rosids | malvids | Brassicales | Brassicaceae | Camelineae | Arabidopsis | Arabidopsis thaliana
GO:0003938	root	1.0	root
GO:0060858	Unknown		
GO:0070305	Amniota	32524.0	root | cellular organisms | Eukaryota | Opisthokonta | Metazoa | Eumetazoa | Bilateria | Deuterostomia | Chordata | Craniata | Vertebrata | Gnathostomata | Teleostomi | Euteleostomi | Sarcopterygii | Dipnotetrapodomorpha | Tetrapoda | Amniota
GO:0010428	Eukaryota	2759.0	root | cellular organisms | Eukaryota
GO:0031305	Unknown		
GO:0048284	cellular organisms	131567.0	root | cellular organisms
GO:0015292	cellular organisms	131567.0	root | cellular organisms
GO:0032119	Unknown		
GO:0002523	Euteleostomi	117571.0	root | cellular organisms | Eukaryota | Opisthokonta | Metazoa | Eumetazoa | Bilateria | Deuterostomia | Chordata | Craniata | Vertebrata | Gnathostomata | Teleostomi | Euteleostomi
GO:0003855	root	1.0	root
GO:0090359	Brassicaceae	3700.0	root | cellular organisms | Eukaryota | Viridiplantae | Streptophyta | Streptophytina | Embryophyta | Tracheophyta | Euphyllophyta | Spermatophyta | Magnoliopsida | Mesangiospermae | eudicotyledons | Gunneridae | Pentapetalae | rosids | malvids | Brassicales | Brassicaceae
GO:0042981	Eukaryota	2759.0	root | cellular organisms | Eukaryota
GO:0045088	Eukaryota	2759.0	root | cellular organisms | Eukaryota
GO:1902510	Amniota	32524.0	root | cellular organisms | Eukaryota | Opisthokonta | Metazoa | Eumetazoa | Bilateria | Deuterostomia | Chordata | Craniata | Vertebrata | Gnathostomata | Teleostomi | Euteleostomi | Sarcopterygii | Dipnotetrapodomorpha | Tetrapoda | Amniota
GO:0031030	Fungi	4751.0	root | cellular organisms | Eukaryota | Opisthokonta | Fungi
GO:0007264	root	1.0	root
GO:1903529	Unknown		
GO:0033178	cellular organisms	131567.0	root | cellular organisms
GO:1904526	Unknown		
GO:0030974	Eukaryota	2759.0	root | cellular organisms | Eukaryota
GO:0051764	Eukaryota	2759.0	root | cellular organisms | Eukaryota
GO:0043878	Thermoprotei	183924.0	root | cellular organisms | Archaea | Thermoproteati | Thermoproteota | Thermoprotei
GO:0006611	root	1.0	root
GO:0043586	Amniota	32524.0	root | cellular organisms | Eukaryota | Opisthokonta | Metazoa | Eumetazoa | Bilateria | Deuterostomia | Chordata | Craniata | Vertebrata | Gnathostomata | Teleostomi | Euteleostomi | Sarcopterygii | Dipnotetrapodomorpha | Tetrapoda | Amniota
GO:1901601	cellular organisms	131567.0	root | cellular organisms
GO:1900264	root	1.0	root
GO:0045128	Eukaryota	2759.0	root | cellular organisms | Eukaryota
GO:0051661	Eukaryota	2759.0	root | cellular organisms | Eukaryota
GO:0007443	Drosophila	7215.0	root | cellular organisms | Eukaryota | Opisthokonta | Metazoa | Eumetazoa | Bilateria | Protostomia | Ecdysozoa | Panarthropoda | Arthropoda | Mandibulata | Pancrustacea | Altocrustacea | Allotriocarida | Hexapoda | Insecta | Dicondylia | Pterygota | Neoptera | Eumetabola | Endopterygota | Aparaglossata | Panorpida | Diptera | Brachycera | Muscomorpha | Eremoneura | Cyclorrhapha | Schizophora | Acalyptratae | Ephydroidea | Drosophilidae | Drosophilinae | Drosophilini | Drosophila
GO:1903428	Eukaryota	2759.0	root | cellular organisms | Eukaryota
GO:0008187	Eukaryota	2759.0	root | cellular organisms | Eukaryota
GO:0033500	Eukaryota	2759.0	root | cellular organisms | Eukaryota
GO:0099056	Unknown		
GO:0017128	root	1.0	root
GO:0034340	root	1.0	root
GO:0033396	Unknown		
GO:0071486	Eukaryota	2759.0	root | cellular organisms | Eukaryota
GO:0070080	Vertebrata	7742.0	root | cellular organisms | Eukaryota | Opisthokonta | Metazoa | Eumetazoa | Bilateria | Deuterostomia | Chordata | Craniata | Vertebrata
GO:0051045	cellular organisms	131567.0	root | cellular organisms
GO:0004161	root	1.0	root
GO:0008076	root	1.0	root
GO:0045543	Eukaryota	2759.0	root | cellular organisms | Eukaryota
GO:0001652	Bilateria	33213.0	root | cellular organisms | Eukaryota | Opisthokonta | Metazoa | Eumetazoa | Bilateria
GO:0048589	Eukaryota	2759.0	root | cellular organisms | Eukaryota
GO:0050777	cellular organisms	131567.0	root | cellular organisms
GO:0042900	Magnoliopsida	3398.0	root | cellular organisms | Eukaryota | Viridiplantae | Streptophyta | Streptophytina | Embryophyta | Tracheophyta | Euphyllophyta | Spermatophyta | Magnoliopsida
GO:0010075	Embryophyta	3193.0	root | cellular organisms | Eukaryota | Viridiplantae | Streptophyta | Streptophytina | Embryophyta
GO:1990069	Arabidopsis thaliana	3702.0	root | cellular organisms | Eukaryota | Viridiplantae | Streptophyta | Streptophytina | Embryophyta | Tracheophyta | Euphyllophyta | Spermatophyta | Magnoliopsida | Mesangiospermae | eudicotyledons | Gunneridae | Pentapetalae | rosids | malvids | Brassicales | Brassicaceae | Camelineae | Arabidopsis | Arabidopsis thaliana
GO:0032919	Unknown		
GO:0004930	root	1.0	root
GO:0016833	root	1.0	root
GO:1904825	Eukaryota	2759.0	root | cellular organisms | Eukaryota
GO:0052886	Unknown		
GO:0046900	Eukaryota	2759.0	root | cellular organisms | Eukaryota
GO:0035264	Eukaryota	2759.0	root | cellular organisms | Eukaryota
GO:0050242	root	1.0	root
GO:0010226	cellular organisms	131567.0	root | cellular organisms
GO:2000391	Vertebrata	7742.0	root | cellular organisms | Eukaryota | Opisthokonta | Metazoa | Eumetazoa | Bilateria | Deuterostomia | Chordata | Craniata | Vertebrata
GO:0042124	cellular organisms	131567.0	root | cellular organisms
GO:0033907	cellular organisms	131567.0	root | cellular organisms
GO:1902290	Mesangiospermae	1437183.0	root | cellular organisms | Eukaryota | Viridiplantae | Streptophyta | Streptophytina | Embryophyta | Tracheophyta | Euphyllophyta | Spermatophyta | Magnoliopsida | Mesangiospermae
GO:0019912	Unknown		
GO:0030165	root	1.0	root
GO:0036055	cellular organisms	131567.0	root | cellular organisms
GO:0008456	cellular organisms	131567.0	root | cellular organisms
GO:0000921	cellular organisms	131567.0	root | cellular organisms
GO:0048146	root	1.0	root
GO:0006696	cellular organisms	131567.0	root | cellular organisms
GO:0140040	Eukaryota	2759.0	root | cellular organisms | Eukaryota
GO:0072572	root	1.0	root
GO:0046166	cellular organisms	131567.0	root | cellular organisms
GO:0005179	root	1.0	root
GO:0008641	root	1.0	root
GO:0051090	Unknown		
GO:0017118	cellular organisms	131567.0	root | cellular organisms
GO:0009234	cellular organisms	131567.0	root | cellular organisms
GO:0070985	Eukaryota	2759.0	root | cellular organisms | Eukaryota
GO:0010812	Eukaryota	2759.0	root | cellular organisms | Eukaryota
GO:0008175	root	1.0	root
GO:0000149	root	1.0	root
GO:0005811	cellular organisms	131567.0	root | cellular organisms
GO:0016401	Unknown		
GO:0035098	Eukaryota	2759.0	root | cellular organisms | Eukaryota
GO:0050681	Eukaryota	2759.0	root | cellular organisms | Eukaryota
GO:0009944	Eukaryota	2759.0	root | cellular organisms | Eukaryota
GO:0003999	root	1.0	root
GO:0004425	root	1.0	root
GO:0070762	Eukaryota	2759.0	root | cellular organisms | Eukaryota
GO:0042127	cellular organisms	131567.0	root | cellular organisms
GO:0035331	Eukaryota	2759.0	root | cellular organisms | Eukaryota
GO:0120330	cellular organisms	131567.0	root | cellular organisms
GO:0070981	root	1.0	root
GO:0036431	cellular organisms	131567.0	root | cellular organisms
GO:0031304	Unknown		
GO:1904031	Euarchontoglires	314146.0	root | cellular organisms | Eukaryota | Opisthokonta | Metazoa | Eumetazoa | Bilateria | Deuterostomia | Chordata | Craniata | Vertebrata | Gnathostomata | Teleostomi | Euteleostomi | Sarcopterygii | Dipnotetrapodomorpha | Tetrapoda | Amniota | Mammalia | Theria | Eutheria | Boreoeutheria | Euarchontoglires
GO:0035176	Bilateria	33213.0	root | cellular organisms | Eukaryota | Opisthokonta | Metazoa | Eumetazoa | Bilateria
GO:0016608	Gnathostomata	7776.0	root | cellular organisms | Eukaryota | Opisthokonta | Metazoa | Eumetazoa | Bilateria | Deuterostomia | Chordata | Craniata | Vertebrata | Gnathostomata
GO:1900060	Opisthokonta	33154.0	root | cellular organisms | Eukaryota | Opisthokonta
GO:0016620	cellular organisms	131567.0	root | cellular organisms
GO:0035082	Eukaryota	2759.0	root | cellular organisms | Eukaryota
GO:1904507	Amniota	32524.0	root | cellular organisms | Eukaryota | Opisthokonta | Metazoa | Eumetazoa | Bilateria | Deuterostomia | Chordata | Craniata | Vertebrata | Gnathostomata | Teleostomi | Euteleostomi | Sarcopterygii | Dipnotetrapodomorpha | Tetrapoda | Amniota
GO:0008839	cellular organisms	131567.0	root | cellular organisms
GO:0042771	Opisthokonta	33154.0	root | cellular organisms | Eukaryota | Opisthokonta
GO:0030686	Eukaryota	2759.0	root | cellular organisms | Eukaryota
GO:0005796	Eukaryota	2759.0	root | cellular organisms | Eukaryota
GO:0016442	root	1.0	root
GO:0016581	Eukaryota	2759.0	root | cellular organisms | Eukaryota
GO:0001917	Eumetazoa	6072.0	root | cellular organisms | Eukaryota | Opisthokonta | Metazoa | Eumetazoa
GO:0034045	cellular organisms	131567.0	root | cellular organisms
GO:1990456	Eukaryota	2759.0	root | cellular organisms | Eukaryota
GO:0048481	Magnoliopsida	3398.0	root | cellular organisms | Eukaryota | Viridiplantae | Streptophyta | Streptophytina | Embryophyta | Tracheophyta | Euphyllophyta | Spermatophyta | Magnoliopsida
GO:2000636	Eukaryota	2759.0	root | cellular organisms | Eukaryota
GO:0004046	cellular organisms	131567.0	root | cellular organisms
GO:0003866	cellular organisms	131567.0	root | cellular organisms
GO:0052816	cellular organisms	131567.0	root | cellular organisms
GO:0102067	cellular organisms	131567.0	root | cellular organisms
GO:0006542	Unknown		
GO:0061300	Euteleostomi	117571.0	root | cellular organisms | Eukaryota | Opisthokonta | Metazoa | Eumetazoa | Bilateria | Deuterostomia | Chordata | Craniata | Vertebrata | Gnathostomata | Teleostomi | Euteleostomi
GO:0006002	root	1.0	root
GO:0031175	Opisthokonta	33154.0	root | cellular organisms | Eukaryota | Opisthokonta
GO:0035303	Eukaryota	2759.0	root | cellular organisms | Eukaryota
GO:0006422	cellular organisms	131567.0	root | cellular organisms
GO:0019433	cellular organisms	131567.0	root | cellular organisms
GO:0046929	Bilateria	33213.0	root | cellular organisms | Eukaryota | Opisthokonta | Metazoa | Eumetazoa | Bilateria
GO:2000352	Amniota	32524.0	root | cellular organisms | Eukaryota | Opisthokonta | Metazoa | Eumetazoa | Bilateria | Deuterostomia | Chordata | Craniata | Vertebrata | Gnathostomata | Teleostomi | Euteleostomi | Sarcopterygii | Dipnotetrapodomorpha | Tetrapoda | Amniota
GO:0008310	root	1.0	root
GO:0060149	malvids	91836.0	root | cellular organisms | Eukaryota | Viridiplantae | Streptophyta | Streptophytina | Embryophyta | Tracheophyta | Euphyllophyta | Spermatophyta | Magnoliopsida | Mesangiospermae | eudicotyledons | Gunneridae | Pentapetalae | rosids | malvids
GO:0009629	Eukaryota	2759.0	root | cellular organisms | Eukaryota
GO:1905582	Brassicaceae	3700.0	root | cellular organisms | Eukaryota | Viridiplantae | Streptophyta | Streptophytina | Embryophyta | Tracheophyta | Euphyllophyta | Spermatophyta | Magnoliopsida | Mesangiospermae | eudicotyledons | Gunneridae | Pentapetalae | rosids | malvids | Brassicales | Brassicaceae
GO:0090277	Bilateria	33213.0	root | cellular organisms | Eukaryota | Opisthokonta | Metazoa | Eumetazoa | Bilateria
GO:0071028	Eukaryota	2759.0	root | cellular organisms | Eukaryota
GO:0015919	Eukaryota	2759.0	root | cellular organisms | Eukaryota
GO:0043620	Unknown		
GO:0010090	Viridiplantae	33090.0	root | cellular organisms | Eukaryota | Viridiplantae
GO:0004571	cellular organisms	131567.0	root | cellular organisms
GO:0000776	cellular organisms	131567.0	root | cellular organisms
GO:0042555	cellular organisms	131567.0	root | cellular organisms
GO:0072375	Bilateria	33213.0	root | cellular organisms | Eukaryota | Opisthokonta | Metazoa | Eumetazoa | Bilateria
GO:0061628	Eukaryota	2759.0	root | cellular organisms | Eukaryota
GO:0051016	cellular organisms	131567.0	root | cellular organisms
GO:0033290	Eukaryota	2759.0	root | cellular organisms | Eukaryota
GO:1902998	Amniota	32524.0	root | cellular organisms | Eukaryota | Opisthokonta | Metazoa | Eumetazoa | Bilateria | Deuterostomia | Chordata | Craniata | Vertebrata | Gnathostomata | Teleostomi | Euteleostomi | Sarcopterygii | Dipnotetrapodomorpha | Tetrapoda | Amniota
GO:0070936	cellular organisms	131567.0	root | cellular organisms
GO:0015940	root	1.0	root
GO:0001763	Eukaryota	2759.0	root | cellular organisms | Eukaryota
GO:0018342	Eukaryota	2759.0	root | cellular organisms | Eukaryota
GO:0005923	root	1.0	root
GO:0010201	Arabidopsis thaliana	3702.0	root | cellular organisms | Eukaryota | Viridiplantae | Streptophyta | Streptophytina | Embryophyta | Tracheophyta | Euphyllophyta | Spermatophyta | Magnoliopsida | Mesangiospermae | eudicotyledons | Gunneridae | Pentapetalae | rosids | malvids | Brassicales | Brassicaceae | Camelineae | Arabidopsis | Arabidopsis thaliana
GO:0033276	Euteleostomi	117571.0	root | cellular organisms | Eukaryota | Opisthokonta | Metazoa | Eumetazoa | Bilateria | Deuterostomia | Chordata | Craniata | Vertebrata | Gnathostomata | Teleostomi | Euteleostomi
GO:0010024	root	1.0	root
GO:0050385	cellular organisms	131567.0	root | cellular organisms
GO:0044038	root	1.0	root
GO:0048471	cellular organisms	131567.0	root | cellular organisms
GO:0042170	Eukaryota	2759.0	root | cellular organisms | Eukaryota
GO:0019318	cellular organisms	131567.0	root | cellular organisms
GO:0005741	root	1.0	root
GO:0038187	cellular organisms	131567.0	root | cellular organisms
GO:0051099	Euarchontoglires	314146.0	root | cellular organisms | Eukaryota | Opisthokonta | Metazoa | Eumetazoa | Bilateria | Deuterostomia | Chordata | Craniata | Vertebrata | Gnathostomata | Teleostomi | Euteleostomi | Sarcopterygii | Dipnotetrapodomorpha | Tetrapoda | Amniota | Mammalia | Theria | Eutheria | Boreoeutheria | Euarchontoglires
GO:0051880	cellular organisms	131567.0	root | cellular organisms
GO:0016437	Unknown		
GO:0097371	Amniota	32524.0	root | cellular organisms | Eukaryota | Opisthokonta | Metazoa | Eumetazoa | Bilateria | Deuterostomia | Chordata | Craniata | Vertebrata | Gnathostomata | Teleostomi | Euteleostomi | Sarcopterygii | Dipnotetrapodomorpha | Tetrapoda | Amniota
GO:0006983	Eukaryota	2759.0	root | cellular organisms | Eukaryota
GO:0000221	cellular organisms	131567.0	root | cellular organisms
GO:0080178	Mesangiospermae	1437183.0	root | cellular organisms | Eukaryota | Viridiplantae | Streptophyta | Streptophytina | Embryophyta | Tracheophyta | Euphyllophyta | Spermatophyta | Magnoliopsida | Mesangiospermae
GO:0005133	cellular organisms	131567.0	root | cellular organisms
GO:0031445	Eukaryota	2759.0	root | cellular organisms | Eukaryota
GO:0008380	root	1.0	root
GO:0004477	root	1.0	root
GO:0045300	cellular organisms	131567.0	root | cellular organisms
GO:0072423	Eukaryota	2759.0	root | cellular organisms | Eukaryota
GO:0009900	Mesangiospermae	1437183.0	root | cellular organisms | Eukaryota | Viridiplantae | Streptophyta | Streptophytina | Embryophyta | Tracheophyta | Euphyllophyta | Spermatophyta | Magnoliopsida | Mesangiospermae
GO:0070037	cellular organisms	131567.0	root | cellular organisms
GO:0010071	Spermatophyta	58024.0	root | cellular organisms | Eukaryota | Viridiplantae | Streptophyta | Streptophytina | Embryophyta | Tracheophyta | Euphyllophyta | Spermatophyta
GO:0017046	Eukaryota	2759.0	root | cellular organisms | Eukaryota
GO:0045945	Eukaryota	2759.0	root | cellular organisms | Eukaryota
GO:0080036	Mesangiospermae	1437183.0	root | cellular organisms | Eukaryota | Viridiplantae | Streptophyta | Streptophytina | Embryophyta | Tracheophyta | Euphyllophyta | Spermatophyta | Magnoliopsida | Mesangiospermae
GO:1902009	Unknown		
GO:0033645	Unknown		3470597
GO:0000722	cellular organisms	131567.0	root | cellular organisms
GO:0043970	Unknown		
GO:0097191	Eukaryota	2759.0	root | cellular organisms | Eukaryota
GO:0006168	root	1.0	root
GO:0030212	Bilateria	33213.0	root | cellular organisms | Eukaryota | Opisthokonta | Metazoa | Eumetazoa | Bilateria
GO:1901537	Unknown		
GO:0035071	Unknown		
GO:0004376	cellular organisms	131567.0	root | cellular organisms
GO:0004103	cellular organisms	131567.0	root | cellular organisms
GO:0005085	root	1.0	root
GO:0004848	cellular organisms	131567.0	root | cellular organisms
GO:1904963	Pentapetalae	1437201.0	root | cellular organisms | Eukaryota | Viridiplantae | Streptophyta | Streptophytina | Embryophyta | Tracheophyta | Euphyllophyta | Spermatophyta | Magnoliopsida | Mesangiospermae | eudicotyledons | Gunneridae | Pentapetalae
GO:0046403	root	1.0	root
GO:0035864	cellular organisms	131567.0	root | cellular organisms
GO:0044164	root	1.0	root
GO:0033574	Euteleostomi	117571.0	root | cellular organisms | Eukaryota | Opisthokonta | Metazoa | Eumetazoa | Bilateria | Deuterostomia | Chordata | Craniata | Vertebrata | Gnathostomata | Teleostomi | Euteleostomi
GO:0043065	Eukaryota	2759.0	root | cellular organisms | Eukaryota
GO:0008900	Eukaryota	2759.0	root | cellular organisms | Eukaryota
GO:0015662	cellular organisms	131567.0	root | cellular organisms
GO:0097264	root	1.0	root
GO:0010037	Eukaryota	2759.0	root | cellular organisms | Eukaryota
GO:0031466	Eukaryota	2759.0	root | cellular organisms | Eukaryota
GO:0071385	Bilateria	33213.0	root | cellular organisms | Eukaryota | Opisthokonta | Metazoa | Eumetazoa | Bilateria
GO:0006428	cellular organisms	131567.0	root | cellular organisms
GO:0000111	Eukaryota	2759.0	root | cellular organisms | Eukaryota
GO:0015827	cellular organisms	131567.0	root | cellular organisms
GO:0005540	root	1.0	root
GO:0043974	Unknown		
GO:0010196	Eukaryota	2759.0	root | cellular organisms | Eukaryota
GO:1903568	Amniota	32524.0	root | cellular organisms | Eukaryota | Opisthokonta | Metazoa | Eumetazoa | Bilateria | Deuterostomia | Chordata | Craniata | Vertebrata | Gnathostomata | Teleostomi | Euteleostomi | Sarcopterygii | Dipnotetrapodomorpha | Tetrapoda | Amniota
GO:0030889	root	1.0	root
GO:0004445	Eukaryota	2759.0	root | cellular organisms | Eukaryota
GO:0043627	Euteleostomi	117571.0	root | cellular organisms | Eukaryota | Opisthokonta | Metazoa | Eumetazoa | Bilateria | Deuterostomia | Chordata | Craniata | Vertebrata | Gnathostomata | Teleostomi | Euteleostomi
GO:0070816	Unknown		
GO:0032147	Eukaryota	2759.0	root | cellular organisms | Eukaryota
GO:0045947	cellular organisms	131567.0	root | cellular organisms
GO:0004784	root	1.0	root
GO:0004668	root	1.0	root
GO:0110067	malvids	91836.0	root | cellular organisms | Eukaryota | Viridiplantae | Streptophyta | Streptophytina | Embryophyta | Tracheophyta | Euphyllophyta | Spermatophyta | Magnoliopsida | Mesangiospermae | eudicotyledons | Gunneridae | Pentapetalae | rosids | malvids
GO:0045184	cellular organisms	131567.0	root | cellular organisms
GO:0035222	Pterygota	7496.0	root | cellular organisms | Eukaryota | Opisthokonta | Metazoa | Eumetazoa | Bilateria | Protostomia | Ecdysozoa | Panarthropoda | Arthropoda | Mandibulata | Pancrustacea | Altocrustacea | Allotriocarida | Hexapoda | Insecta | Dicondylia | Pterygota
GO:0060612	Euteleostomi	117571.0	root | cellular organisms | Eukaryota | Opisthokonta | Metazoa | Eumetazoa | Bilateria | Deuterostomia | Chordata | Craniata | Vertebrata | Gnathostomata | Teleostomi | Euteleostomi
GO:0005223	Eukaryota	2759.0	root | cellular organisms | Eukaryota
GO:0035674	Eukaryota	2759.0	root | cellular organisms | Eukaryota
GO:0009594	Eukaryota	2759.0	root | cellular organisms | Eukaryota
GO:0044178	Unknown		3470597
GO:0006825	cellular organisms	131567.0	root | cellular organisms
GO:0045959	cellular organisms	131567.0	root | cellular organisms
GO:0007340	Eumetazoa	6072.0	root | cellular organisms | Eukaryota | Opisthokonta | Metazoa | Eumetazoa
GO:0030643	cellular organisms	131567.0	root | cellular organisms
GO:0005345	cellular organisms	131567.0	root | cellular organisms
GO:0070542	cellular organisms	131567.0	root | cellular organisms
GO:0009267	root	1.0	root
GO:0102956	Unknown		
GO:0050255	cellular organisms	131567.0	root | cellular organisms
GO:0070419	Opisthokonta	33154.0	root | cellular organisms | Eukaryota | Opisthokonta
GO:0019458	Unknown		
GO:1901183	Mesangiospermae	1437183.0	root | cellular organisms | Eukaryota | Viridiplantae | Streptophyta | Streptophytina | Embryophyta | Tracheophyta | Euphyllophyta | Spermatophyta | Magnoliopsida | Mesangiospermae
GO:0030731	cellular organisms	131567.0	root | cellular organisms
GO:0009142	cellular organisms	131567.0	root | cellular organisms
GO:0061665	root	1.0	root
GO:0042765	Eukaryota	2759.0	root | cellular organisms | Eukaryota
GO:0000909	Dikarya	451864.0	root | cellular organisms | Eukaryota | Opisthokonta | Fungi | Dikarya
GO:1903791	cellular organisms	131567.0	root | cellular organisms
GO:0071709	cellular organisms	131567.0	root | cellular organisms
GO:0071383	Opisthokonta	33154.0	root | cellular organisms | Eukaryota | Opisthokonta
GO:0015444	cellular organisms	131567.0	root | cellular organisms
GO:0042631	Eukaryota	2759.0	root | cellular organisms | Eukaryota
GO:0018393	cellular organisms	131567.0	root | cellular organisms
GO:0140021	cellular organisms	131567.0	root | cellular organisms
GO:0009407	root	1.0	root
GO:0090239	Unknown		
GO:0030275	Eukaryota	2759.0	root | cellular organisms | Eukaryota
GO:0042025	Unknown		3470597
GO:0060213	Eukaryota	2759.0	root | cellular organisms | Eukaryota
GO:0009687	Eukaryota	2759.0	root | cellular organisms | Eukaryota
GO:0004530	root	1.0	root
GO:0005469	cellular organisms	131567.0	root | cellular organisms
GO:0000707	Eukaryota	2759.0	root | cellular organisms | Eukaryota
GO:0032452	Eukaryota	2759.0	root | cellular organisms | Eukaryota
GO:0016998	root	1.0	root
GO:0007189	cellular organisms	131567.0	root | cellular organisms
GO:0016239	Eukaryota	2759.0	root | cellular organisms | Eukaryota
GO:0004637	cellular organisms	131567.0	root | cellular organisms
GO:0032367	cellular organisms	131567.0	root | cellular organisms
GO:0001510	cellular organisms	131567.0	root | cellular organisms
GO:0033749	Eukaryota	2759.0	root | cellular organisms | Eukaryota
GO:0010866	Eukaryota	2759.0	root | cellular organisms | Eukaryota
GO:2001244	Metazoa	33208.0	root | cellular organisms | Eukaryota | Opisthokonta | Metazoa
GO:0042823	cellular organisms	131567.0	root | cellular organisms
GO:0000249	Eukaryota	2759.0	root | cellular organisms | Eukaryota
GO:1902348	Arabidopsis thaliana	3702.0	root | cellular organisms | Eukaryota | Viridiplantae | Streptophyta | Streptophytina | Embryophyta | Tracheophyta | Euphyllophyta | Spermatophyta | Magnoliopsida | Mesangiospermae | eudicotyledons | Gunneridae | Pentapetalae | rosids | malvids | Brassicales | Brassicaceae | Camelineae | Arabidopsis | Arabidopsis thaliana
GO:0010335	Arabidopsis thaliana	3702.0	root | cellular organisms | Eukaryota | Viridiplantae | Streptophyta | Streptophytina | Embryophyta | Tracheophyta | Euphyllophyta | Spermatophyta | Magnoliopsida | Mesangiospermae | eudicotyledons | Gunneridae | Pentapetalae | rosids | malvids | Brassicales | Brassicaceae | Camelineae | Arabidopsis | Arabidopsis thaliana
GO:0004105	root	1.0	root
GO:0070213	cellular organisms	131567.0	root | cellular organisms
GO:0045820	cellular organisms	131567.0	root | cellular organisms
GO:0045903	cellular organisms	131567.0	root | cellular organisms
GO:0099055	Unknown		
GO:0051561	Bilateria	33213.0	root | cellular organisms | Eukaryota | Opisthokonta | Metazoa | Eumetazoa | Bilateria
GO:0061574	cellular organisms	131567.0	root | cellular organisms
GO:0034063	Eukaryota	2759.0	root | cellular organisms | Eukaryota
GO:0070775	Eukaryota	2759.0	root | cellular organisms | Eukaryota
GO:0009523	cellular organisms	131567.0	root | cellular organisms
GO:0032511	cellular organisms	131567.0	root | cellular organisms
GO:0048662	Gnathostomata	7776.0	root | cellular organisms | Eukaryota | Opisthokonta | Metazoa | Eumetazoa | Bilateria | Deuterostomia | Chordata | Craniata | Vertebrata | Gnathostomata
GO:0060179	Bilateria	33213.0	root | cellular organisms | Eukaryota | Opisthokonta | Metazoa | Eumetazoa | Bilateria
GO:0006666	cellular organisms	131567.0	root | cellular organisms
GO:0038066	Eukaryota	2759.0	root | cellular organisms | Eukaryota
GO:0048229	Magnoliopsida	3398.0	root | cellular organisms | Eukaryota | Viridiplantae | Streptophyta | Streptophytina | Embryophyta | Tracheophyta | Euphyllophyta | Spermatophyta | Magnoliopsida
GO:0016180	cellular organisms	131567.0	root | cellular organisms
GO:0008531	root	1.0	root
GO:0003400	Eukaryota	2759.0	root | cellular organisms | Eukaryota
GO:0042592	cellular organisms	131567.0	root | cellular organisms
GO:0097094	Amniota	32524.0	root | cellular organisms | Eukaryota | Opisthokonta | Metazoa | Eumetazoa | Bilateria | Deuterostomia | Chordata | Craniata | Vertebrata | Gnathostomata | Teleostomi | Euteleostomi | Sarcopterygii | Dipnotetrapodomorpha | Tetrapoda | Amniota
GO:0005794	Eukaryota	2759.0	root | cellular organisms | Eukaryota
GO:0090395	Embryophyta	3193.0	root | cellular organisms | Eukaryota | Viridiplantae | Streptophyta | Streptophytina | Embryophyta
GO:0045140	Eukaryota	2759.0	root | cellular organisms | Eukaryota
GO:0015839	cellular organisms	131567.0	root | cellular organisms
GO:0010246	Arabidopsis thaliana	3702.0	root | cellular organisms | Eukaryota | Viridiplantae | Streptophyta | Streptophytina | Embryophyta | Tracheophyta | Euphyllophyta | Spermatophyta | Magnoliopsida | Mesangiospermae | eudicotyledons | Gunneridae | Pentapetalae | rosids | malvids | Brassicales | Brassicaceae | Camelineae | Arabidopsis | Arabidopsis thaliana
GO:0035552	Unknown		
GO:0005828	Eukaryota	2759.0	root | cellular organisms | Eukaryota
GO:0061608	cellular organisms	131567.0	root | cellular organisms
GO:0061733	root	1.0	root
GO:0001093	Eukaryota	2759.0	root | cellular organisms | Eukaryota
GO:0004605	cellular organisms	131567.0	root | cellular organisms
GO:0010343	cellular organisms	131567.0	root | cellular organisms
GO:0004523	root	1.0	root
GO:1904668	Eumetazoa	6072.0	root | cellular organisms | Eukaryota | Opisthokonta | Metazoa | Eumetazoa
GO:0044281	Bilateria	33213.0	root | cellular organisms | Eukaryota | Opisthokonta | Metazoa | Eumetazoa | Bilateria
GO:0048827	Embryophyta	3193.0	root | cellular organisms | Eukaryota | Viridiplantae | Streptophyta | Streptophytina | Embryophyta
GO:0046890	cellular organisms	131567.0	root | cellular organisms
GO:0098902	Amniota	32524.0	root | cellular organisms | Eukaryota | Opisthokonta | Metazoa | Eumetazoa | Bilateria | Deuterostomia | Chordata | Craniata | Vertebrata | Gnathostomata | Teleostomi | Euteleostomi | Sarcopterygii | Dipnotetrapodomorpha | Tetrapoda | Amniota
GO:0070085	Unknown		
GO:0045653	Eukaryota	2759.0	root | cellular organisms | Eukaryota
GO:0080060	Mesangiospermae	1437183.0	root | cellular organisms | Eukaryota | Viridiplantae | Streptophyta | Streptophytina | Embryophyta | Tracheophyta | Euphyllophyta | Spermatophyta | Magnoliopsida | Mesangiospermae
GO:0050290	cellular organisms	131567.0	root | cellular organisms
GO:1902969	Eukaryota	2759.0	root | cellular organisms | Eukaryota
GO:0004825	root	1.0	root
GO:0030246	Unknown		3470597
GO:0051258	cellular organisms	131567.0	root | cellular organisms
GO:0017005	cellular organisms	131567.0	root | cellular organisms
GO:0045591	Gnathostomata	7776.0	root | cellular organisms | Eukaryota | Opisthokonta | Metazoa | Eumetazoa | Bilateria | Deuterostomia | Chordata | Craniata | Vertebrata | Gnathostomata
GO:0001650	Eukaryota	2759.0	root | cellular organisms | Eukaryota
GO:0006346	Eukaryota	2759.0	root | cellular organisms | Eukaryota
GO:0007023	cellular organisms	131567.0	root | cellular organisms
GO:0048524	root	1.0	root
GO:0009805	Magnoliopsida	3398.0	root | cellular organisms | Eukaryota | Viridiplantae | Streptophyta | Streptophytina | Embryophyta | Tracheophyta | Euphyllophyta | Spermatophyta | Magnoliopsida
GO:0006551	cellular organisms	131567.0	root | cellular organisms
GO:0001042	Eukaryota	2759.0	root | cellular organisms | Eukaryota
GO:0080116	Embryophyta	3193.0	root | cellular organisms | Eukaryota | Viridiplantae | Streptophyta | Streptophytina | Embryophyta
GO:0036379	Euteleostomi	117571.0	root | cellular organisms | Eukaryota | Opisthokonta | Metazoa | Eumetazoa | Bilateria | Deuterostomia | Chordata | Craniata | Vertebrata | Gnathostomata | Teleostomi | Euteleostomi
GO:0044458	Eukaryota	2759.0	root | cellular organisms | Eukaryota
GO:2000029	Magnoliopsida	3398.0	root | cellular organisms | Eukaryota | Viridiplantae | Streptophyta | Streptophytina | Embryophyta | Tracheophyta | Euphyllophyta | Spermatophyta | Magnoliopsida
GO:0030897	cellular organisms	131567.0	root | cellular organisms
GO:1903298	Bilateria	33213.0	root | cellular organisms | Eukaryota | Opisthokonta | Metazoa | Eumetazoa | Bilateria
GO:0010142	cellular organisms	131567.0	root | cellular organisms
GO:0002906	Amniota	32524.0	root | cellular organisms | Eukaryota | Opisthokonta | Metazoa | Eumetazoa | Bilateria | Deuterostomia | Chordata | Craniata | Vertebrata | Gnathostomata | Teleostomi | Euteleostomi | Sarcopterygii | Dipnotetrapodomorpha | Tetrapoda | Amniota
GO:0033306	cellular organisms	131567.0	root | cellular organisms
GO:1902847	Bilateria	33213.0	root | cellular organisms | Eukaryota | Opisthokonta | Metazoa | Eumetazoa | Bilateria
GO:0004336	cellular organisms	131567.0	root | cellular organisms
GO:0005993	cellular organisms	131567.0	root | cellular organisms
GO:0015760	cellular organisms	131567.0	root | cellular organisms
GO:0090409	cellular organisms	131567.0	root | cellular organisms
GO:0005912	cellular organisms	131567.0	root | cellular organisms
GO:0042304	cellular organisms	131567.0	root | cellular organisms
GO:0046921	cellular organisms	131567.0	root | cellular organisms
GO:0110095	cellular organisms	131567.0	root | cellular organisms
GO:0004363	cellular organisms	131567.0	root | cellular organisms
GO:0140791	Unknown		
GO:0072574	Euteleostomi	117571.0	root | cellular organisms | Eukaryota | Opisthokonta | Metazoa | Eumetazoa | Bilateria | Deuterostomia | Chordata | Craniata | Vertebrata | Gnathostomata | Teleostomi | Euteleostomi
GO:0030915	cellular organisms	131567.0	root | cellular organisms
GO:0048069	Vertebrata	7742.0	root | cellular organisms | Eukaryota | Opisthokonta | Metazoa | Eumetazoa | Bilateria | Deuterostomia | Chordata | Craniata | Vertebrata
GO:0006058	Unknown		
GO:1905786	cellular organisms	131567.0	root | cellular organisms
GO:0010392	Arabidopsis thaliana	3702.0	root | cellular organisms | Eukaryota | Viridiplantae | Streptophyta | Streptophytina | Embryophyta | Tracheophyta | Euphyllophyta | Spermatophyta | Magnoliopsida | Mesangiospermae | eudicotyledons | Gunneridae | Pentapetalae | rosids | malvids | Brassicales | Brassicaceae | Camelineae | Arabidopsis | Arabidopsis thaliana
GO:1903672	Euteleostomi	117571.0	root | cellular organisms | Eukaryota | Opisthokonta | Metazoa | Eumetazoa | Bilateria | Deuterostomia | Chordata | Craniata | Vertebrata | Gnathostomata | Teleostomi | Euteleostomi
GO:0006007	cellular organisms	131567.0	root | cellular organisms
GO:0015798	cellular organisms	131567.0	root | cellular organisms
GO:0006580	cellular organisms	131567.0	root | cellular organisms
GO:0090651	Eukaryota	2759.0	root | cellular organisms | Eukaryota
GO:0043202	Eukaryota	2759.0	root | cellular organisms | Eukaryota
GO:0019774	cellular organisms	131567.0	root | cellular organisms
GO:0006487	cellular organisms	131567.0	root | cellular organisms
GO:0019886	Gnathostomata	7776.0	root | cellular organisms | Eukaryota | Opisthokonta | Metazoa | Eumetazoa | Bilateria | Deuterostomia | Chordata | Craniata | Vertebrata | Gnathostomata
GO:0010582	Magnoliopsida	3398.0	root | cellular organisms | Eukaryota | Viridiplantae | Streptophyta | Streptophytina | Embryophyta | Tracheophyta | Euphyllophyta | Spermatophyta | Magnoliopsida
GO:0039663	Unknown		3470597
GO:0043931	Vertebrata	7742.0	root | cellular organisms | Eukaryota | Opisthokonta | Metazoa | Eumetazoa | Bilateria | Deuterostomia | Chordata | Craniata | Vertebrata
GO:0006457	root	1.0	root
GO:0043280	Unknown		
GO:0097339	cellular organisms	131567.0	root | cellular organisms
GO:0007512	Bilateria	33213.0	root | cellular organisms | Eukaryota | Opisthokonta | Metazoa | Eumetazoa | Bilateria
GO:1905255	Unknown		
GO:0047268	Mesangiospermae	1437183.0	root | cellular organisms | Eukaryota | Viridiplantae | Streptophyta | Streptophytina | Embryophyta | Tracheophyta | Euphyllophyta | Spermatophyta | Magnoliopsida | Mesangiospermae
GO:0016471	cellular organisms	131567.0	root | cellular organisms
GO:0048573	Magnoliopsida	3398.0	root | cellular organisms | Eukaryota | Viridiplantae | Streptophyta | Streptophytina | Embryophyta | Tracheophyta | Euphyllophyta | Spermatophyta | Magnoliopsida
GO:0090734	Eukaryota	2759.0	root | cellular organisms | Eukaryota
GO:0016531	cellular organisms	131567.0	root | cellular organisms
GO:0030681	root	1.0	root
GO:0006354	root	1.0	root
GO:0031674	Eumetazoa	6072.0	root | cellular organisms | Eukaryota | Opisthokonta | Metazoa | Eumetazoa
GO:0000412	Unknown		
GO:1901698	Mesangiospermae	1437183.0	root | cellular organisms | Eukaryota | Viridiplantae | Streptophyta | Streptophytina | Embryophyta | Tracheophyta | Euphyllophyta | Spermatophyta | Magnoliopsida | Mesangiospermae
GO:0009897	cellular organisms	131567.0	root | cellular organisms
GO:0015910	cellular organisms	131567.0	root | cellular organisms
GO:0043014	root	1.0	root
GO:0009825	Eukaryota	2759.0	root | cellular organisms | Eukaryota
GO:0006361	cellular organisms	131567.0	root | cellular organisms
GO:0051865	cellular organisms	131567.0	root | cellular organisms
GO:0003991	cellular organisms	131567.0	root | cellular organisms
GO:0004152	root	1.0	root
GO:0008137	root	1.0	root
GO:0043078	Viridiplantae	33090.0	root | cellular organisms | Eukaryota | Viridiplantae
GO:0005774	cellular organisms	131567.0	root | cellular organisms
GO:0016538	root	1.0	root
GO:0019372	Eukaryota	2759.0	root | cellular organisms | Eukaryota
GO:0035096	Drosophila	7215.0	root | cellular organisms | Eukaryota | Opisthokonta | Metazoa | Eumetazoa | Bilateria | Protostomia | Ecdysozoa | Panarthropoda | Arthropoda | Mandibulata | Pancrustacea | Altocrustacea | Allotriocarida | Hexapoda | Insecta | Dicondylia | Pterygota | Neoptera | Eumetabola | Endopterygota | Aparaglossata | Panorpida | Diptera | Brachycera | Muscomorpha | Eremoneura | Cyclorrhapha | Schizophora | Acalyptratae | Ephydroidea | Drosophilidae | Drosophilinae | Drosophilini | Drosophila
GO:0030060	cellular organisms	131567.0	root | cellular organisms
GO:0009010	cellular organisms	131567.0	root | cellular organisms
GO:1901532	Euteleostomi	117571.0	root | cellular organisms | Eukaryota | Opisthokonta | Metazoa | Eumetazoa | Bilateria | Deuterostomia | Chordata | Craniata | Vertebrata | Gnathostomata | Teleostomi | Euteleostomi
GO:0102531	Ecdysozoa	1206794.0	root | cellular organisms | Eukaryota | Opisthokonta | Metazoa | Eumetazoa | Bilateria | Protostomia | Ecdysozoa
GO:0033699	Eukaryota	2759.0	root | cellular organisms | Eukaryota
GO:0071559	Amniota	32524.0	root | cellular organisms | Eukaryota | Opisthokonta | Metazoa | Eumetazoa | Bilateria | Deuterostomia | Chordata | Craniata | Vertebrata | Gnathostomata | Teleostomi | Euteleostomi | Sarcopterygii | Dipnotetrapodomorpha | Tetrapoda | Amniota
GO:0010696	Opisthokonta	33154.0	root | cellular organisms | Eukaryota | Opisthokonta
GO:0007620	Bilateria	33213.0	root | cellular organisms | Eukaryota | Opisthokonta | Metazoa | Eumetazoa | Bilateria
GO:0038024	cellular organisms	131567.0	root | cellular organisms
GO:0004747	root	1.0	root
GO:0042325	root	1.0	root
GO:0019521	root	1.0	root
GO:0005509	root	1.0	root
GO:0008355	Bilateria	33213.0	root | cellular organisms | Eukaryota | Opisthokonta | Metazoa | Eumetazoa | Bilateria
GO:0010497	Viridiplantae	33090.0	root | cellular organisms | Eukaryota | Viridiplantae
GO:0031594	Eukaryota	2759.0	root | cellular organisms | Eukaryota
GO:0000413	cellular organisms	131567.0	root | cellular organisms
GO:0035545	Bilateria	33213.0	root | cellular organisms | Eukaryota | Opisthokonta | Metazoa | Eumetazoa | Bilateria
GO:0000288	cellular organisms	131567.0	root | cellular organisms
GO:0034364	cellular organisms	131567.0	root | cellular organisms
GO:0030148	root	1.0	root
GO:0140262	Bilateria	33213.0	root | cellular organisms | Eukaryota | Opisthokonta | Metazoa | Eumetazoa | Bilateria
GO:0045053	Eukaryota	2759.0	root | cellular organisms | Eukaryota
GO:1900452	Amniota	32524.0	root | cellular organisms | Eukaryota | Opisthokonta | Metazoa | Eumetazoa | Bilateria | Deuterostomia | Chordata | Craniata | Vertebrata | Gnathostomata | Teleostomi | Euteleostomi | Sarcopterygii | Dipnotetrapodomorpha | Tetrapoda | Amniota
GO:0090421	Arabidopsis thaliana	3702.0	root | cellular organisms | Eukaryota | Viridiplantae | Streptophyta | Streptophytina | Embryophyta | Tracheophyta | Euphyllophyta | Spermatophyta | Magnoliopsida | Mesangiospermae | eudicotyledons | Gunneridae | Pentapetalae | rosids | malvids | Brassicales | Brassicaceae | Camelineae | Arabidopsis | Arabidopsis thaliana
GO:1904408	Eukaryota	2759.0	root | cellular organisms | Eukaryota
GO:0070286	Eukaryota	2759.0	root | cellular organisms | Eukaryota
GO:0004198	root	1.0	root
GO:0043668	Spermatophyta	58024.0	root | cellular organisms | Eukaryota | Viridiplantae | Streptophyta | Streptophytina | Embryophyta | Tracheophyta | Euphyllophyta | Spermatophyta
GO:0005934	Fungi	4751.0	root | cellular organisms | Eukaryota | Opisthokonta | Fungi
GO:0000910	Unknown		
GO:0006032	root	1.0	root
GO:0003848	root	1.0	root
GO:0019146	root	1.0	root
GO:0016747	root	1.0	root
GO:0043086	Eukaryota	2759.0	root | cellular organisms | Eukaryota
GO:0000155	root	1.0	root
GO:1900369	Eukaryota	2759.0	root | cellular organisms | Eukaryota
GO:0030968	root	1.0	root
GO:0047312	Eukaryota	2759.0	root | cellular organisms | Eukaryota
GO:0008409	root	1.0	root
GO:0042641	Eukaryota	2759.0	root | cellular organisms | Eukaryota
GO:0032440	cellular organisms	131567.0	root | cellular organisms
GO:0033499	cellular organisms	131567.0	root | cellular organisms
GO:0033984	Mesangiospermae	1437183.0	root | cellular organisms | Eukaryota | Viridiplantae | Streptophyta | Streptophytina | Embryophyta | Tracheophyta | Euphyllophyta | Spermatophyta | Magnoliopsida | Mesangiospermae
GO:0001964	Bilateria	33213.0	root | cellular organisms | Eukaryota | Opisthokonta | Metazoa | Eumetazoa | Bilateria
GO:0031034	Eukaryota	2759.0	root | cellular organisms | Eukaryota
GO:0010192	Arabidopsis thaliana	3702.0	root | cellular organisms | Eukaryota | Viridiplantae | Streptophyta | Streptophytina | Embryophyta | Tracheophyta | Euphyllophyta | Spermatophyta | Magnoliopsida | Mesangiospermae | eudicotyledons | Gunneridae | Pentapetalae | rosids | malvids | Brassicales | Brassicaceae | Camelineae | Arabidopsis | Arabidopsis thaliana
GO:0048072	Drosophila	7215.0	root | cellular organisms | Eukaryota | Opisthokonta | Metazoa | Eumetazoa | Bilateria | Protostomia | Ecdysozoa | Panarthropoda | Arthropoda | Mandibulata | Pancrustacea | Altocrustacea | Allotriocarida | Hexapoda | Insecta | Dicondylia | Pterygota | Neoptera | Eumetabola | Endopterygota | Aparaglossata | Panorpida | Diptera | Brachycera | Muscomorpha | Eremoneura | Cyclorrhapha | Schizophora | Acalyptratae | Ephydroidea | Drosophilidae | Drosophilinae | Drosophilini | Drosophila
GO:0010381	Arabidopsis thaliana	3702.0	root | cellular organisms | Eukaryota | Viridiplantae | Streptophyta | Streptophytina | Embryophyta | Tracheophyta | Euphyllophyta | Spermatophyta | Magnoliopsida | Mesangiospermae | eudicotyledons | Gunneridae | Pentapetalae | rosids | malvids | Brassicales | Brassicaceae | Camelineae | Arabidopsis | Arabidopsis thaliana
GO:0070458	cellular organisms	131567.0	root | cellular organisms
GO:0019101	Bilateria	33213.0	root | cellular organisms | Eukaryota | Opisthokonta | Metazoa | Eumetazoa | Bilateria
GO:0014832	Amniota	32524.0	root | cellular organisms | Eukaryota | Opisthokonta | Metazoa | Eumetazoa | Bilateria | Deuterostomia | Chordata | Craniata | Vertebrata | Gnathostomata | Teleostomi | Euteleostomi | Sarcopterygii | Dipnotetrapodomorpha | Tetrapoda | Amniota
GO:0048306	root	1.0	root
GO:0030951	Eukaryota	2759.0	root | cellular organisms | Eukaryota
GO:0006122	cellular organisms	131567.0	root | cellular organisms
GO:0005544	root	1.0	root
GO:0004780	cellular organisms	131567.0	root | cellular organisms
GO:1902981	Unknown		
GO:0015967	cellular organisms	131567.0	root | cellular organisms
GO:0042762	cellular organisms	131567.0	root | cellular organisms
GO:0072699	Eukaryota	2759.0	root | cellular organisms | Eukaryota
GO:0021799	Amniota	32524.0	root | cellular organisms | Eukaryota | Opisthokonta | Metazoa | Eumetazoa | Bilateria | Deuterostomia | Chordata | Craniata | Vertebrata | Gnathostomata | Teleostomi | Euteleostomi | Sarcopterygii | Dipnotetrapodomorpha | Tetrapoda | Amniota
GO:0061740	Gnathostomata	7776.0	root | cellular organisms | Eukaryota | Opisthokonta | Metazoa | Eumetazoa | Bilateria | Deuterostomia | Chordata | Craniata | Vertebrata | Gnathostomata
GO:0004813	root	1.0	root
GO:1900108	Vertebrata	7742.0	root | cellular organisms | Eukaryota | Opisthokonta | Metazoa | Eumetazoa | Bilateria | Deuterostomia | Chordata | Craniata | Vertebrata
GO:0010031	Spermatophyta	58024.0	root | cellular organisms | Eukaryota | Viridiplantae | Streptophyta | Streptophytina | Embryophyta | Tracheophyta | Euphyllophyta | Spermatophyta
GO:0000026	cellular organisms	131567.0	root | cellular organisms
GO:0031129	Eukaryota	2759.0	root | cellular organisms | Eukaryota
GO:0034198	root	1.0	root
GO:0042221	Unknown		
GO:0007205	Unknown		
GO:0004588	root	1.0	root
GO:0080132	root	1.0	root
GO:0071933	cellular organisms	131567.0	root | cellular organisms
GO:0051693	Eukaryota	2759.0	root | cellular organisms | Eukaryota
GO:0043864	Magnoliopsida	3398.0	root | cellular organisms | Eukaryota | Viridiplantae | Streptophyta | Streptophytina | Embryophyta | Tracheophyta | Euphyllophyta | Spermatophyta | Magnoliopsida
GO:0001174	Eukaryota	2759.0	root | cellular organisms | Eukaryota
GO:0098711	cellular organisms	131567.0	root | cellular organisms
GO:0042802	Unknown		3470597
GO:0033189	Amniota	32524.0	root | cellular organisms | Eukaryota | Opisthokonta | Metazoa | Eumetazoa | Bilateria | Deuterostomia | Chordata | Craniata | Vertebrata | Gnathostomata | Teleostomi | Euteleostomi | Sarcopterygii | Dipnotetrapodomorpha | Tetrapoda | Amniota
GO:0006673	Eukaryota	2759.0	root | cellular organisms | Eukaryota
GO:1901918	Unknown		
GO:0019100	Bilateria	33213.0	root | cellular organisms | Eukaryota | Opisthokonta | Metazoa | Eumetazoa | Bilateria
GO:0000461	Eukaryota	2759.0	root | cellular organisms | Eukaryota
GO:0005637	Eukaryota	2759.0	root | cellular organisms | Eukaryota
GO:1905933	Magnoliopsida	3398.0	root | cellular organisms | Eukaryota | Viridiplantae | Streptophyta | Streptophytina | Embryophyta | Tracheophyta | Euphyllophyta | Spermatophyta | Magnoliopsida
GO:0010275	cellular organisms	131567.0	root | cellular organisms
GO:0008732	cellular organisms	131567.0	root | cellular organisms
GO:0015386	root	1.0	root
GO:0090263	cellular organisms	131567.0	root | cellular organisms
GO:0060862	Magnoliopsida	3398.0	root | cellular organisms | Eukaryota | Viridiplantae | Streptophyta | Streptophytina | Embryophyta | Tracheophyta | Euphyllophyta | Spermatophyta | Magnoliopsida
GO:1904894	Eukaryota	2759.0	root | cellular organisms | Eukaryota
GO:0019808	cellular organisms	131567.0	root | cellular organisms
GO:0031528	Bilateria	33213.0	root | cellular organisms | Eukaryota | Opisthokonta | Metazoa | Eumetazoa | Bilateria
GO:0002031	Eukaryota	2759.0	root | cellular organisms | Eukaryota
GO:0017025	root	1.0	root
GO:0102996	Unknown		
GO:0000703	cellular organisms	131567.0	root | cellular organisms
GO:0043414	Euarchontoglires	314146.0	root | cellular organisms | Eukaryota | Opisthokonta | Metazoa | Eumetazoa | Bilateria | Deuterostomia | Chordata | Craniata | Vertebrata | Gnathostomata | Teleostomi | Euteleostomi | Sarcopterygii | Dipnotetrapodomorpha | Tetrapoda | Amniota | Mammalia | Theria | Eutheria | Boreoeutheria | Euarchontoglires
GO:0031463	Eukaryota	2759.0	root | cellular organisms | Eukaryota
GO:0045841	Eukaryota	2759.0	root | cellular organisms | Eukaryota
GO:0071432	Unknown		
GO:1902097	Unknown		
GO:0008495	cellular organisms	131567.0	root | cellular organisms
GO:0071566	cellular organisms	131567.0	root | cellular organisms
GO:1904430	cellular organisms	131567.0	root | cellular organisms
GO:0052630	cellular organisms	131567.0	root | cellular organisms
GO:0009773	root	1.0	root
GO:0006406	cellular organisms	131567.0	root | cellular organisms
GO:0050794	Unknown		
GO:0010301	cellular organisms	131567.0	root | cellular organisms
GO:0004781	root	1.0	root
GO:0000346	Eukaryota	2759.0	root | cellular organisms | Eukaryota
GO:1905477	Opisthokonta	33154.0	root | cellular organisms | Eukaryota | Opisthokonta
GO:0010205	rosids	71275.0	root | cellular organisms | Eukaryota | Viridiplantae | Streptophyta | Streptophytina | Embryophyta | Tracheophyta | Euphyllophyta | Spermatophyta | Magnoliopsida | Mesangiospermae | eudicotyledons | Gunneridae | Pentapetalae | rosids
GO:0001541	Vertebrata	7742.0	root | cellular organisms | Eukaryota | Opisthokonta | Metazoa | Eumetazoa | Bilateria | Deuterostomia | Chordata | Craniata | Vertebrata
GO:0106333	Bilateria	33213.0	root | cellular organisms | Eukaryota | Opisthokonta | Metazoa | Eumetazoa | Bilateria
GO:0048578	Magnoliopsida	3398.0	root | cellular organisms | Eukaryota | Viridiplantae | Streptophyta | Streptophytina | Embryophyta | Tracheophyta | Euphyllophyta | Spermatophyta | Magnoliopsida
GO:0010239	Viridiplantae	33090.0	root | cellular organisms | Eukaryota | Viridiplantae
GO:1990162	Unknown		
GO:0004149	cellular organisms	131567.0	root | cellular organisms
GO:0120010	cellular organisms	131567.0	root | cellular organisms
GO:0030122	Eukaryota	2759.0	root | cellular organisms | Eukaryota
GO:0033919	cellular organisms	131567.0	root | cellular organisms
GO:0010366	Magnoliopsida	3398.0	root | cellular organisms | Eukaryota | Viridiplantae | Streptophyta | Streptophytina | Embryophyta | Tracheophyta | Euphyllophyta | Spermatophyta | Magnoliopsida
GO:2000031	Eukaryota	2759.0	root | cellular organisms | Eukaryota
GO:0080040	cellular organisms	131567.0	root | cellular organisms
GO:0080009	Unknown		
GO:0042149	cellular organisms	131567.0	root | cellular organisms
GO:0045951	Eukaryota	2759.0	root | cellular organisms | Eukaryota
GO:0055089	Eukaryota	2759.0	root | cellular organisms | Eukaryota
GO:0044163	root	1.0	root
GO:0001405	Eukaryota	2759.0	root | cellular organisms | Eukaryota
GO:0010285	cellular organisms	131567.0	root | cellular organisms
GO:0102652	Unknown		
GO:0010380	Viridiplantae	33090.0	root | cellular organisms | Eukaryota | Viridiplantae
GO:0000775	cellular organisms	131567.0	root | cellular organisms
GO:0032807	Eukaryota	2759.0	root | cellular organisms | Eukaryota
GO:0009820	cellular organisms	131567.0	root | cellular organisms
GO:0004017	cellular organisms	131567.0	root | cellular organisms
GO:0000717	Unknown		
GO:0072583	cellular organisms	131567.0	root | cellular organisms
GO:0006936	Eukaryota	2759.0	root | cellular organisms | Eukaryota
GO:0044070	Eukaryota	2759.0	root | cellular organisms | Eukaryota
GO:0035115	Tetrapoda	32523.0	root | cellular organisms | Eukaryota | Opisthokonta | Metazoa | Eumetazoa | Bilateria | Deuterostomia | Chordata | Craniata | Vertebrata | Gnathostomata | Teleostomi | Euteleostomi | Sarcopterygii | Dipnotetrapodomorpha | Tetrapoda
GO:0031313	Amniota	32524.0	root | cellular organisms | Eukaryota | Opisthokonta | Metazoa | Eumetazoa | Bilateria | Deuterostomia | Chordata | Craniata | Vertebrata | Gnathostomata | Teleostomi | Euteleostomi | Sarcopterygii | Dipnotetrapodomorpha | Tetrapoda | Amniota
GO:0005502	Vertebrata	7742.0	root | cellular organisms | Eukaryota | Opisthokonta | Metazoa | Eumetazoa | Bilateria | Deuterostomia | Chordata | Craniata | Vertebrata
GO:0034142	Eukaryota	2759.0	root | cellular organisms | Eukaryota
GO:0061676	root	1.0	root
GO:0031571	Opisthokonta	33154.0	root | cellular organisms | Eukaryota | Opisthokonta
GO:0015816	cellular organisms	131567.0	root | cellular organisms
GO:1905575	Amniota	32524.0	root | cellular organisms | Eukaryota | Opisthokonta | Metazoa | Eumetazoa | Bilateria | Deuterostomia | Chordata | Craniata | Vertebrata | Gnathostomata | Teleostomi | Euteleostomi | Sarcopterygii | Dipnotetrapodomorpha | Tetrapoda | Amniota
GO:0010119	cellular organisms	131567.0	root | cellular organisms
GO:0051491	cellular organisms	131567.0	root | cellular organisms
GO:0000049	root	1.0	root
GO:0007089	Opisthokonta	33154.0	root | cellular organisms | Eukaryota | Opisthokonta
GO:0009749	cellular organisms	131567.0	root | cellular organisms
GO:2001070	cellular organisms	131567.0	root | cellular organisms
GO:0008121	cellular organisms	131567.0	root | cellular organisms
GO:0050408	Arabidopsis thaliana	3702.0	root | cellular organisms | Eukaryota | Viridiplantae | Streptophyta | Streptophytina | Embryophyta | Tracheophyta | Euphyllophyta | Spermatophyta | Magnoliopsida | Mesangiospermae | eudicotyledons | Gunneridae | Pentapetalae | rosids | malvids | Brassicales | Brassicaceae | Camelineae | Arabidopsis | Arabidopsis thaliana
GO:1903850	Euteleostomi	117571.0	root | cellular organisms | Eukaryota | Opisthokonta | Metazoa | Eumetazoa | Bilateria | Deuterostomia | Chordata | Craniata | Vertebrata | Gnathostomata | Teleostomi | Euteleostomi
GO:0006521	cellular organisms	131567.0	root | cellular organisms
GO:0070187	Eukaryota	2759.0	root | cellular organisms | Eukaryota
GO:0005668	Eukaryota	2759.0	root | cellular organisms | Eukaryota
GO:0010823	Unknown		
GO:0008097	cellular organisms	131567.0	root | cellular organisms
GO:0046570	cellular organisms	131567.0	root | cellular organisms
GO:0071816	cellular organisms	131567.0	root | cellular organisms
GO:0032215	Fungi	4751.0	root | cellular organisms | Eukaryota | Opisthokonta | Fungi
GO:0060184	Eukaryota	2759.0	root | cellular organisms | Eukaryota
GO:0031054	cellular organisms	131567.0	root | cellular organisms
GO:0045430	cellular organisms	131567.0	root | cellular organisms
GO:1900036	cellular organisms	131567.0	root | cellular organisms
GO:0009399	cellular organisms	131567.0	root | cellular organisms
GO:2000022	Eukaryota	2759.0	root | cellular organisms | Eukaryota
GO:0047913	rosids	71275.0	root | cellular organisms | Eukaryota | Viridiplantae | Streptophyta | Streptophytina | Embryophyta | Tracheophyta | Euphyllophyta | Spermatophyta | Magnoliopsida | Mesangiospermae | eudicotyledons | Gunneridae | Pentapetalae | rosids
GO:0009753	Viridiplantae	33090.0	root | cellular organisms | Eukaryota | Viridiplantae
GO:0005267	root	1.0	root
GO:0040009	cellular organisms	131567.0	root | cellular organisms
GO:0102070	Unknown		
GO:0061518	Amniota	32524.0	root | cellular organisms | Eukaryota | Opisthokonta | Metazoa | Eumetazoa | Bilateria | Deuterostomia | Chordata | Craniata | Vertebrata | Gnathostomata | Teleostomi | Euteleostomi | Sarcopterygii | Dipnotetrapodomorpha | Tetrapoda | Amniota
GO:0006636	root	1.0	root
GO:0102454	asterids	71274.0	root | cellular organisms | Eukaryota | Viridiplantae | Streptophyta | Streptophytina | Embryophyta | Tracheophyta | Euphyllophyta | Spermatophyta | Magnoliopsida | Mesangiospermae | eudicotyledons | Gunneridae | Pentapetalae | asterids
GO:0000325	Viridiplantae	33090.0	root | cellular organisms | Eukaryota | Viridiplantae
GO:0004090	cellular organisms	131567.0	root | cellular organisms
GO:0002949	root	1.0	root
GO:0036501	Chordata	7711.0	root | cellular organisms | Eukaryota | Opisthokonta | Metazoa | Eumetazoa | Bilateria | Deuterostomia | Chordata
GO:0010254	Arabidopsis thaliana	3702.0	root | cellular organisms | Eukaryota | Viridiplantae | Streptophyta | Streptophytina | Embryophyta | Tracheophyta | Euphyllophyta | Spermatophyta | Magnoliopsida | Mesangiospermae | eudicotyledons | Gunneridae | Pentapetalae | rosids | malvids | Brassicales | Brassicaceae | Camelineae | Arabidopsis | Arabidopsis thaliana
GO:0008252	cellular organisms	131567.0	root | cellular organisms
GO:0006241	root	1.0	root
GO:0070370	cellular organisms	131567.0	root | cellular organisms
GO:0070207	cellular organisms	131567.0	root | cellular organisms
GO:0007637	Drosophila	7215.0	root | cellular organisms | Eukaryota | Opisthokonta | Metazoa | Eumetazoa | Bilateria | Protostomia | Ecdysozoa | Panarthropoda | Arthropoda | Mandibulata | Pancrustacea | Altocrustacea | Allotriocarida | Hexapoda | Insecta | Dicondylia | Pterygota | Neoptera | Eumetabola | Endopterygota | Aparaglossata | Panorpida | Diptera | Brachycera | Muscomorpha | Eremoneura | Cyclorrhapha | Schizophora | Acalyptratae | Ephydroidea | Drosophilidae | Drosophilinae | Drosophilini | Drosophila
GO:0006315	cellular organisms	131567.0	root | cellular organisms
GO:0001701	Theria	32525.0	root | cellular organisms | Eukaryota | Opisthokonta | Metazoa | Eumetazoa | Bilateria | Deuterostomia | Chordata | Craniata | Vertebrata | Gnathostomata | Teleostomi | Euteleostomi | Sarcopterygii | Dipnotetrapodomorpha | Tetrapoda | Amniota | Mammalia | Theria
GO:0048476	cellular organisms	131567.0	root | cellular organisms
GO:0003914	cellular organisms	131567.0	root | cellular organisms
GO:0097035	Eukaryota	2759.0	root | cellular organisms | Eukaryota
GO:0061644	Opisthokonta	33154.0	root | cellular organisms | Eukaryota | Opisthokonta
GO:0051014	cellular organisms	131567.0	root | cellular organisms
GO:0048787	Eumetazoa	6072.0	root | cellular organisms | Eukaryota | Opisthokonta | Metazoa | Eumetazoa
GO:0030683	Unknown		
GO:0033148	Eumetazoa	6072.0	root | cellular organisms | Eukaryota | Opisthokonta | Metazoa | Eumetazoa
GO:0048700	Arabidopsis thaliana	3702.0	root | cellular organisms | Eukaryota | Viridiplantae | Streptophyta | Streptophytina | Embryophyta | Tracheophyta | Euphyllophyta | Spermatophyta | Magnoliopsida | Mesangiospermae | eudicotyledons | Gunneridae | Pentapetalae | rosids | malvids | Brassicales | Brassicaceae | Camelineae | Arabidopsis | Arabidopsis thaliana
GO:0005261	root	1.0	root
GO:1903507	Unknown		
GO:0008928	cellular organisms	131567.0	root | cellular organisms
GO:0051246	root	1.0	root
GO:0071034	cellular organisms	131567.0	root | cellular organisms
GO:0005815	cellular organisms	131567.0	root | cellular organisms
GO:0008209	cellular organisms	131567.0	root | cellular organisms
GO:0005744	Eukaryota	2759.0	root | cellular organisms | Eukaryota
GO:1902607	Murinae	39107.0	root | cellular organisms | Eukaryota | Opisthokonta | Metazoa | Eumetazoa | Bilateria | Deuterostomia | Chordata | Craniata | Vertebrata | Gnathostomata | Teleostomi | Euteleostomi | Sarcopterygii | Dipnotetrapodomorpha | Tetrapoda | Amniota | Mammalia | Theria | Eutheria | Boreoeutheria | Euarchontoglires | Glires | Rodentia | Myomorpha | Muroidea | Muridae | Murinae
GO:0031021	Eukaryota	2759.0	root | cellular organisms | Eukaryota
GO:1990145	cellular organisms	131567.0	root | cellular organisms
GO:1990385	Eukaryota	2759.0	root | cellular organisms | Eukaryota
GO:0005721	Eukaryota	2759.0	root | cellular organisms | Eukaryota
GO:0000289	Eukaryota	2759.0	root | cellular organisms | Eukaryota
GO:0015616	cellular organisms	131567.0	root | cellular organisms
GO:0016429	Unknown		
GO:0021794	Euteleostomi	117571.0	root | cellular organisms | Eukaryota | Opisthokonta | Metazoa | Eumetazoa | Bilateria | Deuterostomia | Chordata | Craniata | Vertebrata | Gnathostomata | Teleostomi | Euteleostomi
GO:0001886	Gnathostomata	7776.0	root | cellular organisms | Eukaryota | Opisthokonta | Metazoa | Eumetazoa | Bilateria | Deuterostomia | Chordata | Craniata | Vertebrata | Gnathostomata
GO:0008521	cellular organisms	131567.0	root | cellular organisms
GO:0046509	cellular organisms	131567.0	root | cellular organisms
GO:0090408	Arabidopsis thaliana	3702.0	root | cellular organisms | Eukaryota | Viridiplantae | Streptophyta | Streptophytina | Embryophyta | Tracheophyta | Euphyllophyta | Spermatophyta | Magnoliopsida | Mesangiospermae | eudicotyledons | Gunneridae | Pentapetalae | rosids | malvids | Brassicales | Brassicaceae | Camelineae | Arabidopsis | Arabidopsis thaliana
GO:0001772	Gnathostomata	7776.0	root | cellular organisms | Eukaryota | Opisthokonta | Metazoa | Eumetazoa | Bilateria | Deuterostomia | Chordata | Craniata | Vertebrata | Gnathostomata
GO:0102857	Unknown		
GO:0005159	cellular organisms	131567.0	root | cellular organisms
GO:0036166	Opisthokonta	33154.0	root | cellular organisms | Eukaryota | Opisthokonta
GO:0019150	cellular organisms	131567.0	root | cellular organisms
GO:0019185	cellular organisms	131567.0	root | cellular organisms
GO:0048769	Vertebrata	7742.0	root | cellular organisms | Eukaryota | Opisthokonta | Metazoa | Eumetazoa | Bilateria | Deuterostomia | Chordata | Craniata | Vertebrata
GO:0016629	cellular organisms	131567.0	root | cellular organisms
GO:0010489	Eukaryota	2759.0	root | cellular organisms | Eukaryota
GO:0042803	root	1.0	root
GO:0046524	cellular organisms	131567.0	root | cellular organisms
GO:0042371	cellular organisms	131567.0	root | cellular organisms
GO:0016762	Eukaryota	2759.0	root | cellular organisms | Eukaryota
GO:0061178	Bilateria	33213.0	root | cellular organisms | Eukaryota | Opisthokonta | Metazoa | Eumetazoa | Bilateria
GO:0031409	cellular organisms	131567.0	root | cellular organisms
GO:0001664	cellular organisms	131567.0	root | cellular organisms
GO:0006446	cellular organisms	131567.0	root | cellular organisms
GO:0044030	Unknown		
GO:0031005	Eukaryota	2759.0	root | cellular organisms | Eukaryota
GO:0009851	cellular organisms	131567.0	root | cellular organisms
GO:0007282	Drosophila	7215.0	root | cellular organisms | Eukaryota | Opisthokonta | Metazoa | Eumetazoa | Bilateria | Protostomia | Ecdysozoa | Panarthropoda | Arthropoda | Mandibulata | Pancrustacea | Altocrustacea | Allotriocarida | Hexapoda | Insecta | Dicondylia | Pterygota | Neoptera | Eumetabola | Endopterygota | Aparaglossata | Panorpida | Diptera | Brachycera | Muscomorpha | Eremoneura | Cyclorrhapha | Schizophora | Acalyptratae | Ephydroidea | Drosophilidae | Drosophilinae | Drosophilini | Drosophila
GO:0048030	Eukaryota	2759.0	root | cellular organisms | Eukaryota
GO:0045110	Eukaryota	2759.0	root | cellular organisms | Eukaryota
GO:0106372	Brassicaceae	3700.0	root | cellular organisms | Eukaryota | Viridiplantae | Streptophyta | Streptophytina | Embryophyta | Tracheophyta | Euphyllophyta | Spermatophyta | Magnoliopsida | Mesangiospermae | eudicotyledons | Gunneridae | Pentapetalae | rosids | malvids | Brassicales | Brassicaceae
GO:0034164	root	1.0	root
GO:0032391	Bilateria	33213.0	root | cellular organisms | Eukaryota | Opisthokonta | Metazoa | Eumetazoa | Bilateria
GO:0005789	root	1.0	root
GO:0044662	Unknown		
GO:1900407	cellular organisms	131567.0	root | cellular organisms
GO:0048263	Eukaryota	2759.0	root | cellular organisms | Eukaryota
GO:0052622	Magnoliopsida	3398.0	root | cellular organisms | Eukaryota | Viridiplantae | Streptophyta | Streptophytina | Embryophyta | Tracheophyta | Euphyllophyta | Spermatophyta | Magnoliopsida
GO:0001673	Eukaryota	2759.0	root | cellular organisms | Eukaryota
GO:0031676	Bacteria	2.0	root | cellular organisms | Bacteria
GO:0044732	Eukaryota	2759.0	root | cellular organisms | Eukaryota
GO:0098710	cellular organisms	131567.0	root | cellular organisms
GO:0004518	Unknown		3470597
GO:0006103	cellular organisms	131567.0	root | cellular organisms
GO:1902198	Solanum tuberosum	4113.0	root | cellular organisms | Eukaryota | Viridiplantae | Streptophyta | Streptophytina | Embryophyta | Tracheophyta | Euphyllophyta | Spermatophyta | Magnoliopsida | Mesangiospermae | eudicotyledons | Gunneridae | Pentapetalae | asterids | lamiids | Solanales | Solanaceae | Solanoideae | Solaneae | Solanum | Solanum tuberosum
GO:0036529	Unknown		
GO:0009973	root	1.0	root
GO:0010117	cellular organisms	131567.0	root | cellular organisms
GO:0032979	Eukaryota	2759.0	root | cellular organisms | Eukaryota
GO:0009717	rosids	71275.0	root | cellular organisms | Eukaryota | Viridiplantae | Streptophyta | Streptophytina | Embryophyta | Tracheophyta | Euphyllophyta | Spermatophyta | Magnoliopsida | Mesangiospermae | eudicotyledons | Gunneridae | Pentapetalae | rosids
GO:0048316	Spermatophyta	58024.0	root | cellular organisms | Eukaryota | Viridiplantae | Streptophyta | Streptophytina | Embryophyta | Tracheophyta | Euphyllophyta | Spermatophyta
GO:0080028	Eukaryota	2759.0	root | cellular organisms | Eukaryota
GO:0004066	root	1.0	root
GO:0009924	Unknown		
GO:0046029	cellular organisms	131567.0	root | cellular organisms
GO:2000025	Viridiplantae	33090.0	root | cellular organisms | Eukaryota | Viridiplantae
GO:0032594	Eukaryota	2759.0	root | cellular organisms | Eukaryota
GO:0098536	Euteleostomi	117571.0	root | cellular organisms | Eukaryota | Opisthokonta | Metazoa | Eumetazoa | Bilateria | Deuterostomia | Chordata | Craniata | Vertebrata | Gnathostomata | Teleostomi | Euteleostomi
GO:0004491	cellular organisms	131567.0	root | cellular organisms
GO:0045736	Eukaryota	2759.0	root | cellular organisms | Eukaryota
GO:0030029	Eukaryota	2759.0	root | cellular organisms | Eukaryota
GO:0003676	Unknown		3470597
GO:0061627	cellular organisms	131567.0	root | cellular organisms
GO:0008948	cellular organisms	131567.0	root | cellular organisms
GO:0034441	Amniota	32524.0	root | cellular organisms | Eukaryota | Opisthokonta | Metazoa | Eumetazoa | Bilateria | Deuterostomia | Chordata | Craniata | Vertebrata | Gnathostomata | Teleostomi | Euteleostomi | Sarcopterygii | Dipnotetrapodomorpha | Tetrapoda | Amniota
GO:2000134	Eukaryota	2759.0	root | cellular organisms | Eukaryota
GO:0006420	cellular organisms	131567.0	root | cellular organisms
GO:0003358	Euteleostomi	117571.0	root | cellular organisms | Eukaryota | Opisthokonta | Metazoa | Eumetazoa | Bilateria | Deuterostomia | Chordata | Craniata | Vertebrata | Gnathostomata | Teleostomi | Euteleostomi
GO:1902712	Bilateria	33213.0	root | cellular organisms | Eukaryota | Opisthokonta | Metazoa | Eumetazoa | Bilateria
GO:0035798	Eukaryota	2759.0	root | cellular organisms | Eukaryota
GO:0061388	Arabidopsis thaliana	3702.0	root | cellular organisms | Eukaryota | Viridiplantae | Streptophyta | Streptophytina | Embryophyta | Tracheophyta | Euphyllophyta | Spermatophyta | Magnoliopsida | Mesangiospermae | eudicotyledons | Gunneridae | Pentapetalae | rosids | malvids | Brassicales | Brassicaceae | Camelineae | Arabidopsis | Arabidopsis thaliana
GO:0002076	Euteleostomi	117571.0	root | cellular organisms | Eukaryota | Opisthokonta | Metazoa | Eumetazoa | Bilateria | Deuterostomia | Chordata | Craniata | Vertebrata | Gnathostomata | Teleostomi | Euteleostomi
GO:0101030	Unknown		
GO:0043529	Eukaryota	2759.0	root | cellular organisms | Eukaryota
GO:0008235	cellular organisms	131567.0	root | cellular organisms
GO:0090173	Eukaryota	2759.0	root | cellular organisms | Eukaryota
GO:1900039	Eukaryota	2759.0	root | cellular organisms | Eukaryota
GO:0009579	cellular organisms	131567.0	root | cellular organisms
GO:0090698	Streptophyta	35493.0	root | cellular organisms | Eukaryota | Viridiplantae | Streptophyta
GO:0004123	cellular organisms	131567.0	root | cellular organisms
GO:0030119	Eukaryota	2759.0	root | cellular organisms | Eukaryota
GO:0016920	cellular organisms	131567.0	root | cellular organisms
GO:0070180	cellular organisms	131567.0	root | cellular organisms
GO:0001172	Unknown		1554481
GO:0030366	cellular organisms	131567.0	root | cellular organisms
GO:0010434	malvids	91836.0	root | cellular organisms | Eukaryota | Viridiplantae | Streptophyta | Streptophytina | Embryophyta | Tracheophyta | Euphyllophyta | Spermatophyta | Magnoliopsida | Mesangiospermae | eudicotyledons | Gunneridae | Pentapetalae | rosids | malvids
GO:0005785	Eukaryota	2759.0	root | cellular organisms | Eukaryota
GO:0004587	cellular organisms	131567.0	root | cellular organisms
GO:0010589	Arabidopsis thaliana	3702.0	root | cellular organisms | Eukaryota | Viridiplantae | Streptophyta | Streptophytina | Embryophyta | Tracheophyta | Euphyllophyta | Spermatophyta | Magnoliopsida | Mesangiospermae | eudicotyledons | Gunneridae | Pentapetalae | rosids | malvids | Brassicales | Brassicaceae | Camelineae | Arabidopsis | Arabidopsis thaliana
GO:0010767	Unknown		
GO:0045344	Amniota	32524.0	root | cellular organisms | Eukaryota | Opisthokonta | Metazoa | Eumetazoa | Bilateria | Deuterostomia | Chordata | Craniata | Vertebrata | Gnathostomata | Teleostomi | Euteleostomi | Sarcopterygii | Dipnotetrapodomorpha | Tetrapoda | Amniota
GO:0045333	root	1.0	root
GO:0015267	Unknown		1554481
GO:0044540	Eukaryota	2759.0	root | cellular organisms | Eukaryota
GO:0018023	cellular organisms	131567.0	root | cellular organisms
GO:2001143	Embryophyta	3193.0	root | cellular organisms | Eukaryota | Viridiplantae | Streptophyta | Streptophytina | Embryophyta
GO:0008156	cellular organisms	131567.0	root | cellular organisms
GO:0061575	root	1.0	root
GO:0000737	Unknown		
GO:0002679	Eukaryota	2759.0	root | cellular organisms | Eukaryota
GO:1990264	Euarchontoglires	314146.0	root | cellular organisms | Eukaryota | Opisthokonta | Metazoa | Eumetazoa | Bilateria | Deuterostomia | Chordata | Craniata | Vertebrata | Gnathostomata | Teleostomi | Euteleostomi | Sarcopterygii | Dipnotetrapodomorpha | Tetrapoda | Amniota | Mammalia | Theria | Eutheria | Boreoeutheria | Euarchontoglires
GO:0042564	Eukaryota	2759.0	root | cellular organisms | Eukaryota
GO:1905761	Eukaryota	2759.0	root | cellular organisms | Eukaryota
GO:0010133	Unknown		
GO:1903862	Eukaryota	2759.0	root | cellular organisms | Eukaryota
GO:1902977	Eukaryota	2759.0	root | cellular organisms | Eukaryota
GO:0030663	cellular organisms	131567.0	root | cellular organisms
GO:0046838	Unknown		
GO:0031207	Eukaryota	2759.0	root | cellular organisms | Eukaryota
GO:0004484	root	1.0	root
GO:0032107	Eukaryota	2759.0	root | cellular organisms | Eukaryota
GO:0031215	Bilateria	33213.0	root | cellular organisms | Eukaryota | Opisthokonta | Metazoa | Eumetazoa | Bilateria
GO:0048244	cellular organisms	131567.0	root | cellular organisms
GO:0048705	Bilateria	33213.0	root | cellular organisms | Eukaryota | Opisthokonta | Metazoa | Eumetazoa | Bilateria
GO:0010492	Streptophytina	131221.0	root | cellular organisms | Eukaryota | Viridiplantae | Streptophyta | Streptophytina
GO:0032793	Unknown		
GO:0046274	cellular organisms	131567.0	root | cellular organisms
GO:0060309	Opisthokonta	33154.0	root | cellular organisms | Eukaryota | Opisthokonta
GO:0000212	Eukaryota	2759.0	root | cellular organisms | Eukaryota
GO:1900182	root	1.0	root
GO:0047251	Pentapetalae	1437201.0	root | cellular organisms | Eukaryota | Viridiplantae | Streptophyta | Streptophytina | Embryophyta | Tracheophyta | Euphyllophyta | Spermatophyta | Magnoliopsida | Mesangiospermae | eudicotyledons | Gunneridae | Pentapetalae
GO:0032588	Eukaryota	2759.0	root | cellular organisms | Eukaryota
GO:0039526	Unknown		
GO:0035556	root	1.0	root
GO:0030071	Eukaryota	2759.0	root | cellular organisms | Eukaryota
GO:0045104	Eukaryota	2759.0	root | cellular organisms | Eukaryota
GO:0010449	Viridiplantae	33090.0	root | cellular organisms | Eukaryota | Viridiplantae
GO:0016580	Unknown		
GO:0071472	cellular organisms	131567.0	root | cellular organisms
GO:0090599	cellular organisms	131567.0	root | cellular organisms
GO:0009694	cellular organisms	131567.0	root | cellular organisms
GO:0097036	Eukaryota	2759.0	root | cellular organisms | Eukaryota
GO:0031018	Vertebrata	7742.0	root | cellular organisms | Eukaryota | Opisthokonta | Metazoa | Eumetazoa | Bilateria | Deuterostomia | Chordata | Craniata | Vertebrata
GO:0050184	cellular organisms	131567.0	root | cellular organisms
GO:1903586	Unknown		
GO:0004553	root	1.0	root
GO:0048219	Eukaryota	2759.0	root | cellular organisms | Eukaryota
GO:0050900	Vertebrata	7742.0	root | cellular organisms | Eukaryota | Opisthokonta | Metazoa | Eumetazoa | Bilateria | Deuterostomia | Chordata | Craniata | Vertebrata
GO:0080050	Magnoliopsida	3398.0	root | cellular organisms | Eukaryota | Viridiplantae | Streptophyta | Streptophytina | Embryophyta | Tracheophyta | Euphyllophyta | Spermatophyta | Magnoliopsida
GO:1990416	Vertebrata	7742.0	root | cellular organisms | Eukaryota | Opisthokonta | Metazoa | Eumetazoa | Bilateria | Deuterostomia | Chordata | Craniata | Vertebrata
GO:0031224	Unknown		
GO:0032914	root	1.0	root
GO:0009866	Pentapetalae	1437201.0	root | cellular organisms | Eukaryota | Viridiplantae | Streptophyta | Streptophytina | Embryophyta | Tracheophyta | Euphyllophyta | Spermatophyta | Magnoliopsida | Mesangiospermae | eudicotyledons | Gunneridae | Pentapetalae
GO:0080191	Arabidopsis thaliana	3702.0	root | cellular organisms | Eukaryota | Viridiplantae | Streptophyta | Streptophytina | Embryophyta | Tracheophyta | Euphyllophyta | Spermatophyta | Magnoliopsida | Mesangiospermae | eudicotyledons | Gunneridae | Pentapetalae | rosids | malvids | Brassicales | Brassicaceae | Camelineae | Arabidopsis | Arabidopsis thaliana
GO:0045931	Eukaryota	2759.0	root | cellular organisms | Eukaryota
GO:0031435	Eukaryota	2759.0	root | cellular organisms | Eukaryota
GO:0045491	cellular organisms	131567.0	root | cellular organisms
GO:0034508	Unknown		
GO:0014032	Gnathostomata	7776.0	root | cellular organisms | Eukaryota | Opisthokonta | Metazoa | Eumetazoa | Bilateria | Deuterostomia | Chordata | Craniata | Vertebrata | Gnathostomata
GO:0075521	Viruses	10239.0	root | Viruses
GO:1902884	cellular organisms	131567.0	root | cellular organisms
GO:0017057	cellular organisms	131567.0	root | cellular organisms
GO:0003823	Eukaryota	2759.0	root | cellular organisms | Eukaryota
GO:0044824	Moloney murine leukemia virus isolate Shinnick	928306.0	root | Viruses | Riboviria | Pararnavirae | Artverviricota | Revtraviricetes | Ortervirales | Retroviridae | Orthoretrovirinae | Gammaretrovirus | Gammaretrovirus murleu | Murine leukemia virus | Moloney murine leukemia virus | Moloney murine leukemia virus isolate Shinnick
GO:0043981	Unknown		
GO:2000626	Euteleostomi	117571.0	root | cellular organisms | Eukaryota | Opisthokonta | Metazoa | Eumetazoa | Bilateria | Deuterostomia | Chordata | Craniata | Vertebrata | Gnathostomata | Teleostomi | Euteleostomi
GO:0051749	Magnoliopsida	3398.0	root | cellular organisms | Eukaryota | Viridiplantae | Streptophyta | Streptophytina | Embryophyta | Tracheophyta | Euphyllophyta | Spermatophyta | Magnoliopsida
GO:0019284	Unknown		
GO:1902047	cellular organisms	131567.0	root | cellular organisms
GO:0005635	Eukaryota	2759.0	root | cellular organisms | Eukaryota
GO:1904961	Pentapetalae	1437201.0	root | cellular organisms | Eukaryota | Viridiplantae | Streptophyta | Streptophytina | Embryophyta | Tracheophyta | Euphyllophyta | Spermatophyta | Magnoliopsida | Mesangiospermae | eudicotyledons | Gunneridae | Pentapetalae
GO:0050185	cellular organisms	131567.0	root | cellular organisms
GO:0015144	cellular organisms	131567.0	root | cellular organisms
GO:0008631	Eukaryota	2759.0	root | cellular organisms | Eukaryota
GO:0004806	root	1.0	root
GO:0102672	Eukaryota	2759.0	root | cellular organisms | Eukaryota
GO:0030318	Eukaryota	2759.0	root | cellular organisms | Eukaryota
GO:0006623	cellular organisms	131567.0	root | cellular organisms
GO:0042144	Eukaryota	2759.0	root | cellular organisms | Eukaryota
GO:0031080	Eukaryota	2759.0	root | cellular organisms | Eukaryota
GO:0031788	Euteleostomi	117571.0	root | cellular organisms | Eukaryota | Opisthokonta | Metazoa | Eumetazoa | Bilateria | Deuterostomia | Chordata | Craniata | Vertebrata | Gnathostomata | Teleostomi | Euteleostomi
GO:0005768	root	1.0	root
GO:0034337	root	1.0	root
GO:0043190	root	1.0	root
GO:0071036	Eukaryota	2759.0	root | cellular organisms | Eukaryota
GO:0042692	Bilateria	33213.0	root | cellular organisms | Eukaryota | Opisthokonta | Metazoa | Eumetazoa | Bilateria
GO:0015078	root	1.0	root
GO:0072384	Eukaryota	2759.0	root | cellular organisms | Eukaryota
GO:0035335	cellular organisms	131567.0	root | cellular organisms
GO:0080096	Embryophyta	3193.0	root | cellular organisms | Eukaryota | Viridiplantae | Streptophyta | Streptophytina | Embryophyta
GO:0070453	cellular organisms	131567.0	root | cellular organisms
GO:0046110	cellular organisms	131567.0	root | cellular organisms
GO:0031718	Eukaryota	2759.0	root | cellular organisms | Eukaryota
GO:0009745	Eukaryota	2759.0	root | cellular organisms | Eukaryota
GO:0071619	Unknown		
GO:0016485	root	1.0	root
GO:0070012	cellular organisms	131567.0	root | cellular organisms
GO:0007266	cellular organisms	131567.0	root | cellular organisms
GO:0046719	root	1.0	root
GO:0000175	root	1.0	root
GO:0043551	Unknown		
GO:0010365	Brassicaceae	3700.0	root | cellular organisms | Eukaryota | Viridiplantae | Streptophyta | Streptophytina | Embryophyta | Tracheophyta | Euphyllophyta | Spermatophyta | Magnoliopsida | Mesangiospermae | eudicotyledons | Gunneridae | Pentapetalae | rosids | malvids | Brassicales | Brassicaceae
GO:0032183	Eukaryota	2759.0	root | cellular organisms | Eukaryota
GO:0044183	root	1.0	root
GO:0010385	cellular organisms	131567.0	root | cellular organisms
GO:0052906	root	1.0	root
GO:0019046	Unknown		3470597
GO:0035998	Unknown		
GO:0050916	Eumetazoa	6072.0	root | cellular organisms | Eukaryota | Opisthokonta | Metazoa | Eumetazoa
GO:0009302	Fungi	4751.0	root | cellular organisms | Eukaryota | Opisthokonta | Fungi
GO:1990169	cellular organisms	131567.0	root | cellular organisms
GO:0009496	cellular organisms	131567.0	root | cellular organisms
GO:0007405	Bilateria	33213.0	root | cellular organisms | Eukaryota | Opisthokonta | Metazoa | Eumetazoa | Bilateria
GO:0103012	cellular organisms	131567.0	root | cellular organisms
GO:0021549	Gnathostomata	7776.0	root | cellular organisms | Eukaryota | Opisthokonta | Metazoa | Eumetazoa | Bilateria | Deuterostomia | Chordata | Craniata | Vertebrata | Gnathostomata
GO:0061015	Eukaryota	2759.0	root | cellular organisms | Eukaryota
GO:0001055	Unknown		
GO:1990246	Eukaryota	2759.0	root | cellular organisms | Eukaryota
GO:0043982	Unknown		
GO:0106300	root	1.0	root
GO:0061952	Eukaryota	2759.0	root | cellular organisms | Eukaryota
GO:0032885	cellular organisms	131567.0	root | cellular organisms
GO:0048766	Embryophyta	3193.0	root | cellular organisms | Eukaryota | Viridiplantae | Streptophyta | Streptophytina | Embryophyta
GO:1904600	Fungi	4751.0	root | cellular organisms | Eukaryota | Opisthokonta | Fungi
GO:0035838	Eukaryota	2759.0	root | cellular organisms | Eukaryota
GO:0090597	Nematoda	6231.0	root | cellular organisms | Eukaryota | Opisthokonta | Metazoa | Eumetazoa | Bilateria | Protostomia | Ecdysozoa | Nematoda
GO:0060290	Bilateria	33213.0	root | cellular organisms | Eukaryota | Opisthokonta | Metazoa | Eumetazoa | Bilateria
GO:0008115	cellular organisms	131567.0	root | cellular organisms
GO:0034501	cellular organisms	131567.0	root | cellular organisms
GO:0061799	cellular organisms	131567.0	root | cellular organisms
GO:0038201	Eukaryota	2759.0	root | cellular organisms | Eukaryota
GO:0050714	cellular organisms	131567.0	root | cellular organisms
GO:0007289	Bilateria	33213.0	root | cellular organisms | Eukaryota | Opisthokonta | Metazoa | Eumetazoa | Bilateria
GO:0001635	Bilateria	33213.0	root | cellular organisms | Eukaryota | Opisthokonta | Metazoa | Eumetazoa | Bilateria
GO:0051861	cellular organisms	131567.0	root | cellular organisms
GO:0080126	Arabidopsis thaliana	3702.0	root | cellular organisms | Eukaryota | Viridiplantae | Streptophyta | Streptophytina | Embryophyta | Tracheophyta | Euphyllophyta | Spermatophyta | Magnoliopsida | Mesangiospermae | eudicotyledons | Gunneridae | Pentapetalae | rosids | malvids | Brassicales | Brassicaceae | Camelineae | Arabidopsis | Arabidopsis thaliana
GO:0010025	cellular organisms	131567.0	root | cellular organisms
GO:0080103	Brassicaceae	3700.0	root | cellular organisms | Eukaryota | Viridiplantae | Streptophyta | Streptophytina | Embryophyta | Tracheophyta | Euphyllophyta | Spermatophyta | Magnoliopsida | Mesangiospermae | eudicotyledons | Gunneridae | Pentapetalae | rosids | malvids | Brassicales | Brassicaceae
GO:0031537	Mesangiospermae	1437183.0	root | cellular organisms | Eukaryota | Viridiplantae | Streptophyta | Streptophytina | Embryophyta | Tracheophyta | Euphyllophyta | Spermatophyta | Magnoliopsida | Mesangiospermae
GO:0030851	Euteleostomi	117571.0	root | cellular organisms | Eukaryota | Opisthokonta | Metazoa | Eumetazoa | Bilateria | Deuterostomia | Chordata | Craniata | Vertebrata | Gnathostomata | Teleostomi | Euteleostomi
GO:0030054	cellular organisms	131567.0	root | cellular organisms
GO:0017108	root	1.0	root
GO:0019005	cellular organisms	131567.0	root | cellular organisms
GO:0006338	root	1.0	root
GO:0019013	Viruses	10239.0	root | Viruses
GO:0098535	Metazoa	33208.0	root | cellular organisms | Eukaryota | Opisthokonta | Metazoa
GO:0030220	Euteleostomi	117571.0	root | cellular organisms | Eukaryota | Opisthokonta | Metazoa | Eumetazoa | Bilateria | Deuterostomia | Chordata | Craniata | Vertebrata | Gnathostomata | Teleostomi | Euteleostomi
GO:0031011	Eukaryota	2759.0	root | cellular organisms | Eukaryota
GO:0009812	Eukaryota	2759.0	root | cellular organisms | Eukaryota
GO:0042281	Eukaryota	2759.0	root | cellular organisms | Eukaryota
GO:0070407	Eukaryota	2759.0	root | cellular organisms | Eukaryota
GO:0045737	Eukaryota	2759.0	root | cellular organisms | Eukaryota
GO:0050486	cellular organisms	131567.0	root | cellular organisms
GO:2000028	Magnoliopsida	3398.0	root | cellular organisms | Eukaryota | Viridiplantae | Streptophyta | Streptophytina | Embryophyta | Tracheophyta | Euphyllophyta | Spermatophyta | Magnoliopsida
GO:0004378	cellular organisms	131567.0	root | cellular organisms
GO:0034638	cellular organisms	131567.0	root | cellular organisms
GO:0032133	Eukaryota	2759.0	root | cellular organisms | Eukaryota
GO:0015714	Embryophyta	3193.0	root | cellular organisms | Eukaryota | Viridiplantae | Streptophyta | Streptophytina | Embryophyta
GO:0004000	cellular organisms	131567.0	root | cellular organisms
GO:0050829	root	1.0	root
GO:0097237	Eukaryota	2759.0	root | cellular organisms | Eukaryota
GO:0045547	cellular organisms	131567.0	root | cellular organisms
GO:0044385	Unknown		
GO:1990483	Unknown		
GO:0008474	cellular organisms	131567.0	root | cellular organisms
GO:1905564	Bilateria	33213.0	root | cellular organisms | Eukaryota | Opisthokonta | Metazoa | Eumetazoa | Bilateria
GO:0009353	Unknown		
GO:0098657	cellular organisms	131567.0	root | cellular organisms
GO:0006650	cellular organisms	131567.0	root | cellular organisms
GO:0008250	Eukaryota	2759.0	root | cellular organisms | Eukaryota
GO:1990428	Eukaryota	2759.0	root | cellular organisms | Eukaryota
GO:0102726	Poaceae	4479.0	root | cellular organisms | Eukaryota | Viridiplantae | Streptophyta | Streptophytina | Embryophyta | Tracheophyta | Euphyllophyta | Spermatophyta | Magnoliopsida | Mesangiospermae | Liliopsida | Petrosaviidae | commelinids | Poales | Poaceae
GO:1903705	Arabidopsis thaliana	3702.0	root | cellular organisms | Eukaryota | Viridiplantae | Streptophyta | Streptophytina | Embryophyta | Tracheophyta | Euphyllophyta | Spermatophyta | Magnoliopsida | Mesangiospermae | eudicotyledons | Gunneridae | Pentapetalae | rosids | malvids | Brassicales | Brassicaceae | Camelineae | Arabidopsis | Arabidopsis thaliana
GO:0052905	cellular organisms	131567.0	root | cellular organisms
GO:0051011	cellular organisms	131567.0	root | cellular organisms
GO:0006516	cellular organisms	131567.0	root | cellular organisms
GO:0010235	Viridiplantae	33090.0	root | cellular organisms | Eukaryota | Viridiplantae
GO:0035014	cellular organisms	131567.0	root | cellular organisms
GO:0006481	Euarchontoglires	314146.0	root | cellular organisms | Eukaryota | Opisthokonta | Metazoa | Eumetazoa | Bilateria | Deuterostomia | Chordata | Craniata | Vertebrata | Gnathostomata | Teleostomi | Euteleostomi | Sarcopterygii | Dipnotetrapodomorpha | Tetrapoda | Amniota | Mammalia | Theria | Eutheria | Boreoeutheria | Euarchontoglires
GO:0070455	Eukaryota	2759.0	root | cellular organisms | Eukaryota
GO:0060070	cellular organisms	131567.0	root | cellular organisms
GO:0010081	Magnoliopsida	3398.0	root | cellular organisms | Eukaryota | Viridiplantae | Streptophyta | Streptophytina | Embryophyta | Tracheophyta | Euphyllophyta | Spermatophyta | Magnoliopsida
GO:0030488	root	1.0	root
GO:0000086	Eukaryota	2759.0	root | cellular organisms | Eukaryota
GO:1902600	root	1.0	root
GO:0032760	Bilateria	33213.0	root | cellular organisms | Eukaryota | Opisthokonta | Metazoa | Eumetazoa | Bilateria
GO:0019805	cellular organisms	131567.0	root | cellular organisms
GO:0071918	cellular organisms	131567.0	root | cellular organisms
GO:0051536	root	1.0	root
GO:0030742	Eukaryota	2759.0	root | cellular organisms | Eukaryota
GO:0014065	Unknown		
GO:0005951	cellular organisms	131567.0	root | cellular organisms
GO:1903843	Opisthokonta	33154.0	root | cellular organisms | Eukaryota | Opisthokonta
GO:0000035	cellular organisms	131567.0	root | cellular organisms
GO:0070678	cellular organisms	131567.0	root | cellular organisms
GO:0051321	Eukaryota	2759.0	root | cellular organisms | Eukaryota
GO:0030833	cellular organisms	131567.0	root | cellular organisms
GO:0016405	cellular organisms	131567.0	root | cellular organisms
GO:0052847	Eukaryota	2759.0	root | cellular organisms | Eukaryota
GO:0004364	root	1.0	root
GO:0000077	Eukaryota	2759.0	root | cellular organisms | Eukaryota
GO:0050908	Bilateria	33213.0	root | cellular organisms | Eukaryota | Opisthokonta | Metazoa | Eumetazoa | Bilateria
GO:0019863	cellular organisms	131567.0	root | cellular organisms
GO:0015741	cellular organisms	131567.0	root | cellular organisms
GO:0015217	Eukaryota	2759.0	root | cellular organisms | Eukaryota
GO:0042770	Eukaryota	2759.0	root | cellular organisms | Eukaryota
GO:0047526	cellular organisms	131567.0	root | cellular organisms
GO:0000783	Eukaryota	2759.0	root | cellular organisms | Eukaryota
GO:0000166	Unknown		3470597
GO:1901981	cellular organisms	131567.0	root | cellular organisms
GO:0051060	cellular organisms	131567.0	root | cellular organisms
GO:0102769	Unknown		
GO:0052821	Unknown		
GO:0009173	Eukaryota	2759.0	root | cellular organisms | Eukaryota
GO:0036244	Candida albicans SC5314	237561.0	root | cellular organisms | Eukaryota | Opisthokonta | Fungi | Dikarya | Ascomycota | saccharomyceta | Saccharomycotina | Pichiomycetes | Serinales | Debaryomycetaceae | Candida/Lodderomyces clade | Candida | Candida albicans | Candida albicans SC5314
GO:1904999	Amniota	32524.0	root | cellular organisms | Eukaryota | Opisthokonta | Metazoa | Eumetazoa | Bilateria | Deuterostomia | Chordata | Craniata | Vertebrata | Gnathostomata | Teleostomi | Euteleostomi | Sarcopterygii | Dipnotetrapodomorpha | Tetrapoda | Amniota
GO:0080037	cellular organisms	131567.0	root | cellular organisms
GO:0050275	Mesangiospermae	1437183.0	root | cellular organisms | Eukaryota | Viridiplantae | Streptophyta | Streptophytina | Embryophyta | Tracheophyta | Euphyllophyta | Spermatophyta | Magnoliopsida | Mesangiospermae
GO:0080082	Brassicaceae	3700.0	root | cellular organisms | Eukaryota | Viridiplantae | Streptophyta | Streptophytina | Embryophyta | Tracheophyta | Euphyllophyta | Spermatophyta | Magnoliopsida | Mesangiospermae | eudicotyledons | Gunneridae | Pentapetalae | rosids | malvids | Brassicales | Brassicaceae
GO:0042791	Eukaryota	2759.0	root | cellular organisms | Eukaryota
GO:0004622	root	1.0	root
GO:0051898	Eukaryota	2759.0	root | cellular organisms | Eukaryota
GO:0033521	Nicotiana tabacum	4097.0	root | cellular organisms | Eukaryota | Viridiplantae | Streptophyta | Streptophytina | Embryophyta | Tracheophyta | Euphyllophyta | Spermatophyta | Magnoliopsida | Mesangiospermae | eudicotyledons | Gunneridae | Pentapetalae | asterids | lamiids | Solanales | Solanaceae | Nicotianoideae | Nicotianeae | Nicotiana | Nicotiana tabacum
GO:0070668	Amniota	32524.0	root | cellular organisms | Eukaryota | Opisthokonta | Metazoa | Eumetazoa | Bilateria | Deuterostomia | Chordata | Craniata | Vertebrata | Gnathostomata | Teleostomi | Euteleostomi | Sarcopterygii | Dipnotetrapodomorpha | Tetrapoda | Amniota
GO:0033728	cellular organisms	131567.0	root | cellular organisms
GO:0070210	Eukaryota	2759.0	root | cellular organisms | Eukaryota
GO:0060772	Arabidopsis thaliana	3702.0	root | cellular organisms | Eukaryota | Viridiplantae | Streptophyta | Streptophytina | Embryophyta | Tracheophyta | Euphyllophyta | Spermatophyta | Magnoliopsida | Mesangiospermae | eudicotyledons | Gunneridae | Pentapetalae | rosids | malvids | Brassicales | Brassicaceae | Camelineae | Arabidopsis | Arabidopsis thaliana
GO:0048556	Arabidopsis thaliana	3702.0	root | cellular organisms | Eukaryota | Viridiplantae | Streptophyta | Streptophytina | Embryophyta | Tracheophyta | Euphyllophyta | Spermatophyta | Magnoliopsida | Mesangiospermae | eudicotyledons | Gunneridae | Pentapetalae | rosids | malvids | Brassicales | Brassicaceae | Camelineae | Arabidopsis | Arabidopsis thaliana
GO:0000922	cellular organisms	131567.0	root | cellular organisms
GO:0072163	Euteleostomi	117571.0	root | cellular organisms | Eukaryota | Opisthokonta | Metazoa | Eumetazoa | Bilateria | Deuterostomia | Chordata | Craniata | Vertebrata | Gnathostomata | Teleostomi | Euteleostomi
GO:0070828	cellular organisms	131567.0	root | cellular organisms
GO:0042159	Euteleostomi	117571.0	root | cellular organisms | Eukaryota | Opisthokonta | Metazoa | Eumetazoa | Bilateria | Deuterostomia | Chordata | Craniata | Vertebrata | Gnathostomata | Teleostomi | Euteleostomi
GO:0048002	Amniota	32524.0	root | cellular organisms | Eukaryota | Opisthokonta | Metazoa | Eumetazoa | Bilateria | Deuterostomia | Chordata | Craniata | Vertebrata | Gnathostomata | Teleostomi | Euteleostomi | Sarcopterygii | Dipnotetrapodomorpha | Tetrapoda | Amniota
GO:0008283	root	1.0	root
GO:0046390	cellular organisms	131567.0	root | cellular organisms
GO:0032944	Bilateria	33213.0	root | cellular organisms | Eukaryota | Opisthokonta | Metazoa | Eumetazoa | Bilateria
GO:0005666	Eukaryota	2759.0	root | cellular organisms | Eukaryota
GO:0031625	root	1.0	root
GO:1990481	cellular organisms	131567.0	root | cellular organisms
GO:0080024	malvids	91836.0	root | cellular organisms | Eukaryota | Viridiplantae | Streptophyta | Streptophytina | Embryophyta | Tracheophyta | Euphyllophyta | Spermatophyta | Magnoliopsida | Mesangiospermae | eudicotyledons | Gunneridae | Pentapetalae | rosids | malvids
GO:0000786	cellular organisms	131567.0	root | cellular organisms
GO:0034553	Eukaryota	2759.0	root | cellular organisms | Eukaryota
GO:1903744	Metazoa	33208.0	root | cellular organisms | Eukaryota | Opisthokonta | Metazoa
GO:0000234	cellular organisms	131567.0	root | cellular organisms
GO:0043715	Bacteria	2.0	root | cellular organisms | Bacteria
GO:0042219	cellular organisms	131567.0	root | cellular organisms
GO:0033572	Eukaryota	2759.0	root | cellular organisms | Eukaryota
GO:0071313	Bilateria	33213.0	root | cellular organisms | Eukaryota | Opisthokonta | Metazoa | Eumetazoa | Bilateria
GO:0070131	Eukaryota	2759.0	root | cellular organisms | Eukaryota
GO:0051453	cellular organisms	131567.0	root | cellular organisms
GO:0006749	root	1.0	root
GO:0018160	Unknown		
GO:0010063	Arabidopsis thaliana	3702.0	root | cellular organisms | Eukaryota | Viridiplantae | Streptophyta | Streptophytina | Embryophyta | Tracheophyta | Euphyllophyta | Spermatophyta | Magnoliopsida | Mesangiospermae | eudicotyledons | Gunneridae | Pentapetalae | rosids | malvids | Brassicales | Brassicaceae | Camelineae | Arabidopsis | Arabidopsis thaliana
GO:0007142	Streptophyta	35493.0	root | cellular organisms | Eukaryota | Viridiplantae | Streptophyta
GO:1901355	Eukaryota	2759.0	root | cellular organisms | Eukaryota
GO:0061908	Eukaryota	2759.0	root | cellular organisms | Eukaryota
GO:0045121	root	1.0	root
GO:0090057	Arabidopsis thaliana	3702.0	root | cellular organisms | Eukaryota | Viridiplantae | Streptophyta | Streptophytina | Embryophyta | Tracheophyta | Euphyllophyta | Spermatophyta | Magnoliopsida | Mesangiospermae | eudicotyledons | Gunneridae | Pentapetalae | rosids | malvids | Brassicales | Brassicaceae | Camelineae | Arabidopsis | Arabidopsis thaliana
GO:0070350	Amniota	32524.0	root | cellular organisms | Eukaryota | Opisthokonta | Metazoa | Eumetazoa | Bilateria | Deuterostomia | Chordata | Craniata | Vertebrata | Gnathostomata | Teleostomi | Euteleostomi | Sarcopterygii | Dipnotetrapodomorpha | Tetrapoda | Amniota
GO:0001540	Eukaryota	2759.0	root | cellular organisms | Eukaryota
GO:0043748	cellular organisms	131567.0	root | cellular organisms
GO:0034205	Eukaryota	2759.0	root | cellular organisms | Eukaryota
GO:0016576	Unknown		
GO:0060348	Vertebrata	7742.0	root | cellular organisms | Eukaryota | Opisthokonta | Metazoa | Eumetazoa | Bilateria | Deuterostomia | Chordata | Craniata | Vertebrata
GO:0007154	root	1.0	root
GO:0051923	cellular organisms	131567.0	root | cellular organisms
GO:0010498	cellular organisms	131567.0	root | cellular organisms
GO:0010441	Arabidopsis thaliana	3702.0	root | cellular organisms | Eukaryota | Viridiplantae | Streptophyta | Streptophytina | Embryophyta | Tracheophyta | Euphyllophyta | Spermatophyta | Magnoliopsida | Mesangiospermae | eudicotyledons | Gunneridae | Pentapetalae | rosids | malvids | Brassicales | Brassicaceae | Camelineae | Arabidopsis | Arabidopsis thaliana
GO:0045851	Eukaryota	2759.0	root | cellular organisms | Eukaryota
GO:0097194	Bilateria	33213.0	root | cellular organisms | Eukaryota | Opisthokonta | Metazoa | Eumetazoa | Bilateria
GO:0030308	cellular organisms	131567.0	root | cellular organisms
GO:0060171	Eumetazoa	6072.0	root | cellular organisms | Eukaryota | Opisthokonta | Metazoa | Eumetazoa
GO:0005891	root	1.0	root
GO:0016798	root	1.0	root
GO:0016773	root	1.0	root
GO:0007253	Unknown		
GO:0001734	Eukaryota	2759.0	root | cellular organisms | Eukaryota
GO:1900560	Aspergillus nidulans FGSC A4	227321.0	root | cellular organisms | Eukaryota | Opisthokonta | Fungi | Dikarya | Ascomycota | saccharomyceta | Pezizomycotina | leotiomyceta | Eurotiomycetes | Eurotiomycetidae | Eurotiales | Aspergillaceae | Aspergillus | Nidulantes | Aspergillus nidulans | Aspergillus nidulans FGSC A4
GO:0003873	root	1.0	root
GO:0035619	Pentapetalae	1437201.0	root | cellular organisms | Eukaryota | Viridiplantae | Streptophyta | Streptophytina | Embryophyta | Tracheophyta | Euphyllophyta | Spermatophyta | Magnoliopsida | Mesangiospermae | eudicotyledons | Gunneridae | Pentapetalae
GO:0006904	Eukaryota	2759.0	root | cellular organisms | Eukaryota
GO:0080029	rosids	71275.0	root | cellular organisms | Eukaryota | Viridiplantae | Streptophyta | Streptophytina | Embryophyta | Tracheophyta | Euphyllophyta | Spermatophyta | Magnoliopsida | Mesangiospermae | eudicotyledons | Gunneridae | Pentapetalae | rosids
GO:0050203	cellular organisms	131567.0	root | cellular organisms
GO:0001533	Bilateria	33213.0	root | cellular organisms | Eukaryota | Opisthokonta | Metazoa | Eumetazoa | Bilateria
GO:0031616	Eukaryota	2759.0	root | cellular organisms | Eukaryota
GO:0006531	cellular organisms	131567.0	root | cellular organisms
GO:0006597	cellular organisms	131567.0	root | cellular organisms
GO:0032527	Eukaryota	2759.0	root | cellular organisms | Eukaryota
GO:0035995	Vertebrata	7742.0	root | cellular organisms | Eukaryota | Opisthokonta | Metazoa | Eumetazoa | Bilateria | Deuterostomia | Chordata | Craniata | Vertebrata
GO:0016929	cellular organisms	131567.0	root | cellular organisms
GO:0032432	cellular organisms	131567.0	root | cellular organisms
GO:0034353	cellular organisms	131567.0	root | cellular organisms
GO:2000904	Eukaryota	2759.0	root | cellular organisms | Eukaryota
GO:1990534	Mesangiospermae	1437183.0	root | cellular organisms | Eukaryota | Viridiplantae | Streptophyta | Streptophytina | Embryophyta | Tracheophyta | Euphyllophyta | Spermatophyta | Magnoliopsida | Mesangiospermae
GO:0007060	Eukaryota	2759.0	root | cellular organisms | Eukaryota
GO:0004854	cellular organisms	131567.0	root | cellular organisms
GO:0033355	Eukaryota	2759.0	root | cellular organisms | Eukaryota
GO:0047012	Unknown		
GO:0000275	Unknown		
GO:0018189	cellular organisms	131567.0	root | cellular organisms
GO:0051262	root	1.0	root
GO:0048868	Embryophyta	3193.0	root | cellular organisms | Eukaryota | Viridiplantae | Streptophyta | Streptophytina | Embryophyta
GO:0016210	cellular organisms	131567.0	root | cellular organisms
GO:0018279	Unknown		
GO:0043967	Unknown		
GO:0022841	root	1.0	root
GO:0048839	Vertebrata	7742.0	root | cellular organisms | Eukaryota | Opisthokonta | Metazoa | Eumetazoa | Bilateria | Deuterostomia | Chordata | Craniata | Vertebrata
GO:0006862	root	1.0	root
GO:0006268	Unknown		
GO:0044182	saccharomyceta	716545.0	root | cellular organisms | Eukaryota | Opisthokonta | Fungi | Dikarya | Ascomycota | saccharomyceta
GO:0060014	Amniota	32524.0	root | cellular organisms | Eukaryota | Opisthokonta | Metazoa | Eumetazoa | Bilateria | Deuterostomia | Chordata | Craniata | Vertebrata | Gnathostomata | Teleostomi | Euteleostomi | Sarcopterygii | Dipnotetrapodomorpha | Tetrapoda | Amniota
GO:1902602	Poaceae	4479.0	root | cellular organisms | Eukaryota | Viridiplantae | Streptophyta | Streptophytina | Embryophyta | Tracheophyta | Euphyllophyta | Spermatophyta | Magnoliopsida | Mesangiospermae | Liliopsida | Petrosaviidae | commelinids | Poales | Poaceae
GO:0031017	Euteleostomi	117571.0	root | cellular organisms | Eukaryota | Opisthokonta | Metazoa | Eumetazoa | Bilateria | Deuterostomia | Chordata | Craniata | Vertebrata | Gnathostomata | Teleostomi | Euteleostomi
GO:0019899	root	1.0	root
GO:0001855	Amniota	32524.0	root | cellular organisms | Eukaryota | Opisthokonta | Metazoa | Eumetazoa | Bilateria | Deuterostomia | Chordata | Craniata | Vertebrata | Gnathostomata | Teleostomi | Euteleostomi | Sarcopterygii | Dipnotetrapodomorpha | Tetrapoda | Amniota
GO:0000949	Unknown		
GO:0044025	saccharomyceta	716545.0	root | cellular organisms | Eukaryota | Opisthokonta | Fungi | Dikarya | Ascomycota | saccharomyceta
GO:0005622	Eukaryota	2759.0	root | cellular organisms | Eukaryota
GO:0042732	root	1.0	root
GO:0046473	Eukaryota	2759.0	root | cellular organisms | Eukaryota
GO:0009780	Arabidopsis thaliana	3702.0	root | cellular organisms | Eukaryota | Viridiplantae | Streptophyta | Streptophytina | Embryophyta | Tracheophyta | Euphyllophyta | Spermatophyta | Magnoliopsida | Mesangiospermae | eudicotyledons | Gunneridae | Pentapetalae | rosids | malvids | Brassicales | Brassicaceae | Camelineae | Arabidopsis | Arabidopsis thaliana
GO:0033130	cellular organisms	131567.0	root | cellular organisms
GO:0019172	cellular organisms	131567.0	root | cellular organisms
GO:0000967	cellular organisms	131567.0	root | cellular organisms
GO:0036524	cellular organisms	131567.0	root | cellular organisms
GO:0006066	cellular organisms	131567.0	root | cellular organisms
GO:1990871	Eukaryota	2759.0	root | cellular organisms | Eukaryota
GO:0010088	Spermatophyta	58024.0	root | cellular organisms | Eukaryota | Viridiplantae | Streptophyta | Streptophytina | Embryophyta | Tracheophyta | Euphyllophyta | Spermatophyta
GO:0004705	Eumetazoa	6072.0	root | cellular organisms | Eukaryota | Opisthokonta | Metazoa | Eumetazoa
GO:0046620	Eukaryota	2759.0	root | cellular organisms | Eukaryota
GO:0042292	cellular organisms	131567.0	root | cellular organisms
GO:0098588	root	1.0	root
GO:0017056	cellular organisms	131567.0	root | cellular organisms
GO:0019375	cellular organisms	131567.0	root | cellular organisms
GO:0004298	cellular organisms	131567.0	root | cellular organisms
GO:0009871	Mesangiospermae	1437183.0	root | cellular organisms | Eukaryota | Viridiplantae | Streptophyta | Streptophytina | Embryophyta | Tracheophyta | Euphyllophyta | Spermatophyta | Magnoliopsida | Mesangiospermae
GO:0061656	Eukaryota	2759.0	root | cellular organisms | Eukaryota
GO:0004334	cellular organisms	131567.0	root | cellular organisms
GO:0010038	cellular organisms	131567.0	root | cellular organisms
GO:0017125	cellular organisms	131567.0	root | cellular organisms
GO:0030970	cellular organisms	131567.0	root | cellular organisms
GO:0009041	Unknown		
GO:0031113	Bilateria	33213.0	root | cellular organisms | Eukaryota | Opisthokonta | Metazoa | Eumetazoa | Bilateria
GO:0043333	Unknown		
GO:0033883	cellular organisms	131567.0	root | cellular organisms
GO:0031748	cellular organisms	131567.0	root | cellular organisms
GO:0001188	cellular organisms	131567.0	root | cellular organisms
GO:0043327	Eukaryota	2759.0	root | cellular organisms | Eukaryota
GO:0019786	root	1.0	root
GO:0060359	Eukaryota	2759.0	root | cellular organisms | Eukaryota
GO:0015117	cellular organisms	131567.0	root | cellular organisms
GO:0000254	cellular organisms	131567.0	root | cellular organisms
GO:0019203	cellular organisms	131567.0	root | cellular organisms
GO:0051400	Metazoa	33208.0	root | cellular organisms | Eukaryota | Opisthokonta | Metazoa
GO:0019481	Unknown		
GO:0033818	cellular organisms	131567.0	root | cellular organisms
GO:0035372	Eukaryota	2759.0	root | cellular organisms | Eukaryota
GO:0032224	Metazoa	33208.0	root | cellular organisms | Eukaryota | Opisthokonta | Metazoa
GO:0071560	Bilateria	33213.0	root | cellular organisms | Eukaryota | Opisthokonta | Metazoa | Eumetazoa | Bilateria
GO:0050673	Euteleostomi	117571.0	root | cellular organisms | Eukaryota | Opisthokonta | Metazoa | Eumetazoa | Bilateria | Deuterostomia | Chordata | Craniata | Vertebrata | Gnathostomata | Teleostomi | Euteleostomi
GO:0010446	cellular organisms	131567.0	root | cellular organisms
GO:0004488	root	1.0	root
GO:0008707	cellular organisms	131567.0	root | cellular organisms
GO:0103068	Unknown		
GO:1905366	Amniota	32524.0	root | cellular organisms | Eukaryota | Opisthokonta | Metazoa | Eumetazoa | Bilateria | Deuterostomia | Chordata | Craniata | Vertebrata | Gnathostomata | Teleostomi | Euteleostomi | Sarcopterygii | Dipnotetrapodomorpha | Tetrapoda | Amniota
GO:0004441	cellular organisms	131567.0	root | cellular organisms
GO:0045905	cellular organisms	131567.0	root | cellular organisms
GO:0000213	cellular organisms	131567.0	root | cellular organisms
GO:0034417	cellular organisms	131567.0	root | cellular organisms
GO:1900368	Rhabditida	6236.0	root | cellular organisms | Eukaryota | Opisthokonta | Metazoa | Eumetazoa | Bilateria | Protostomia | Ecdysozoa | Nematoda | Chromadorea | Rhabditida
GO:0017080	Eukaryota	2759.0	root | cellular organisms | Eukaryota
GO:0103075	cellular organisms	131567.0	root | cellular organisms
GO:0004767	root	1.0	root
GO:2001238	Metazoa	33208.0	root | cellular organisms | Eukaryota | Opisthokonta | Metazoa
GO:0035251	cellular organisms	131567.0	root | cellular organisms
GO:0043588	Gnathostomata	7776.0	root | cellular organisms | Eukaryota | Opisthokonta | Metazoa | Eumetazoa | Bilateria | Deuterostomia | Chordata | Craniata | Vertebrata | Gnathostomata
GO:0071291	cellular organisms	131567.0	root | cellular organisms
GO:0034773	Unknown		
GO:0060999	Euteleostomi	117571.0	root | cellular organisms | Eukaryota | Opisthokonta | Metazoa | Eumetazoa | Bilateria | Deuterostomia | Chordata | Craniata | Vertebrata | Gnathostomata | Teleostomi | Euteleostomi
GO:0042853	root	1.0	root
GO:0090238	Amniota	32524.0	root | cellular organisms | Eukaryota | Opisthokonta | Metazoa | Eumetazoa | Bilateria | Deuterostomia | Chordata | Craniata | Vertebrata | Gnathostomata | Teleostomi | Euteleostomi | Sarcopterygii | Dipnotetrapodomorpha | Tetrapoda | Amniota
GO:0032174	Fungi	4751.0	root | cellular organisms | Eukaryota | Opisthokonta | Fungi
GO:0042626	cellular organisms	131567.0	root | cellular organisms
GO:1904799	Ecdysozoa	1206794.0	root | cellular organisms | Eukaryota | Opisthokonta | Metazoa | Eumetazoa | Bilateria | Protostomia | Ecdysozoa
GO:0019290	cellular organisms	131567.0	root | cellular organisms
GO:0061572	Opisthokonta	33154.0	root | cellular organisms | Eukaryota | Opisthokonta
GO:0000720	Eukaryota	2759.0	root | cellular organisms | Eukaryota
GO:0048581	Magnoliopsida	3398.0	root | cellular organisms | Eukaryota | Viridiplantae | Streptophyta | Streptophytina | Embryophyta | Tracheophyta | Euphyllophyta | Spermatophyta | Magnoliopsida
GO:0019907	Unknown		
GO:0051928	Bilateria	33213.0	root | cellular organisms | Eukaryota | Opisthokonta | Metazoa | Eumetazoa | Bilateria
GO:0032434	Eukaryota	2759.0	root | cellular organisms | Eukaryota
GO:0004020	root	1.0	root
GO:0033316	Eukaryota	2759.0	root | cellular organisms | Eukaryota
GO:0034969	Unknown		
GO:0003729	root	1.0	root
GO:0005777	cellular organisms	131567.0	root | cellular organisms
GO:0006571	root	1.0	root
GO:0000779	Eukaryota	2759.0	root | cellular organisms | Eukaryota
GO:1901907	cellular organisms	131567.0	root | cellular organisms
GO:0034986	cellular organisms	131567.0	root | cellular organisms
GO:0006364	root	1.0	root
GO:0042572	cellular organisms	131567.0	root | cellular organisms
GO:0018230	Euteleostomi	117571.0	root | cellular organisms | Eukaryota | Opisthokonta | Metazoa | Eumetazoa | Bilateria | Deuterostomia | Chordata | Craniata | Vertebrata | Gnathostomata | Teleostomi | Euteleostomi
GO:0005463	Eukaryota	2759.0	root | cellular organisms | Eukaryota
GO:0051775	cellular organisms	131567.0	root | cellular organisms
GO:0044016	Opisthokonta	33154.0	root | cellular organisms | Eukaryota | Opisthokonta
GO:0000447	Eukaryota	2759.0	root | cellular organisms | Eukaryota
GO:1905117	Unknown		
GO:0015753	cellular organisms	131567.0	root | cellular organisms
GO:0071595	Eukaryota	2759.0	root | cellular organisms | Eukaryota
GO:0042549	cellular organisms	131567.0	root | cellular organisms
GO:0010006	rosids	71275.0	root | cellular organisms | Eukaryota | Viridiplantae | Streptophyta | Streptophytina | Embryophyta | Tracheophyta | Euphyllophyta | Spermatophyta | Magnoliopsida | Mesangiospermae | eudicotyledons | Gunneridae | Pentapetalae | rosids
GO:0004746	cellular organisms	131567.0	root | cellular organisms
GO:0004812	root	1.0	root
GO:0015114	Unknown		
GO:0015916	Eukaryota	2759.0	root | cellular organisms | Eukaryota
GO:0102990	Sorghum bicolor	4558.0	root | cellular organisms | Eukaryota | Viridiplantae | Streptophyta | Streptophytina | Embryophyta | Tracheophyta | Euphyllophyta | Spermatophyta | Magnoliopsida | Mesangiospermae | Liliopsida | Petrosaviidae | commelinids | Poales | Poaceae | PACMAD clade | Panicoideae | Andropogonodae | Andropogoneae | Sorghinae | Sorghum | Sorghum bicolor
GO:0046246	cellular organisms	131567.0	root | cellular organisms
GO:0015137	cellular organisms	131567.0	root | cellular organisms
GO:0000176	Eukaryota	2759.0	root | cellular organisms | Eukaryota
GO:0004845	cellular organisms	131567.0	root | cellular organisms
GO:0015172	Eukaryota	2759.0	root | cellular organisms | Eukaryota
GO:0048609	Caenorhabditis	6237.0	root | cellular organisms | Eukaryota | Opisthokonta | Metazoa | Eumetazoa | Bilateria | Protostomia | Ecdysozoa | Nematoda | Chromadorea | Rhabditida | Rhabditina | Rhabditomorpha | Rhabditoidea | Rhabditidae | Peloderinae | Caenorhabditis
GO:0030283	Unknown		
GO:0080038	Viridiplantae	33090.0	root | cellular organisms | Eukaryota | Viridiplantae
GO:0010188	cellular organisms	131567.0	root | cellular organisms
GO:0051304	cellular organisms	131567.0	root | cellular organisms
GO:0097136	Bilateria	33213.0	root | cellular organisms | Eukaryota | Opisthokonta | Metazoa | Eumetazoa | Bilateria
GO:0071590	Eukaryota	2759.0	root | cellular organisms | Eukaryota
GO:0090711	cellular organisms	131567.0	root | cellular organisms
GO:0004629	cellular organisms	131567.0	root | cellular organisms
GO:0006869	root	1.0	root
GO:0010487	root	1.0	root
GO:0009868	Arabidopsis thaliana	3702.0	root | cellular organisms | Eukaryota | Viridiplantae | Streptophyta | Streptophytina | Embryophyta | Tracheophyta | Euphyllophyta | Spermatophyta | Magnoliopsida | Mesangiospermae | eudicotyledons | Gunneridae | Pentapetalae | rosids | malvids | Brassicales | Brassicaceae | Camelineae | Arabidopsis | Arabidopsis thaliana
GO:0000309	root	1.0	root
GO:0008902	cellular organisms	131567.0	root | cellular organisms
GO:0047912	Embryophyta	3193.0	root | cellular organisms | Eukaryota | Viridiplantae | Streptophyta | Streptophytina | Embryophyta
GO:0008585	Bilateria	33213.0	root | cellular organisms | Eukaryota | Opisthokonta | Metazoa | Eumetazoa | Bilateria
GO:0007059	root	1.0	root
GO:1990000	root	1.0	root
GO:0010190	cellular organisms	131567.0	root | cellular organisms
GO:0004722	root	1.0	root
GO:0042136	Unknown		
GO:0050769	Bilateria	33213.0	root | cellular organisms | Eukaryota | Opisthokonta | Metazoa | Eumetazoa | Bilateria
GO:0009703	cellular organisms	131567.0	root | cellular organisms
GO:0032433	Eukaryota	2759.0	root | cellular organisms | Eukaryota
GO:0008064	cellular organisms	131567.0	root | cellular organisms
GO:0031985	Eukaryota	2759.0	root | cellular organisms | Eukaryota
GO:0009722	Arabidopsis thaliana	3702.0	root | cellular organisms | Eukaryota | Viridiplantae | Streptophyta | Streptophytina | Embryophyta | Tracheophyta | Euphyllophyta | Spermatophyta | Magnoliopsida | Mesangiospermae | eudicotyledons | Gunneridae | Pentapetalae | rosids | malvids | Brassicales | Brassicaceae | Camelineae | Arabidopsis | Arabidopsis thaliana
GO:0008455	cellular organisms	131567.0	root | cellular organisms
GO:0042542	cellular organisms	131567.0	root | cellular organisms
GO:0006971	Eukaryota	2759.0	root | cellular organisms | Eukaryota
GO:0080004	Arabidopsis	3701.0	root | cellular organisms | Eukaryota | Viridiplantae | Streptophyta | Streptophytina | Embryophyta | Tracheophyta | Euphyllophyta | Spermatophyta | Magnoliopsida | Mesangiospermae | eudicotyledons | Gunneridae | Pentapetalae | rosids | malvids | Brassicales | Brassicaceae | Camelineae | Arabidopsis
GO:0007098	cellular organisms	131567.0	root | cellular organisms
GO:0009326	cellular organisms	131567.0	root | cellular organisms
GO:0052659	Eukaryota	2759.0	root | cellular organisms | Eukaryota
GO:0010257	cellular organisms	131567.0	root | cellular organisms
GO:0006903	Eukaryota	2759.0	root | cellular organisms | Eukaryota
GO:0070039	cellular organisms	131567.0	root | cellular organisms
GO:0006352	root	1.0	root
GO:0015026	Eukaryota	2759.0	root | cellular organisms | Eukaryota
GO:0009835	Mesangiospermae	1437183.0	root | cellular organisms | Eukaryota | Viridiplantae | Streptophyta | Streptophytina | Embryophyta | Tracheophyta | Euphyllophyta | Spermatophyta | Magnoliopsida | Mesangiospermae
GO:0009408	root	1.0	root
GO:2000693	Pentapetalae	1437201.0	root | cellular organisms | Eukaryota | Viridiplantae | Streptophyta | Streptophytina | Embryophyta | Tracheophyta | Euphyllophyta | Spermatophyta | Magnoliopsida | Mesangiospermae | eudicotyledons | Gunneridae | Pentapetalae
GO:1990429	Eukaryota	2759.0	root | cellular organisms | Eukaryota
GO:0007019	cellular organisms	131567.0	root | cellular organisms
GO:0009695	cellular organisms	131567.0	root | cellular organisms
GO:0008909	cellular organisms	131567.0	root | cellular organisms
GO:0006873	cellular organisms	131567.0	root | cellular organisms
GO:0032057	cellular organisms	131567.0	root | cellular organisms
GO:0017022	Eukaryota	2759.0	root | cellular organisms | Eukaryota
GO:0006436	cellular organisms	131567.0	root | cellular organisms
GO:0098004	Caudoviricetes	2731619.0	root | Viruses | Duplodnaviria | Heunggongvirae | Uroviricota | Caudoviricetes
GO:0034612	Eukaryota	2759.0	root | cellular organisms | Eukaryota
GO:0071931	Unknown		
GO:0031125	cellular organisms	131567.0	root | cellular organisms
GO:0051743	cellular organisms	131567.0	root | cellular organisms
GO:0042547	Arabidopsis thaliana	3702.0	root | cellular organisms | Eukaryota | Viridiplantae | Streptophyta | Streptophytina | Embryophyta | Tracheophyta | Euphyllophyta | Spermatophyta | Magnoliopsida | Mesangiospermae | eudicotyledons | Gunneridae | Pentapetalae | rosids | malvids | Brassicales | Brassicaceae | Camelineae | Arabidopsis | Arabidopsis thaliana
GO:0019211	cellular organisms	131567.0	root | cellular organisms
GO:0051503	Eukaryota	2759.0	root | cellular organisms | Eukaryota
GO:0060170	Eukaryota	2759.0	root | cellular organisms | Eukaryota
GO:0031464	Eukaryota	2759.0	root | cellular organisms | Eukaryota
GO:0045776	Opisthokonta	33154.0	root | cellular organisms | Eukaryota | Opisthokonta
GO:0007284	Bilateria	33213.0	root | cellular organisms | Eukaryota | Opisthokonta | Metazoa | Eumetazoa | Bilateria
GO:0002183	cellular organisms	131567.0	root | cellular organisms
GO:0034702	root	1.0	root
GO:0030593	Eumetazoa	6072.0	root | cellular organisms | Eukaryota | Opisthokonta | Metazoa | Eumetazoa
GO:0004788	root	1.0	root
GO:0071949	root	1.0	root
GO:0010792	root	1.0	root
GO:0052929	cellular organisms	131567.0	root | cellular organisms
GO:0070509	cellular organisms	131567.0	root | cellular organisms
GO:0005942	root	1.0	root
GO:0008271	cellular organisms	131567.0	root | cellular organisms
GO:0032281	Eumetazoa	6072.0	root | cellular organisms | Eukaryota | Opisthokonta | Metazoa | Eumetazoa
GO:0006111	cellular organisms	131567.0	root | cellular organisms
GO:0044773	Eukaryota	2759.0	root | cellular organisms | Eukaryota
GO:0010358	Arabidopsis thaliana	3702.0	root | cellular organisms | Eukaryota | Viridiplantae | Streptophyta | Streptophytina | Embryophyta | Tracheophyta | Euphyllophyta | Spermatophyta | Magnoliopsida | Mesangiospermae | eudicotyledons | Gunneridae | Pentapetalae | rosids | malvids | Brassicales | Brassicaceae | Camelineae | Arabidopsis | Arabidopsis thaliana
GO:0032797	cellular organisms	131567.0	root | cellular organisms
GO:0048659	Euteleostomi	117571.0	root | cellular organisms | Eukaryota | Opisthokonta | Metazoa | Eumetazoa | Bilateria | Deuterostomia | Chordata | Craniata | Vertebrata | Gnathostomata | Teleostomi | Euteleostomi
GO:0008216	cellular organisms	131567.0	root | cellular organisms
GO:0032886	Metazoa	33208.0	root | cellular organisms | Eukaryota | Opisthokonta | Metazoa
GO:0050155	Unknown		
GO:1902584	Eukaryota	2759.0	root | cellular organisms | Eukaryota
GO:0008545	Metazoa	33208.0	root | cellular organisms | Eukaryota | Opisthokonta | Metazoa
GO:0004582	cellular organisms	131567.0	root | cellular organisms
GO:0004540	root	1.0	root
GO:0070531	Eukaryota	2759.0	root | cellular organisms | Eukaryota
GO:0048205	Eukaryota	2759.0	root | cellular organisms | Eukaryota
GO:0001756	Chordata	7711.0	root | cellular organisms | Eukaryota | Opisthokonta | Metazoa | Eumetazoa | Bilateria | Deuterostomia | Chordata
GO:0033620	Fungi	4751.0	root | cellular organisms | Eukaryota | Opisthokonta | Fungi
GO:0002084	Boreoeutheria	1437010.0	root | cellular organisms | Eukaryota | Opisthokonta | Metazoa | Eumetazoa | Bilateria | Deuterostomia | Chordata | Craniata | Vertebrata | Gnathostomata | Teleostomi | Euteleostomi | Sarcopterygii | Dipnotetrapodomorpha | Tetrapoda | Amniota | Mammalia | Theria | Eutheria | Boreoeutheria
GO:0061909	Eukaryota	2759.0	root | cellular organisms | Eukaryota
GO:0005587	Metazoa	33208.0	root | cellular organisms | Eukaryota | Opisthokonta | Metazoa
GO:1903206	Unknown		
GO:0003865	cellular organisms	131567.0	root | cellular organisms
GO:0097177	cellular organisms	131567.0	root | cellular organisms
GO:0008963	cellular organisms	131567.0	root | cellular organisms
GO:0070390	Eukaryota	2759.0	root | cellular organisms | Eukaryota
GO:0006760	root	1.0	root
GO:0019985	root	1.0	root
GO:0010323	Eukaryota	2759.0	root | cellular organisms | Eukaryota
GO:0060996	Euteleostomi	117571.0	root | cellular organisms | Eukaryota | Opisthokonta | Metazoa | Eumetazoa | Bilateria | Deuterostomia | Chordata | Craniata | Vertebrata | Gnathostomata | Teleostomi | Euteleostomi
GO:0000465	Fungi	4751.0	root | cellular organisms | Eukaryota | Opisthokonta | Fungi
GO:0071702	Unknown		
GO:0007026	Eukaryota	2759.0	root | cellular organisms | Eukaryota
GO:0044238	Unknown		
GO:0042759	root	1.0	root
GO:0006123	Unknown		330876
GO:0030548	Bilateria	33213.0	root | cellular organisms | Eukaryota | Opisthokonta | Metazoa | Eumetazoa | Bilateria
GO:0052716	cellular organisms	131567.0	root | cellular organisms
GO:0035774	Vertebrata	7742.0	root | cellular organisms | Eukaryota | Opisthokonta | Metazoa | Eumetazoa | Bilateria | Deuterostomia | Chordata | Craniata | Vertebrata
GO:0043424	cellular organisms	131567.0	root | cellular organisms
GO:0033358	Mesangiospermae	1437183.0	root | cellular organisms | Eukaryota | Viridiplantae | Streptophyta | Streptophytina | Embryophyta | Tracheophyta | Euphyllophyta | Spermatophyta | Magnoliopsida | Mesangiospermae
GO:0006541	root	1.0	root
GO:0033481	Arabidopsis thaliana	3702.0	root | cellular organisms | Eukaryota | Viridiplantae | Streptophyta | Streptophytina | Embryophyta | Tracheophyta | Euphyllophyta | Spermatophyta | Magnoliopsida | Mesangiospermae | eudicotyledons | Gunneridae | Pentapetalae | rosids | malvids | Brassicales | Brassicaceae | Camelineae | Arabidopsis | Arabidopsis thaliana
GO:0030307	root	1.0	root
GO:0006875	Unknown		
GO:0051306	Eukaryota	2759.0	root | cellular organisms | Eukaryota
GO:0070652	cellular organisms	131567.0	root | cellular organisms
GO:0010331	Spermatophyta	58024.0	root | cellular organisms | Eukaryota | Viridiplantae | Streptophyta | Streptophytina | Embryophyta | Tracheophyta | Euphyllophyta | Spermatophyta
GO:0099635	Mus musculus	10090.0	root | cellular organisms | Eukaryota | Opisthokonta | Metazoa | Eumetazoa | Bilateria | Deuterostomia | Chordata | Craniata | Vertebrata | Gnathostomata | Teleostomi | Euteleostomi | Sarcopterygii | Dipnotetrapodomorpha | Tetrapoda | Amniota | Mammalia | Theria | Eutheria | Boreoeutheria | Euarchontoglires | Glires | Rodentia | Myomorpha | Muroidea | Muridae | Murinae | Mus | Mus | Mus musculus
GO:0051537	root	1.0	root
GO:0043734	Unknown		
GO:0046938	cellular organisms	131567.0	root | cellular organisms
GO:0034412	Schizosaccharomyces	4895.0	root | cellular organisms | Eukaryota | Opisthokonta | Fungi | Dikarya | Ascomycota | Taphrinomycotina | Schizosaccharomycetes | Schizosaccharomycetales | Schizosaccharomycetaceae | Schizosaccharomyces
GO:0004324	cellular organisms	131567.0	root | cellular organisms
GO:0005839	root	1.0	root
GO:0042058	Eukaryota	2759.0	root | cellular organisms | Eukaryota
GO:0042806	cellular organisms	131567.0	root | cellular organisms
GO:0000262	Eukaryota	2759.0	root | cellular organisms | Eukaryota
GO:0090439	Eukaryota	2759.0	root | cellular organisms | Eukaryota
GO:0010451	Arabidopsis thaliana	3702.0	root | cellular organisms | Eukaryota | Viridiplantae | Streptophyta | Streptophytina | Embryophyta | Tracheophyta | Euphyllophyta | Spermatophyta | Magnoliopsida | Mesangiospermae | eudicotyledons | Gunneridae | Pentapetalae | rosids | malvids | Brassicales | Brassicaceae | Camelineae | Arabidopsis | Arabidopsis thaliana
GO:0051259	root	1.0	root
GO:0102193	cellular organisms	131567.0	root | cellular organisms
GO:1900370	Bilateria	33213.0	root | cellular organisms | Eukaryota | Opisthokonta | Metazoa | Eumetazoa | Bilateria
GO:0046272	Amniota	32524.0	root | cellular organisms | Eukaryota | Opisthokonta | Metazoa | Eumetazoa | Bilateria | Deuterostomia | Chordata | Craniata | Vertebrata | Gnathostomata | Teleostomi | Euteleostomi | Sarcopterygii | Dipnotetrapodomorpha | Tetrapoda | Amniota
GO:0010077	Pentapetalae	1437201.0	root | cellular organisms | Eukaryota | Viridiplantae | Streptophyta | Streptophytina | Embryophyta | Tracheophyta | Euphyllophyta | Spermatophyta | Magnoliopsida | Mesangiospermae | eudicotyledons | Gunneridae | Pentapetalae
GO:0008083	root	1.0	root
GO:0017038	root	1.0	root
GO:0045760	Bilateria	33213.0	root | cellular organisms | Eukaryota | Opisthokonta | Metazoa | Eumetazoa | Bilateria
GO:0098606	Amniota	32524.0	root | cellular organisms | Eukaryota | Opisthokonta | Metazoa | Eumetazoa | Bilateria | Deuterostomia | Chordata | Craniata | Vertebrata | Gnathostomata | Teleostomi | Euteleostomi | Sarcopterygii | Dipnotetrapodomorpha | Tetrapoda | Amniota
GO:0007165	Unknown		3470597
GO:0030433	Unknown		
GO:0030245	root	1.0	root
GO:0000282	Fungi	4751.0	root | cellular organisms | Eukaryota | Opisthokonta | Fungi
GO:0044162	Unknown		1554481
GO:0019094	Bilateria	33213.0	root | cellular organisms | Eukaryota | Opisthokonta | Metazoa | Eumetazoa | Bilateria
GO:0004672	Unknown		3470597
GO:0055007	Bilateria	33213.0	root | cellular organisms | Eukaryota | Opisthokonta | Metazoa | Eumetazoa | Bilateria
GO:0009642	Eukaryota	2759.0	root | cellular organisms | Eukaryota
GO:0046523	cellular organisms	131567.0	root | cellular organisms
GO:0046653	root	1.0	root
GO:1990531	cellular organisms	131567.0	root | cellular organisms
GO:0035498	Eukaryota	2759.0	root | cellular organisms | Eukaryota
GO:0003746	cellular organisms	131567.0	root | cellular organisms
GO:0002024	Euteleostomi	117571.0	root | cellular organisms | Eukaryota | Opisthokonta | Metazoa | Eumetazoa | Bilateria | Deuterostomia | Chordata | Craniata | Vertebrata | Gnathostomata | Teleostomi | Euteleostomi
GO:0008009	root	1.0	root
GO:1990440	Unknown		
GO:0032776	Unknown		
GO:0033795	Bacteria	2.0	root | cellular organisms | Bacteria
GO:0034722	root	1.0	root
GO:0098839	Eumetazoa	6072.0	root | cellular organisms | Eukaryota | Opisthokonta | Metazoa | Eumetazoa
GO:0047352	Eukaryota	2759.0	root | cellular organisms | Eukaryota
GO:0097361	cellular organisms	131567.0	root | cellular organisms
GO:0070552	Eukaryota	2759.0	root | cellular organisms | Eukaryota
GO:0035067	Unknown		
GO:0030732	Eukaryota	2759.0	root | cellular organisms | Eukaryota
GO:0010592	Eumetazoa	6072.0	root | cellular organisms | Eukaryota | Opisthokonta | Metazoa | Eumetazoa
GO:0047372	cellular organisms	131567.0	root | cellular organisms
GO:0061711	root	1.0	root
GO:0047940	cellular organisms	131567.0	root | cellular organisms
GO:0099048	cellular organisms	131567.0	root | cellular organisms
GO:0004528	root	1.0	root
GO:0021933	Sarcopterygii	8287.0	root | cellular organisms | Eukaryota | Opisthokonta | Metazoa | Eumetazoa | Bilateria | Deuterostomia | Chordata | Craniata | Vertebrata | Gnathostomata | Teleostomi | Euteleostomi | Sarcopterygii
GO:0006024	cellular organisms	131567.0	root | cellular organisms
GO:0050313	cellular organisms	131567.0	root | cellular organisms
GO:0042843	cellular organisms	131567.0	root | cellular organisms
GO:0032876	Eukaryota	2759.0	root | cellular organisms | Eukaryota
GO:0010918	Eukaryota	2759.0	root | cellular organisms | Eukaryota
GO:0006161	cellular organisms	131567.0	root | cellular organisms
GO:0050162	Eukaryota	2759.0	root | cellular organisms | Eukaryota
GO:0045016	Eukaryota	2759.0	root | cellular organisms | Eukaryota
GO:1902769	Unknown		
GO:0006621	Eukaryota	2759.0	root | cellular organisms | Eukaryota
GO:0005832	Eukaryota	2759.0	root | cellular organisms | Eukaryota
GO:0046906	cellular organisms	131567.0	root | cellular organisms
GO:0016104	cellular organisms	131567.0	root | cellular organisms
GO:0033946	cellular organisms	131567.0	root | cellular organisms
GO:0103007	Mesangiospermae	1437183.0	root | cellular organisms | Eukaryota | Viridiplantae | Streptophyta | Streptophytina | Embryophyta | Tracheophyta | Euphyllophyta | Spermatophyta | Magnoliopsida | Mesangiospermae
GO:2000738	Bilateria	33213.0	root | cellular organisms | Eukaryota | Opisthokonta | Metazoa | Eumetazoa | Bilateria
GO:0009058	Eukaryota	2759.0	root | cellular organisms | Eukaryota
GO:2000481	Amniota	32524.0	root | cellular organisms | Eukaryota | Opisthokonta | Metazoa | Eumetazoa | Bilateria | Deuterostomia | Chordata | Craniata | Vertebrata | Gnathostomata | Teleostomi | Euteleostomi | Sarcopterygii | Dipnotetrapodomorpha | Tetrapoda | Amniota
GO:1990439	Opisthokonta	33154.0	root | cellular organisms | Eukaryota | Opisthokonta
GO:0005742	Eukaryota	2759.0	root | cellular organisms | Eukaryota
GO:0048749	Pterygota	7496.0	root | cellular organisms | Eukaryota | Opisthokonta | Metazoa | Eumetazoa | Bilateria | Protostomia | Ecdysozoa | Panarthropoda | Arthropoda | Mandibulata | Pancrustacea | Altocrustacea | Allotriocarida | Hexapoda | Insecta | Dicondylia | Pterygota
GO:0003680	cellular organisms	131567.0	root | cellular organisms
GO:0043716	Bacteria	2.0	root | cellular organisms | Bacteria
GO:0008977	cellular organisms	131567.0	root | cellular organisms
GO:0003857	cellular organisms	131567.0	root | cellular organisms
GO:0032786	Eukaryota	2759.0	root | cellular organisms | Eukaryota
GO:0007200	cellular organisms	131567.0	root | cellular organisms
GO:0001569	Euteleostomi	117571.0	root | cellular organisms | Eukaryota | Opisthokonta | Metazoa | Eumetazoa | Bilateria | Deuterostomia | Chordata | Craniata | Vertebrata | Gnathostomata | Teleostomi | Euteleostomi
GO:0009534	Eukaryota	2759.0	root | cellular organisms | Eukaryota
GO:0015399	cellular organisms	131567.0	root | cellular organisms
GO:0007168	cellular organisms	131567.0	root | cellular organisms
GO:0019894	cellular organisms	131567.0	root | cellular organisms
GO:0004338	cellular organisms	131567.0	root | cellular organisms
GO:0071712	Unknown		
GO:0009630	Embryophyta	3193.0	root | cellular organisms | Eukaryota | Viridiplantae | Streptophyta | Streptophytina | Embryophyta
GO:0002931	Euteleostomi	117571.0	root | cellular organisms | Eukaryota | Opisthokonta | Metazoa | Eumetazoa | Bilateria | Deuterostomia | Chordata | Craniata | Vertebrata | Gnathostomata | Teleostomi | Euteleostomi
GO:0019567	Arabidopsis thaliana	3702.0	root | cellular organisms | Eukaryota | Viridiplantae | Streptophyta | Streptophytina | Embryophyta | Tracheophyta | Euphyllophyta | Spermatophyta | Magnoliopsida | Mesangiospermae | eudicotyledons | Gunneridae | Pentapetalae | rosids | malvids | Brassicales | Brassicaceae | Camelineae | Arabidopsis | Arabidopsis thaliana
GO:0034707	Opisthokonta	33154.0	root | cellular organisms | Eukaryota | Opisthokonta
GO:0007006	Eukaryota	2759.0	root | cellular organisms | Eukaryota
GO:0031929	cellular organisms	131567.0	root | cellular organisms
GO:0004620	root	1.0	root
GO:0008517	cellular organisms	131567.0	root | cellular organisms
GO:0007193	Eukaryota	2759.0	root | cellular organisms | Eukaryota
GO:0048539	Euteleostomi	117571.0	root | cellular organisms | Eukaryota | Opisthokonta | Metazoa | Eumetazoa | Bilateria | Deuterostomia | Chordata | Craniata | Vertebrata | Gnathostomata | Teleostomi | Euteleostomi
GO:0004129	Unknown		330876
GO:0009909	Magnoliopsida	3398.0	root | cellular organisms | Eukaryota | Viridiplantae | Streptophyta | Streptophytina | Embryophyta | Tracheophyta | Euphyllophyta | Spermatophyta | Magnoliopsida
GO:1900109	Unknown		
GO:0010896	Mesangiospermae	1437183.0	root | cellular organisms | Eukaryota | Viridiplantae | Streptophyta | Streptophytina | Embryophyta | Tracheophyta | Euphyllophyta | Spermatophyta | Magnoliopsida | Mesangiospermae
GO:0000137	Eukaryota	2759.0	root | cellular organisms | Eukaryota
GO:0007042	Eukaryota	2759.0	root | cellular organisms | Eukaryota
GO:0032870	Eukaryota	2759.0	root | cellular organisms | Eukaryota
GO:0004354	cellular organisms	131567.0	root | cellular organisms
GO:0015108	root	1.0	root
GO:0046963	Eukaryota	2759.0	root | cellular organisms | Eukaryota
GO:0031977	cellular organisms	131567.0	root | cellular organisms
GO:0039645	Unknown		3470597
GO:0016208	cellular organisms	131567.0	root | cellular organisms
GO:0030836	cellular organisms	131567.0	root | cellular organisms
GO:1990136	cellular organisms	131567.0	root | cellular organisms
GO:1903061	Euarchontoglires	314146.0	root | cellular organisms | Eukaryota | Opisthokonta | Metazoa | Eumetazoa | Bilateria | Deuterostomia | Chordata | Craniata | Vertebrata | Gnathostomata | Teleostomi | Euteleostomi | Sarcopterygii | Dipnotetrapodomorpha | Tetrapoda | Amniota | Mammalia | Theria | Eutheria | Boreoeutheria | Euarchontoglires
GO:0035299	Eukaryota	2759.0	root | cellular organisms | Eukaryota
GO:0034052	cellular organisms	131567.0	root | cellular organisms
GO:0009741	Eukaryota	2759.0	root | cellular organisms | Eukaryota
GO:0010540	Magnoliopsida	3398.0	root | cellular organisms | Eukaryota | Viridiplantae | Streptophyta | Streptophytina | Embryophyta | Tracheophyta | Euphyllophyta | Spermatophyta | Magnoliopsida
GO:0000103	root	1.0	root
GO:1903401	cellular organisms	131567.0	root | cellular organisms
GO:0044666	Eukaryota	2759.0	root | cellular organisms | Eukaryota
GO:2000379	Eukaryota	2759.0	root | cellular organisms | Eukaryota
GO:0006633	root	1.0	root
GO:0016874	root	1.0	root
GO:0035612	Opisthokonta	33154.0	root | cellular organisms | Eukaryota | Opisthokonta
GO:0032129	Opisthokonta	33154.0	root | cellular organisms | Eukaryota | Opisthokonta
GO:0031432	Vertebrata	7742.0	root | cellular organisms | Eukaryota | Opisthokonta | Metazoa | Eumetazoa | Bilateria | Deuterostomia | Chordata | Craniata | Vertebrata
GO:0070734	Unknown		
GO:2001108	Unknown		
GO:0097524	Eukaryota	2759.0	root | cellular organisms | Eukaryota
GO:1902417	Streptophyta	35493.0	root | cellular organisms | Eukaryota | Viridiplantae | Streptophyta
GO:0070682	cellular organisms	131567.0	root | cellular organisms
GO:0003922	root	1.0	root
GO:0010217	Unknown		
GO:0001054	Unknown		
GO:0048455	Mesangiospermae	1437183.0	root | cellular organisms | Eukaryota | Viridiplantae | Streptophyta | Streptophytina | Embryophyta | Tracheophyta | Euphyllophyta | Spermatophyta | Magnoliopsida | Mesangiospermae
GO:0005850	Eukaryota	2759.0	root | cellular organisms | Eukaryota
GO:0051490	Eukaryota	2759.0	root | cellular organisms | Eukaryota
GO:0043331	cellular organisms	131567.0	root | cellular organisms
GO:0036438	Euteleostomi	117571.0	root | cellular organisms | Eukaryota | Opisthokonta | Metazoa | Eumetazoa | Bilateria | Deuterostomia | Chordata | Craniata | Vertebrata | Gnathostomata | Teleostomi | Euteleostomi
GO:0010233	Brassicaceae	3700.0	root | cellular organisms | Eukaryota | Viridiplantae | Streptophyta | Streptophytina | Embryophyta | Tracheophyta | Euphyllophyta | Spermatophyta | Magnoliopsida | Mesangiospermae | eudicotyledons | Gunneridae | Pentapetalae | rosids | malvids | Brassicales | Brassicaceae
GO:0010087	Eukaryota	2759.0	root | cellular organisms | Eukaryota
GO:0005324	cellular organisms	131567.0	root | cellular organisms
GO:0045839	Eukaryota	2759.0	root | cellular organisms | Eukaryota
GO:0007166	root	1.0	root
GO:0031501	cellular organisms	131567.0	root | cellular organisms
GO:1905182	Unknown		
GO:0008453	cellular organisms	131567.0	root | cellular organisms
GO:0140483	Opisthokonta	33154.0	root | cellular organisms | Eukaryota | Opisthokonta
GO:0043137	root	1.0	root
GO:0071492	Eukaryota	2759.0	root | cellular organisms | Eukaryota
GO:0098554	Eukaryota	2759.0	root | cellular organisms | Eukaryota
GO:0006559	cellular organisms	131567.0	root | cellular organisms
GO:0006414	root	1.0	root
GO:0009522	cellular organisms	131567.0	root | cellular organisms
GO:2000030	Magnoliopsida	3398.0	root | cellular organisms | Eukaryota | Viridiplantae | Streptophyta | Streptophytina | Embryophyta | Tracheophyta | Euphyllophyta | Spermatophyta | Magnoliopsida
GO:0034515	Eukaryota	2759.0	root | cellular organisms | Eukaryota
GO:0047501	cellular organisms	131567.0	root | cellular organisms
GO:0044201	Unknown		3470597
GO:0007021	cellular organisms	131567.0	root | cellular organisms
GO:0051595	cellular organisms	131567.0	root | cellular organisms
GO:0051601	Eukaryota	2759.0	root | cellular organisms | Eukaryota
GO:2000269	Amniota	32524.0	root | cellular organisms | Eukaryota | Opisthokonta | Metazoa | Eumetazoa | Bilateria | Deuterostomia | Chordata | Craniata | Vertebrata | Gnathostomata | Teleostomi | Euteleostomi | Sarcopterygii | Dipnotetrapodomorpha | Tetrapoda | Amniota
GO:0016042	root	1.0	root
GO:0046899	Eukaryota	2759.0	root | cellular organisms | Eukaryota
GO:0043248	cellular organisms	131567.0	root | cellular organisms
GO:0030691	Eukaryota	2759.0	root | cellular organisms | Eukaryota
GO:2000026	Eukaryota	2759.0	root | cellular organisms | Eukaryota
GO:0004641	root	1.0	root
GO:0016328	cellular organisms	131567.0	root | cellular organisms
GO:0060625	Ecdysozoa	1206794.0	root | cellular organisms | Eukaryota | Opisthokonta | Metazoa | Eumetazoa | Bilateria | Protostomia | Ecdysozoa
GO:0008934	cellular organisms	131567.0	root | cellular organisms
GO:0102203	Unknown		
GO:0043132	Eukaryota	2759.0	root | cellular organisms | Eukaryota
GO:0009503	Viridiplantae	33090.0	root | cellular organisms | Eukaryota | Viridiplantae
GO:1902464	Unknown		
GO:0140445	Eukaryota	2759.0	root | cellular organisms | Eukaryota
GO:1901527	Eukaryota	2759.0	root | cellular organisms | Eukaryota
GO:0140301	Brassicaceae	3700.0	root | cellular organisms | Eukaryota | Viridiplantae | Streptophyta | Streptophytina | Embryophyta | Tracheophyta | Euphyllophyta | Spermatophyta | Magnoliopsida | Mesangiospermae | eudicotyledons | Gunneridae | Pentapetalae | rosids | malvids | Brassicales | Brassicaceae
GO:0036498	cellular organisms	131567.0	root | cellular organisms
GO:0019556	Unknown		
GO:0007611	Eumetazoa	6072.0	root | cellular organisms | Eukaryota | Opisthokonta | Metazoa | Eumetazoa
GO:0106014	Euteleostomi	117571.0	root | cellular organisms | Eukaryota | Opisthokonta | Metazoa | Eumetazoa | Bilateria | Deuterostomia | Chordata | Craniata | Vertebrata | Gnathostomata | Teleostomi | Euteleostomi
GO:0019354	cellular organisms	131567.0	root | cellular organisms
GO:0000139	Eukaryota	2759.0	root | cellular organisms | Eukaryota
GO:0010541	Arabidopsis thaliana	3702.0	root | cellular organisms | Eukaryota | Viridiplantae | Streptophyta | Streptophytina | Embryophyta | Tracheophyta | Euphyllophyta | Spermatophyta | Magnoliopsida | Mesangiospermae | eudicotyledons | Gunneridae | Pentapetalae | rosids | malvids | Brassicales | Brassicaceae | Camelineae | Arabidopsis | Arabidopsis thaliana
GO:0048017	Unknown		
GO:0009349	cellular organisms	131567.0	root | cellular organisms
GO:0102374	Unknown		
GO:1900035	Eukaryota	2759.0	root | cellular organisms | Eukaryota
GO:0051245	Eukaryota	2759.0	root | cellular organisms | Eukaryota
GO:0051260	root	1.0	root
GO:0016277	Unknown		
GO:1900140	Viridiplantae	33090.0	root | cellular organisms | Eukaryota | Viridiplantae
GO:0097440	Tetrapoda	32523.0	root | cellular organisms | Eukaryota | Opisthokonta | Metazoa | Eumetazoa | Bilateria | Deuterostomia | Chordata | Craniata | Vertebrata | Gnathostomata | Teleostomi | Euteleostomi | Sarcopterygii | Dipnotetrapodomorpha | Tetrapoda
GO:0048103	Eukaryota	2759.0	root | cellular organisms | Eukaryota
GO:0004468	Eukaryota	2759.0	root | cellular organisms | Eukaryota
GO:1990544	cellular organisms	131567.0	root | cellular organisms
GO:0051382	cellular organisms	131567.0	root | cellular organisms
GO:0042796	cellular organisms	131567.0	root | cellular organisms
GO:0051290	cellular organisms	131567.0	root | cellular organisms
GO:0000715	cellular organisms	131567.0	root | cellular organisms
GO:0040015	Eukaryota	2759.0	root | cellular organisms | Eukaryota
GO:0010269	Eukaryota	2759.0	root | cellular organisms | Eukaryota
GO:1901750	Bilateria	33213.0	root | cellular organisms | Eukaryota | Opisthokonta | Metazoa | Eumetazoa | Bilateria
GO:1990733	Amniota	32524.0	root | cellular organisms | Eukaryota | Opisthokonta | Metazoa | Eumetazoa | Bilateria | Deuterostomia | Chordata | Craniata | Vertebrata | Gnathostomata | Teleostomi | Euteleostomi | Sarcopterygii | Dipnotetrapodomorpha | Tetrapoda | Amniota
GO:0032467	root	1.0	root
GO:0019177	cellular organisms	131567.0	root | cellular organisms
GO:2000121	Eukaryota	2759.0	root | cellular organisms | Eukaryota
GO:0098849	cellular organisms	131567.0	root | cellular organisms
GO:0103067	Unknown		
GO:0000494	cellular organisms	131567.0	root | cellular organisms
GO:0005216	root	1.0	root
GO:1902440	Saccharomyces cerevisiae S288C	559292.0	root | cellular organisms | Eukaryota | Opisthokonta | Fungi | Dikarya | Ascomycota | saccharomyceta | Saccharomycotina | Saccharomycetes | Saccharomycetales | Saccharomycetaceae | Saccharomyces | Saccharomyces cerevisiae | Saccharomyces cerevisiae S288C
GO:0046943	cellular organisms	131567.0	root | cellular organisms
GO:0016070	root	1.0	root
GO:0044210	root	1.0	root
GO:0034087	Eukaryota	2759.0	root | cellular organisms | Eukaryota
GO:0005958	Eukaryota	2759.0	root | cellular organisms | Eukaryota
GO:0001707	Eumetazoa	6072.0	root | cellular organisms | Eukaryota | Opisthokonta | Metazoa | Eumetazoa
GO:0006982	Eukaryota	2759.0	root | cellular organisms | Eukaryota
GO:0046686	cellular organisms	131567.0	root | cellular organisms
GO:1901847	Eukaryota	2759.0	root | cellular organisms | Eukaryota
GO:0006003	cellular organisms	131567.0	root | cellular organisms
GO:0072355	Unknown		
GO:0090592	root	1.0	root
GO:0016282	Eukaryota	2759.0	root | cellular organisms | Eukaryota
GO:0043068	cellular organisms	131567.0	root | cellular organisms
GO:0045668	Euteleostomi	117571.0	root | cellular organisms | Eukaryota | Opisthokonta | Metazoa | Eumetazoa | Bilateria | Deuterostomia | Chordata | Craniata | Vertebrata | Gnathostomata | Teleostomi | Euteleostomi
GO:0033567	root	1.0	root
GO:0080085	Unknown		
GO:0010247	cellular organisms	131567.0	root | cellular organisms
GO:0051247	Eukaryota	2759.0	root | cellular organisms | Eukaryota
GO:0080139	Eukaryota	2759.0	root | cellular organisms | Eukaryota
GO:0019745	Tracheophyta	58023.0	root | cellular organisms | Eukaryota | Viridiplantae | Streptophyta | Streptophytina | Embryophyta | Tracheophyta
GO:0046474	cellular organisms	131567.0	root | cellular organisms
GO:0022627	cellular organisms	131567.0	root | cellular organisms
GO:0004694	Eukaryota	2759.0	root | cellular organisms | Eukaryota
GO:0008482	cellular organisms	131567.0	root | cellular organisms
GO:0052904	Unknown		
GO:0003924	root	1.0	root
GO:0035402	Eukaryota	2759.0	root | cellular organisms | Eukaryota
GO:0035631	Opisthokonta	33154.0	root | cellular organisms | Eukaryota | Opisthokonta
GO:0000324	Fungi	4751.0	root | cellular organisms | Eukaryota | Opisthokonta | Fungi
GO:0009823	Arabidopsis thaliana	3702.0	root | cellular organisms | Eukaryota | Viridiplantae | Streptophyta | Streptophytina | Embryophyta | Tracheophyta | Euphyllophyta | Spermatophyta | Magnoliopsida | Mesangiospermae | eudicotyledons | Gunneridae | Pentapetalae | rosids | malvids | Brassicales | Brassicaceae | Camelineae | Arabidopsis | Arabidopsis thaliana
GO:0103103	Unknown		
GO:0150099	Amniota	32524.0	root | cellular organisms | Eukaryota | Opisthokonta | Metazoa | Eumetazoa | Bilateria | Deuterostomia | Chordata | Craniata | Vertebrata | Gnathostomata | Teleostomi | Euteleostomi | Sarcopterygii | Dipnotetrapodomorpha | Tetrapoda | Amniota
GO:0071370	Viridiplantae	33090.0	root | cellular organisms | Eukaryota | Viridiplantae
GO:0016314	Eukaryota	2759.0	root | cellular organisms | Eukaryota
GO:0044778	Eukaryota	2759.0	root | cellular organisms | Eukaryota
GO:1905604	Amniota	32524.0	root | cellular organisms | Eukaryota | Opisthokonta | Metazoa | Eumetazoa | Bilateria | Deuterostomia | Chordata | Craniata | Vertebrata | Gnathostomata | Teleostomi | Euteleostomi | Sarcopterygii | Dipnotetrapodomorpha | Tetrapoda | Amniota
GO:0047082	Mesangiospermae	1437183.0	root | cellular organisms | Eukaryota | Viridiplantae | Streptophyta | Streptophytina | Embryophyta | Tracheophyta | Euphyllophyta | Spermatophyta | Magnoliopsida | Mesangiospermae
GO:0180004	Unknown		
GO:0009567	Magnoliopsida	3398.0	root | cellular organisms | Eukaryota | Viridiplantae | Streptophyta | Streptophytina | Embryophyta | Tracheophyta | Euphyllophyta | Spermatophyta | Magnoliopsida
GO:0048278	Eukaryota	2759.0	root | cellular organisms | Eukaryota
GO:0090547	Eukaryota	2759.0	root | cellular organisms | Eukaryota
GO:1902446	Arabidopsis thaliana	3702.0	root | cellular organisms | Eukaryota | Viridiplantae | Streptophyta | Streptophytina | Embryophyta | Tracheophyta | Euphyllophyta | Spermatophyta | Magnoliopsida | Mesangiospermae | eudicotyledons | Gunneridae | Pentapetalae | rosids | malvids | Brassicales | Brassicaceae | Camelineae | Arabidopsis | Arabidopsis thaliana
GO:0071284	cellular organisms	131567.0	root | cellular organisms
GO:0036218	cellular organisms	131567.0	root | cellular organisms
GO:0044155	Rotavirus	10912.0	root | Viruses | Riboviria | Orthornavirae | Duplornaviricota | Resentoviricetes | Reovirales | Sedoreoviridae | Rotavirus
GO:0060681	Euteleostomi	117571.0	root | cellular organisms | Eukaryota | Opisthokonta | Metazoa | Eumetazoa | Bilateria | Deuterostomia | Chordata | Craniata | Vertebrata | Gnathostomata | Teleostomi | Euteleostomi
GO:0010224	Eukaryota	2759.0	root | cellular organisms | Eukaryota
GO:0007188	cellular organisms	131567.0	root | cellular organisms
GO:0046933	cellular organisms	131567.0	root | cellular organisms
GO:0003861	cellular organisms	131567.0	root | cellular organisms
GO:0015689	cellular organisms	131567.0	root | cellular organisms
GO:0015278	Opisthokonta	33154.0	root | cellular organisms | Eukaryota | Opisthokonta
GO:0003330	Euteleostomi	117571.0	root | cellular organisms | Eukaryota | Opisthokonta | Metazoa | Eumetazoa | Bilateria | Deuterostomia | Chordata | Craniata | Vertebrata | Gnathostomata | Teleostomi | Euteleostomi
GO:0051783	Eukaryota	2759.0	root | cellular organisms | Eukaryota
GO:0047150	cellular organisms	131567.0	root | cellular organisms
GO:0030317	Eukaryota	2759.0	root | cellular organisms | Eukaryota
GO:2000300	Metazoa	33208.0	root | cellular organisms | Eukaryota | Opisthokonta | Metazoa
GO:0061507	root	1.0	root
GO:0032720	Bilateria	33213.0	root | cellular organisms | Eukaryota | Opisthokonta | Metazoa | Eumetazoa | Bilateria
GO:0019285	cellular organisms	131567.0	root | cellular organisms
GO:0051753	Viridiplantae	33090.0	root | cellular organisms | Eukaryota | Viridiplantae
GO:0102148	Unknown		
GO:0048478	Unknown		
GO:0052855	cellular organisms	131567.0	root | cellular organisms
GO:0033147	Gnathostomata	7776.0	root | cellular organisms | Eukaryota | Opisthokonta | Metazoa | Eumetazoa | Bilateria | Deuterostomia | Chordata | Craniata | Vertebrata | Gnathostomata
GO:0009093	Unknown		
GO:0044389	root	1.0	root
GO:0016413	cellular organisms	131567.0	root | cellular organisms
GO:0006106	cellular organisms	131567.0	root | cellular organisms
GO:0098654	Opisthokonta	33154.0	root | cellular organisms | Eukaryota | Opisthokonta
GO:0048731	Eukaryota	2759.0	root | cellular organisms | Eukaryota
GO:0045046	Eukaryota	2759.0	root | cellular organisms | Eukaryota
GO:0051762	cellular organisms	131567.0	root | cellular organisms
GO:0047793	cellular organisms	131567.0	root | cellular organisms
GO:0046935	Eukaryota	2759.0	root | cellular organisms | Eukaryota
GO:0005700	cellular organisms	131567.0	root | cellular organisms
GO:0000794	Eukaryota	2759.0	root | cellular organisms | Eukaryota
GO:0009560	Arabidopsis thaliana	3702.0	root | cellular organisms | Eukaryota | Viridiplantae | Streptophyta | Streptophytina | Embryophyta | Tracheophyta | Euphyllophyta | Spermatophyta | Magnoliopsida | Mesangiospermae | eudicotyledons | Gunneridae | Pentapetalae | rosids | malvids | Brassicales | Brassicaceae | Camelineae | Arabidopsis | Arabidopsis thaliana
GO:0008154	cellular organisms	131567.0	root | cellular organisms
GO:1903070	Unknown		
GO:0071557	Unknown		
GO:0042446	cellular organisms	131567.0	root | cellular organisms
GO:0006479	cellular organisms	131567.0	root | cellular organisms
GO:0071540	Eukaryota	2759.0	root | cellular organisms | Eukaryota
GO:1901485	Unknown		
GO:0010342	Mesangiospermae	1437183.0	root | cellular organisms | Eukaryota | Viridiplantae | Streptophyta | Streptophytina | Embryophyta | Tracheophyta | Euphyllophyta | Spermatophyta | Magnoliopsida | Mesangiospermae
GO:0061670	Bilateria	33213.0	root | cellular organisms | Eukaryota | Opisthokonta | Metazoa | Eumetazoa | Bilateria
GO:0019450	Unknown		
GO:0016740	Unknown		3470597
GO:0005546	root	1.0	root
GO:0055013	Bilateria	33213.0	root | cellular organisms | Eukaryota | Opisthokonta | Metazoa | Eumetazoa | Bilateria
GO:0097051	Eukaryota	2759.0	root | cellular organisms | Eukaryota
GO:0021626	Amniota	32524.0	root | cellular organisms | Eukaryota | Opisthokonta | Metazoa | Eumetazoa | Bilateria | Deuterostomia | Chordata | Craniata | Vertebrata | Gnathostomata | Teleostomi | Euteleostomi | Sarcopterygii | Dipnotetrapodomorpha | Tetrapoda | Amniota
GO:0046761	root	1.0	root
GO:0034116	cellular organisms	131567.0	root | cellular organisms
GO:0002040	Vertebrata	7742.0	root | cellular organisms | Eukaryota | Opisthokonta | Metazoa | Eumetazoa | Bilateria | Deuterostomia | Chordata | Craniata | Vertebrata
GO:1990426	Eukaryota	2759.0	root | cellular organisms | Eukaryota
GO:1903553	Eukaryota	2759.0	root | cellular organisms | Eukaryota
GO:0018478	cellular organisms	131567.0	root | cellular organisms
GO:0034757	Eukaryota	2759.0	root | cellular organisms | Eukaryota
GO:0035307	Unknown		
GO:0046912	root	1.0	root
GO:0033759	Pentapetalae	1437201.0	root | cellular organisms | Eukaryota | Viridiplantae | Streptophyta | Streptophytina | Embryophyta | Tracheophyta | Euphyllophyta | Spermatophyta | Magnoliopsida | Mesangiospermae | eudicotyledons | Gunneridae | Pentapetalae
GO:0032545	Eukaryota	2759.0	root | cellular organisms | Eukaryota
GO:0080021	Eukaryota	2759.0	root | cellular organisms | Eukaryota
GO:0019148	cellular organisms	131567.0	root | cellular organisms
GO:1905870	Bilateria	33213.0	root | cellular organisms | Eukaryota | Opisthokonta | Metazoa | Eumetazoa | Bilateria
GO:0051649	cellular organisms	131567.0	root | cellular organisms
GO:0044187	Viruses	10239.0	root | Viruses
GO:0006914	cellular organisms	131567.0	root | cellular organisms
GO:0031391	Eukaryota	2759.0	root | cellular organisms | Eukaryota
GO:0031597	Eukaryota	2759.0	root | cellular organisms | Eukaryota
GO:0003975	cellular organisms	131567.0	root | cellular organisms
GO:0031542	Mesangiospermae	1437183.0	root | cellular organisms | Eukaryota | Viridiplantae | Streptophyta | Streptophytina | Embryophyta | Tracheophyta | Euphyllophyta | Spermatophyta | Magnoliopsida | Mesangiospermae
GO:0004077	cellular organisms	131567.0	root | cellular organisms
GO:0046624	Euteleostomi	117571.0	root | cellular organisms | Eukaryota | Opisthokonta | Metazoa | Eumetazoa | Bilateria | Deuterostomia | Chordata | Craniata | Vertebrata | Gnathostomata | Teleostomi | Euteleostomi
GO:0017076	root	1.0	root
GO:0050896	Unknown		
GO:0010432	Arabidopsis thaliana	3702.0	root | cellular organisms | Eukaryota | Viridiplantae | Streptophyta | Streptophytina | Embryophyta | Tracheophyta | Euphyllophyta | Spermatophyta | Magnoliopsida | Mesangiospermae | eudicotyledons | Gunneridae | Pentapetalae | rosids | malvids | Brassicales | Brassicaceae | Camelineae | Arabidopsis | Arabidopsis thaliana
GO:0006730	root	1.0	root
GO:0000109	Eukaryota	2759.0	root | cellular organisms | Eukaryota
GO:0001865	Euteleostomi	117571.0	root | cellular organisms | Eukaryota | Opisthokonta | Metazoa | Eumetazoa | Bilateria | Deuterostomia | Chordata | Craniata | Vertebrata | Gnathostomata | Teleostomi | Euteleostomi
GO:0046168	cellular organisms	131567.0	root | cellular organisms
GO:0019419	Unknown		
GO:0086100	Chordata	7711.0	root | cellular organisms | Eukaryota | Opisthokonta | Metazoa | Eumetazoa | Bilateria | Deuterostomia | Chordata
GO:0035404	Unknown		
GO:0009269	cellular organisms	131567.0	root | cellular organisms
GO:0009691	root	1.0	root
GO:0015142	Eukaryota	2759.0	root | cellular organisms | Eukaryota
GO:0009947	Arabidopsis thaliana	3702.0	root | cellular organisms | Eukaryota | Viridiplantae | Streptophyta | Streptophytina | Embryophyta | Tracheophyta | Euphyllophyta | Spermatophyta | Magnoliopsida | Mesangiospermae | eudicotyledons | Gunneridae | Pentapetalae | rosids | malvids | Brassicales | Brassicaceae | Camelineae | Arabidopsis | Arabidopsis thaliana
GO:0048587	Magnoliopsida	3398.0	root | cellular organisms | Eukaryota | Viridiplantae | Streptophyta | Streptophytina | Embryophyta | Tracheophyta | Euphyllophyta | Spermatophyta | Magnoliopsida
GO:1904888	Euteleostomi	117571.0	root | cellular organisms | Eukaryota | Opisthokonta | Metazoa | Eumetazoa | Bilateria | Deuterostomia | Chordata | Craniata | Vertebrata | Gnathostomata | Teleostomi | Euteleostomi
GO:0102844	Unknown		
GO:0015081	cellular organisms	131567.0	root | cellular organisms
GO:0019073	root	1.0	root
GO:0004630	root	1.0	root
GO:0052324	Embryophyta	3193.0	root | cellular organisms | Eukaryota | Viridiplantae | Streptophyta | Streptophytina | Embryophyta
GO:0090659	Euarchontoglires	314146.0	root | cellular organisms | Eukaryota | Opisthokonta | Metazoa | Eumetazoa | Bilateria | Deuterostomia | Chordata | Craniata | Vertebrata | Gnathostomata | Teleostomi | Euteleostomi | Sarcopterygii | Dipnotetrapodomorpha | Tetrapoda | Amniota | Mammalia | Theria | Eutheria | Boreoeutheria | Euarchontoglires
GO:0019243	Unknown		
GO:0006900	cellular organisms	131567.0	root | cellular organisms
GO:1901877	Unknown		
GO:0010628	root	1.0	root
GO:0051549	Tetrapoda	32523.0	root | cellular organisms | Eukaryota | Opisthokonta | Metazoa | Eumetazoa | Bilateria | Deuterostomia | Chordata | Craniata | Vertebrata | Gnathostomata | Teleostomi | Euteleostomi | Sarcopterygii | Dipnotetrapodomorpha | Tetrapoda
GO:0034971	Unknown		
GO:0010097	Mesangiospermae	1437183.0	root | cellular organisms | Eukaryota | Viridiplantae | Streptophyta | Streptophytina | Embryophyta | Tracheophyta | Euphyllophyta | Spermatophyta | Magnoliopsida | Mesangiospermae
GO:0030097	Eumetazoa	6072.0	root | cellular organisms | Eukaryota | Opisthokonta | Metazoa | Eumetazoa
GO:0140331	Eukaryota	2759.0	root | cellular organisms | Eukaryota
GO:1905154	Murinae	39107.0	root | cellular organisms | Eukaryota | Opisthokonta | Metazoa | Eumetazoa | Bilateria | Deuterostomia | Chordata | Craniata | Vertebrata | Gnathostomata | Teleostomi | Euteleostomi | Sarcopterygii | Dipnotetrapodomorpha | Tetrapoda | Amniota | Mammalia | Theria | Eutheria | Boreoeutheria | Euarchontoglires | Glires | Rodentia | Myomorpha | Muroidea | Muridae | Murinae
GO:1901812	Solanoideae	424551.0	root | cellular organisms | Eukaryota | Viridiplantae | Streptophyta | Streptophytina | Embryophyta | Tracheophyta | Euphyllophyta | Spermatophyta | Magnoliopsida | Mesangiospermae | eudicotyledons | Gunneridae | Pentapetalae | asterids | lamiids | Solanales | Solanaceae | Solanoideae
GO:0004731	root	1.0	root
GO:0033925	root	1.0	root
GO:0051224	cellular organisms	131567.0	root | cellular organisms
GO:0070842	Eukaryota	2759.0	root | cellular organisms | Eukaryota
GO:0050826	Eukaryota	2759.0	root | cellular organisms | Eukaryota
GO:0016571	Unknown		
GO:0047250	Myrtales	41944.0	root | cellular organisms | Eukaryota | Viridiplantae | Streptophyta | Streptophytina | Embryophyta | Tracheophyta | Euphyllophyta | Spermatophyta | Magnoliopsida | Mesangiospermae | eudicotyledons | Gunneridae | Pentapetalae | rosids | malvids | Myrtales
GO:0009616	Eukaryota	2759.0	root | cellular organisms | Eukaryota
GO:0001849	cellular organisms	131567.0	root | cellular organisms
GO:0051726	root	1.0	root
GO:0006369	root	1.0	root
GO:0090704	Brassicaceae	3700.0	root | cellular organisms | Eukaryota | Viridiplantae | Streptophyta | Streptophytina | Embryophyta | Tracheophyta | Euphyllophyta | Spermatophyta | Magnoliopsida | Mesangiospermae | eudicotyledons | Gunneridae | Pentapetalae | rosids | malvids | Brassicales | Brassicaceae
GO:0102361	Unknown		
GO:0042600	cellular organisms	131567.0	root | cellular organisms
GO:1990539	cellular organisms	131567.0	root | cellular organisms
GO:0031419	root	1.0	root
GO:0061504	cellular organisms	131567.0	root | cellular organisms
GO:0003913	root	1.0	root
GO:0046470	cellular organisms	131567.0	root | cellular organisms
GO:0102856	Unknown		
GO:0008093	cellular organisms	131567.0	root | cellular organisms
GO:1990946	Opisthokonta	33154.0	root | cellular organisms | Eukaryota | Opisthokonta
GO:0039525	Unknown		3470597
GO:0046715	Unknown		
GO:0034213	cellular organisms	131567.0	root | cellular organisms
GO:0001556	Bilateria	33213.0	root | cellular organisms | Eukaryota | Opisthokonta | Metazoa | Eumetazoa | Bilateria
GO:0006169	Eukaryota	2759.0	root | cellular organisms | Eukaryota
GO:0019693	cellular organisms	131567.0	root | cellular organisms
GO:0015986	cellular organisms	131567.0	root | cellular organisms
GO:1990072	Eukaryota	2759.0	root | cellular organisms | Eukaryota
GO:0004536	root	1.0	root
GO:0009875	Viridiplantae	33090.0	root | cellular organisms | Eukaryota | Viridiplantae
GO:0010473	Brassicaceae	3700.0	root | cellular organisms | Eukaryota | Viridiplantae | Streptophyta | Streptophytina | Embryophyta | Tracheophyta | Euphyllophyta | Spermatophyta | Magnoliopsida | Mesangiospermae | eudicotyledons | Gunneridae | Pentapetalae | rosids | malvids | Brassicales | Brassicaceae
GO:0010325	Spermatophyta	58024.0	root | cellular organisms | Eukaryota | Viridiplantae | Streptophyta | Streptophytina | Embryophyta | Tracheophyta | Euphyllophyta | Spermatophyta
GO:0048555	Brassicaceae	3700.0	root | cellular organisms | Eukaryota | Viridiplantae | Streptophyta | Streptophytina | Embryophyta | Tracheophyta | Euphyllophyta | Spermatophyta | Magnoliopsida | Mesangiospermae | eudicotyledons | Gunneridae | Pentapetalae | rosids | malvids | Brassicales | Brassicaceae
GO:0046910	Embryophyta	3193.0	root | cellular organisms | Eukaryota | Viridiplantae | Streptophyta | Streptophytina | Embryophyta
GO:0043997	Opisthokonta	33154.0	root | cellular organisms | Eukaryota | Opisthokonta
GO:0007291	Bilateria	33213.0	root | cellular organisms | Eukaryota | Opisthokonta | Metazoa | Eumetazoa | Bilateria
GO:0106263	Eukaryota	2759.0	root | cellular organisms | Eukaryota
GO:0021987	Bilateria	33213.0	root | cellular organisms | Eukaryota | Opisthokonta | Metazoa | Eumetazoa | Bilateria
GO:0044017	Opisthokonta	33154.0	root | cellular organisms | Eukaryota | Opisthokonta
GO:0140570	Eukaryota	2759.0	root | cellular organisms | Eukaryota
GO:0102279	Unknown		
GO:1903457	cellular organisms	131567.0	root | cellular organisms
GO:0045892	root	1.0	root
GO:0045048	Eukaryota	2759.0	root | cellular organisms | Eukaryota
GO:0042719	Eukaryota	2759.0	root | cellular organisms | Eukaryota
GO:0042554	cellular organisms	131567.0	root | cellular organisms
GO:0045159	Eukaryota	2759.0	root | cellular organisms | Eukaryota
GO:2001020	Unknown		
GO:0120251	Unknown		
GO:0031515	cellular organisms	131567.0	root | cellular organisms
GO:0061083	Streptophytina	131221.0	root | cellular organisms | Eukaryota | Viridiplantae | Streptophyta | Streptophytina
GO:0043971	Unknown		
GO:0035032	cellular organisms	131567.0	root | cellular organisms
GO:0016768	cellular organisms	131567.0	root | cellular organisms
GO:0000725	root	1.0	root
GO:0005834	cellular organisms	131567.0	root | cellular organisms
GO:0022407	root	1.0	root
GO:0051225	cellular organisms	131567.0	root | cellular organisms
GO:0042406	Eukaryota	2759.0	root | cellular organisms | Eukaryota
GO:0017121	root	1.0	root
GO:0020003	cellular organisms	131567.0	root | cellular organisms
GO:0015969	root	1.0	root
GO:0031556	root	1.0	root
GO:0102758	Eukaryota	2759.0	root | cellular organisms | Eukaryota
GO:0010286	Eukaryota	2759.0	root | cellular organisms | Eukaryota
GO:0018894	Euarchontoglires	314146.0	root | cellular organisms | Eukaryota | Opisthokonta | Metazoa | Eumetazoa | Bilateria | Deuterostomia | Chordata | Craniata | Vertebrata | Gnathostomata | Teleostomi | Euteleostomi | Sarcopterygii | Dipnotetrapodomorpha | Tetrapoda | Amniota | Mammalia | Theria | Eutheria | Boreoeutheria | Euarchontoglires
GO:0019477	cellular organisms	131567.0	root | cellular organisms
GO:0071683	Eumetazoa	6072.0	root | cellular organisms | Eukaryota | Opisthokonta | Metazoa | Eumetazoa
GO:0016024	cellular organisms	131567.0	root | cellular organisms
GO:0039505	Viruses	10239.0	root | Viruses
GO:2001071	cellular organisms	131567.0	root | cellular organisms
GO:0048563	Unknown		
GO:0007214	Eukaryota	2759.0	root | cellular organisms | Eukaryota
GO:0015824	cellular organisms	131567.0	root | cellular organisms
GO:0070878	Eukaryota	2759.0	root | cellular organisms | Eukaryota
GO:0097187	Gnathostomata	7776.0	root | cellular organisms | Eukaryota | Opisthokonta | Metazoa | Eumetazoa | Bilateria | Deuterostomia | Chordata | Craniata | Vertebrata | Gnathostomata
GO:0072542	Eukaryota	2759.0	root | cellular organisms | Eukaryota
GO:0034724	Unknown		
GO:0004999	Chordata	7711.0	root | cellular organisms | Eukaryota | Opisthokonta | Metazoa | Eumetazoa | Bilateria | Deuterostomia | Chordata
GO:0003682	root	1.0	root
GO:0034434	Unknown		
GO:0000930	cellular organisms	131567.0	root | cellular organisms
GO:0008356	cellular organisms	131567.0	root | cellular organisms
GO:1990758	Eukaryota	2759.0	root | cellular organisms | Eukaryota
GO:0008821	root	1.0	root
GO:0031648	cellular organisms	131567.0	root | cellular organisms
GO:0005740	Eukaryota	2759.0	root | cellular organisms | Eukaryota
GO:0052901	cellular organisms	131567.0	root | cellular organisms
GO:0044347	cellular organisms	131567.0	root | cellular organisms
GO:0015252	cellular organisms	131567.0	root | cellular organisms
GO:1902283	Unknown		
GO:0050729	Eumetazoa	6072.0	root | cellular organisms | Eukaryota | Opisthokonta | Metazoa | Eumetazoa
GO:0031110	cellular organisms	131567.0	root | cellular organisms
GO:0016972	root	1.0	root
GO:0047522	Opisthokonta	33154.0	root | cellular organisms | Eukaryota | Opisthokonta
GO:0051546	Amniota	32524.0	root | cellular organisms | Eukaryota | Opisthokonta | Metazoa | Eumetazoa | Bilateria | Deuterostomia | Chordata | Craniata | Vertebrata | Gnathostomata | Teleostomi | Euteleostomi | Sarcopterygii | Dipnotetrapodomorpha | Tetrapoda | Amniota
GO:0071163	Eukaryota	2759.0	root | cellular organisms | Eukaryota
GO:0006568	root	1.0	root
GO:0071465	cellular organisms	131567.0	root | cellular organisms
GO:1903600	cellular organisms	131567.0	root | cellular organisms
GO:0051642	Eukaryota	2759.0	root | cellular organisms | Eukaryota
GO:0046603	Bilateria	33213.0	root | cellular organisms | Eukaryota | Opisthokonta | Metazoa | Eumetazoa | Bilateria
GO:0034220	Unknown		1554481
GO:0035522	Unknown		
GO:0009647	Magnoliopsida	3398.0	root | cellular organisms | Eukaryota | Viridiplantae | Streptophyta | Streptophytina | Embryophyta | Tracheophyta | Euphyllophyta | Spermatophyta | Magnoliopsida
GO:0010447	cellular organisms	131567.0	root | cellular organisms
GO:0009962	Brassicaceae	3700.0	root | cellular organisms | Eukaryota | Viridiplantae | Streptophyta | Streptophytina | Embryophyta | Tracheophyta | Euphyllophyta | Spermatophyta | Magnoliopsida | Mesangiospermae | eudicotyledons | Gunneridae | Pentapetalae | rosids | malvids | Brassicales | Brassicaceae
GO:0030515	cellular organisms	131567.0	root | cellular organisms
GO:0080074	Pentapetalae	1437201.0	root | cellular organisms | Eukaryota | Viridiplantae | Streptophyta | Streptophytina | Embryophyta | Tracheophyta | Euphyllophyta | Spermatophyta | Magnoliopsida | Mesangiospermae | eudicotyledons | Gunneridae | Pentapetalae
GO:0015180	cellular organisms	131567.0	root | cellular organisms
GO:0008542	Bilateria	33213.0	root | cellular organisms | Eukaryota | Opisthokonta | Metazoa | Eumetazoa | Bilateria
GO:0035212	Bilateria	33213.0	root | cellular organisms | Eukaryota | Opisthokonta | Metazoa | Eumetazoa | Bilateria
GO:0032007	cellular organisms	131567.0	root | cellular organisms
GO:0004814	root	1.0	root
GO:0001660	Euteleostomi	117571.0	root | cellular organisms | Eukaryota | Opisthokonta | Metazoa | Eumetazoa | Bilateria | Deuterostomia | Chordata | Craniata | Vertebrata | Gnathostomata | Teleostomi | Euteleostomi
GO:0008901	cellular organisms	131567.0	root | cellular organisms
GO:2000024	Viridiplantae	33090.0	root | cellular organisms | Eukaryota | Viridiplantae
GO:0001774	Euteleostomi	117571.0	root | cellular organisms | Eukaryota | Opisthokonta | Metazoa | Eumetazoa | Bilateria | Deuterostomia | Chordata | Craniata | Vertebrata | Gnathostomata | Teleostomi | Euteleostomi
GO:0102299	cellular organisms	131567.0	root | cellular organisms
GO:0004572	cellular organisms	131567.0	root | cellular organisms
GO:0005365	Eukaryota	2759.0	root | cellular organisms | Eukaryota
GO:1990221	cellular organisms	131567.0	root | cellular organisms
GO:0071222	root	1.0	root
GO:0048269	cellular organisms	131567.0	root | cellular organisms
GO:0006424	cellular organisms	131567.0	root | cellular organisms
GO:0001714	Eukaryota	2759.0	root | cellular organisms | Eukaryota
GO:0004411	cellular organisms	131567.0	root | cellular organisms
GO:0042410	cellular organisms	131567.0	root | cellular organisms
GO:0009850	cellular organisms	131567.0	root | cellular organisms
GO:0048225	Poaceae	4479.0	root | cellular organisms | Eukaryota | Viridiplantae | Streptophyta | Streptophytina | Embryophyta | Tracheophyta | Euphyllophyta | Spermatophyta | Magnoliopsida | Mesangiospermae | Liliopsida | Petrosaviidae | commelinids | Poales | Poaceae
GO:0102158	Eukaryota	2759.0	root | cellular organisms | Eukaryota
GO:0043522	Euteleostomi	117571.0	root | cellular organisms | Eukaryota | Opisthokonta | Metazoa | Eumetazoa | Bilateria | Deuterostomia | Chordata | Craniata | Vertebrata | Gnathostomata | Teleostomi | Euteleostomi
GO:0032301	Eukaryota	2759.0	root | cellular organisms | Eukaryota
GO:0004932	cellular organisms	131567.0	root | cellular organisms
GO:0010304	cellular organisms	131567.0	root | cellular organisms
GO:0051310	Eukaryota	2759.0	root | cellular organisms | Eukaryota
GO:0010103	Viridiplantae	33090.0	root | cellular organisms | Eukaryota | Viridiplantae
GO:0008285	cellular organisms	131567.0	root | cellular organisms
GO:0031154	Dictyostelia	33083.0	root | cellular organisms | Eukaryota | Amoebozoa | Evosea | Eumycetozoa | Dictyostelia
GO:0102953	Unknown		
GO:0034332	cellular organisms	131567.0	root | cellular organisms
GO:0030534	Bilateria	33213.0	root | cellular organisms | Eukaryota | Opisthokonta | Metazoa | Eumetazoa | Bilateria
GO:0102202	Unknown		
GO:0045017	cellular organisms	131567.0	root | cellular organisms
GO:0042256	cellular organisms	131567.0	root | cellular organisms
GO:0007417	Opisthokonta	33154.0	root | cellular organisms | Eukaryota | Opisthokonta
GO:0031083	cellular organisms	131567.0	root | cellular organisms
GO:0071483	Eukaryota	2759.0	root | cellular organisms | Eukaryota
GO:0007015	root	1.0	root
GO:0017004	root	1.0	root
GO:0016151	cellular organisms	131567.0	root | cellular organisms
GO:0031509	Eukaryota	2759.0	root | cellular organisms | Eukaryota
GO:0009967	root	1.0	root
GO:0040014	Eukaryota	2759.0	root | cellular organisms | Eukaryota
GO:0000121	cellular organisms	131567.0	root | cellular organisms
GO:0051996	cellular organisms	131567.0	root | cellular organisms
GO:0000252	cellular organisms	131567.0	root | cellular organisms
GO:0015093	cellular organisms	131567.0	root | cellular organisms
GO:0070096	Eukaryota	2759.0	root | cellular organisms | Eukaryota
GO:0000292	Eukaryota	2759.0	root | cellular organisms | Eukaryota
GO:0071897	Unknown		3470597
GO:0005458	Eukaryota	2759.0	root | cellular organisms | Eukaryota
GO:0008660	cellular organisms	131567.0	root | cellular organisms
GO:0032200	Opisthokonta	33154.0	root | cellular organisms | Eukaryota | Opisthokonta
GO:0009311	cellular organisms	131567.0	root | cellular organisms
GO:2000767	cellular organisms	131567.0	root | cellular organisms
GO:0035092	Eukaryota	2759.0	root | cellular organisms | Eukaryota
GO:0005876	cellular organisms	131567.0	root | cellular organisms
GO:0015914	root	1.0	root
GO:0046915	cellular organisms	131567.0	root | cellular organisms
GO:0019901	root	1.0	root
GO:0090063	Eukaryota	2759.0	root | cellular organisms | Eukaryota
GO:1902380	Unknown		
GO:0004222	root	1.0	root
GO:0005338	Eukaryota	2759.0	root | cellular organisms | Eukaryota
GO:0052604	Unknown		
GO:2000011	Eukaryota	2759.0	root | cellular organisms | Eukaryota
GO:0060712	Euarchontoglires	314146.0	root | cellular organisms | Eukaryota | Opisthokonta | Metazoa | Eumetazoa | Bilateria | Deuterostomia | Chordata | Craniata | Vertebrata | Gnathostomata | Teleostomi | Euteleostomi | Sarcopterygii | Dipnotetrapodomorpha | Tetrapoda | Amniota | Mammalia | Theria | Eutheria | Boreoeutheria | Euarchontoglires
GO:0001003	Eukaryota	2759.0	root | cellular organisms | Eukaryota
GO:0047632	root	1.0	root
GO:0009808	Embryophyta	3193.0	root | cellular organisms | Eukaryota | Viridiplantae | Streptophyta | Streptophytina | Embryophyta
GO:0019760	Eukaryota	2759.0	root | cellular organisms | Eukaryota
GO:0097298	Eukaryota	2759.0	root | cellular organisms | Eukaryota
GO:0015220	root	1.0	root
GO:0015680	Unknown		
GO:0004520	root	1.0	root
GO:0015722	Gnathostomata	7776.0	root | cellular organisms | Eukaryota | Opisthokonta | Metazoa | Eumetazoa | Bilateria | Deuterostomia | Chordata | Craniata | Vertebrata | Gnathostomata
GO:1900386	Brassicaceae	3700.0	root | cellular organisms | Eukaryota | Viridiplantae | Streptophyta | Streptophytina | Embryophyta | Tracheophyta | Euphyllophyta | Spermatophyta | Magnoliopsida | Mesangiospermae | eudicotyledons | Gunneridae | Pentapetalae | rosids | malvids | Brassicales | Brassicaceae
GO:0001937	Eumetazoa	6072.0	root | cellular organisms | Eukaryota | Opisthokonta | Metazoa | Eumetazoa
GO:0080100	Unknown		
GO:0001702	Euteleostomi	117571.0	root | cellular organisms | Eukaryota | Opisthokonta | Metazoa | Eumetazoa | Bilateria | Deuterostomia | Chordata | Craniata | Vertebrata | Gnathostomata | Teleostomi | Euteleostomi
GO:0035436	Eukaryota	2759.0	root | cellular organisms | Eukaryota
GO:0080143	Embryophyta	3193.0	root | cellular organisms | Eukaryota | Viridiplantae | Streptophyta | Streptophytina | Embryophyta
GO:0097006	Amniota	32524.0	root | cellular organisms | Eukaryota | Opisthokonta | Metazoa | Eumetazoa | Bilateria | Deuterostomia | Chordata | Craniata | Vertebrata | Gnathostomata | Teleostomi | Euteleostomi | Sarcopterygii | Dipnotetrapodomorpha | Tetrapoda | Amniota
GO:0071168	Eukaryota	2759.0	root | cellular organisms | Eukaryota
GO:0032774	Trypanosomatidae	5654.0	root | cellular organisms | Eukaryota | Discoba | Euglenozoa | Kinetoplastea | Metakinetoplastina | Trypanosomatida | Trypanosomatidae
GO:0062196	Euteleostomi	117571.0	root | cellular organisms | Eukaryota | Opisthokonta | Metazoa | Eumetazoa | Bilateria | Deuterostomia | Chordata | Craniata | Vertebrata | Gnathostomata | Teleostomi | Euteleostomi
GO:0032980	Amniota	32524.0	root | cellular organisms | Eukaryota | Opisthokonta | Metazoa | Eumetazoa | Bilateria | Deuterostomia | Chordata | Craniata | Vertebrata | Gnathostomata | Teleostomi | Euteleostomi | Sarcopterygii | Dipnotetrapodomorpha | Tetrapoda | Amniota
GO:0009915	Pentapetalae	1437201.0	root | cellular organisms | Eukaryota | Viridiplantae | Streptophyta | Streptophytina | Embryophyta | Tracheophyta | Euphyllophyta | Spermatophyta | Magnoliopsida | Mesangiospermae | eudicotyledons | Gunneridae | Pentapetalae
GO:1902387	Eukaryota	2759.0	root | cellular organisms | Eukaryota
GO:0000209	root	1.0	root
GO:0004359	root	1.0	root
GO:0061929	root	1.0	root
GO:0036126	Eukaryota	2759.0	root | cellular organisms | Eukaryota
GO:0098572	Viridiplantae	33090.0	root | cellular organisms | Eukaryota | Viridiplantae
GO:0008447	cellular organisms	131567.0	root | cellular organisms
GO:0032418	Eukaryota	2759.0	root | cellular organisms | Eukaryota
GO:0015210	cellular organisms	131567.0	root | cellular organisms
GO:0009566	cellular organisms	131567.0	root | cellular organisms
GO:0052684	cellular organisms	131567.0	root | cellular organisms
GO:0040022	Nematoda	6231.0	root | cellular organisms | Eukaryota | Opisthokonta | Metazoa | Eumetazoa | Bilateria | Protostomia | Ecdysozoa | Nematoda
GO:0030892	Eukaryota	2759.0	root | cellular organisms | Eukaryota
GO:0030598	root	1.0	root
GO:1990869	Euteleostomi	117571.0	root | cellular organisms | Eukaryota | Opisthokonta | Metazoa | Eumetazoa | Bilateria | Deuterostomia | Chordata | Craniata | Vertebrata | Gnathostomata | Teleostomi | Euteleostomi
GO:0042548	Streptophyta	35493.0	root | cellular organisms | Eukaryota | Viridiplantae | Streptophyta
GO:0005684	Eukaryota	2759.0	root | cellular organisms | Eukaryota
GO:0008361	cellular organisms	131567.0	root | cellular organisms
GO:0004134	cellular organisms	131567.0	root | cellular organisms
GO:0003854	root	1.0	root
GO:1900486	Arabidopsis thaliana	3702.0	root | cellular organisms | Eukaryota | Viridiplantae | Streptophyta | Streptophytina | Embryophyta | Tracheophyta | Euphyllophyta | Spermatophyta | Magnoliopsida | Mesangiospermae | eudicotyledons | Gunneridae | Pentapetalae | rosids | malvids | Brassicales | Brassicaceae | Camelineae | Arabidopsis | Arabidopsis thaliana
GO:1900034	cellular organisms	131567.0	root | cellular organisms
GO:0005674	Eukaryota	2759.0	root | cellular organisms | Eukaryota
GO:0006710	Amniota	32524.0	root | cellular organisms | Eukaryota | Opisthokonta | Metazoa | Eumetazoa | Bilateria | Deuterostomia | Chordata | Craniata | Vertebrata | Gnathostomata | Teleostomi | Euteleostomi | Sarcopterygii | Dipnotetrapodomorpha | Tetrapoda | Amniota
GO:0035167	Arthropoda	6656.0	root | cellular organisms | Eukaryota | Opisthokonta | Metazoa | Eumetazoa | Bilateria | Protostomia | Ecdysozoa | Panarthropoda | Arthropoda
GO:0017172	cellular organisms	131567.0	root | cellular organisms
GO:0005199	cellular organisms	131567.0	root | cellular organisms
GO:1990610	cellular organisms	131567.0	root | cellular organisms
GO:1902230	Opisthokonta	33154.0	root | cellular organisms | Eukaryota | Opisthokonta
GO:0043262	cellular organisms	131567.0	root | cellular organisms
GO:0043625	Eukaryota	2759.0	root | cellular organisms | Eukaryota
GO:0001671	root	1.0	root
GO:0099604	cellular organisms	131567.0	root | cellular organisms
GO:0006408	cellular organisms	131567.0	root | cellular organisms
GO:0004449	cellular organisms	131567.0	root | cellular organisms
GO:0006435	cellular organisms	131567.0	root | cellular organisms
GO:0010176	cellular organisms	131567.0	root | cellular organisms
GO:0031298	Eukaryota	2759.0	root | cellular organisms | Eukaryota
GO:0008725	cellular organisms	131567.0	root | cellular organisms
GO:0031152	Dictyostelia	33083.0	root | cellular organisms | Eukaryota | Amoebozoa | Evosea | Eumycetozoa | Dictyostelia
GO:0004015	cellular organisms	131567.0	root | cellular organisms
GO:0006535	Unknown		
GO:0035434	cellular organisms	131567.0	root | cellular organisms
GO:0098021	Viruses	10239.0	root | Viruses
GO:0005053	cellular organisms	131567.0	root | cellular organisms
GO:0042355	cellular organisms	131567.0	root | cellular organisms
GO:0010760	Euteleostomi	117571.0	root | cellular organisms | Eukaryota | Opisthokonta | Metazoa | Eumetazoa | Bilateria | Deuterostomia | Chordata | Craniata | Vertebrata | Gnathostomata | Teleostomi | Euteleostomi
GO:0006085	cellular organisms	131567.0	root | cellular organisms
GO:0034387	cellular organisms	131567.0	root | cellular organisms
GO:0004072	cellular organisms	131567.0	root | cellular organisms
GO:0006261	root	1.0	root
GO:0005783	root	1.0	root
GO:0031013	cellular organisms	131567.0	root | cellular organisms
GO:0051748	cellular organisms	131567.0	root | cellular organisms
GO:1990114	Eukaryota	2759.0	root | cellular organisms | Eukaryota
GO:0009001	root	1.0	root
GO:0016297	cellular organisms	131567.0	root | cellular organisms
GO:0106073	cellular organisms	131567.0	root | cellular organisms
GO:0045901	Eukaryota	2759.0	root | cellular organisms | Eukaryota
GO:0032438	Eukaryota	2759.0	root | cellular organisms | Eukaryota
GO:0034389	Eukaryota	2759.0	root | cellular organisms | Eukaryota
GO:0060765	Eukaryota	2759.0	root | cellular organisms | Eukaryota
GO:0051751	cellular organisms	131567.0	root | cellular organisms
GO:0070205	cellular organisms	131567.0	root | cellular organisms
GO:0005149	root	1.0	root
GO:0010020	cellular organisms	131567.0	root | cellular organisms
GO:0004047	cellular organisms	131567.0	root | cellular organisms
GO:0043758	root	1.0	root
GO:0000083	Unknown		
GO:0070898	cellular organisms	131567.0	root | cellular organisms
GO:0000479	cellular organisms	131567.0	root | cellular organisms
GO:2000535	cellular organisms	131567.0	root | cellular organisms
GO:0010440	Embryophyta	3193.0	root | cellular organisms | Eukaryota | Viridiplantae | Streptophyta | Streptophytina | Embryophyta
GO:0019310	root	1.0	root
GO:0007492	Bilateria	33213.0	root | cellular organisms | Eukaryota | Opisthokonta | Metazoa | Eumetazoa | Bilateria
GO:0050733	Amniota	32524.0	root | cellular organisms | Eukaryota | Opisthokonta | Metazoa | Eumetazoa | Bilateria | Deuterostomia | Chordata | Craniata | Vertebrata | Gnathostomata | Teleostomi | Euteleostomi | Sarcopterygii | Dipnotetrapodomorpha | Tetrapoda | Amniota
GO:0070006	root	1.0	root
GO:0061041	Bilateria	33213.0	root | cellular organisms | Eukaryota | Opisthokonta | Metazoa | Eumetazoa | Bilateria
GO:0045717	cellular organisms	131567.0	root | cellular organisms
GO:0060689	Murinae	39107.0	root | cellular organisms | Eukaryota | Opisthokonta | Metazoa | Eumetazoa | Bilateria | Deuterostomia | Chordata | Craniata | Vertebrata | Gnathostomata | Teleostomi | Euteleostomi | Sarcopterygii | Dipnotetrapodomorpha | Tetrapoda | Amniota | Mammalia | Theria | Eutheria | Boreoeutheria | Euarchontoglires | Glires | Rodentia | Myomorpha | Muroidea | Muridae | Murinae
GO:1900429	Saccharomycotina	147537.0	root | cellular organisms | Eukaryota | Opisthokonta | Fungi | Dikarya | Ascomycota | saccharomyceta | Saccharomycotina
GO:0055069	Unknown		
GO:0042060	Eukaryota	2759.0	root | cellular organisms | Eukaryota
GO:0062075	Magnoliopsida	3398.0	root | cellular organisms | Eukaryota | Viridiplantae | Streptophyta | Streptophytina | Embryophyta | Tracheophyta | Euphyllophyta | Spermatophyta | Magnoliopsida
GO:0005797	Eukaryota	2759.0	root | cellular organisms | Eukaryota
GO:0036098	Bilateria	33213.0	root | cellular organisms | Eukaryota | Opisthokonta | Metazoa | Eumetazoa | Bilateria
GO:0060261	cellular organisms	131567.0	root | cellular organisms
GO:0045156	Unknown		
GO:0036033	Eukaryota	2759.0	root | cellular organisms | Eukaryota
GO:0034058	Eukaryota	2759.0	root | cellular organisms | Eukaryota
GO:0039724	Orthornavirae	2732396.0	root | Viruses | Riboviria | Orthornavirae
GO:0035376	saccharomyceta	716545.0	root | cellular organisms | Eukaryota | Opisthokonta | Fungi | Dikarya | Ascomycota | saccharomyceta
GO:0016139	root	1.0	root
GO:0009044	root	1.0	root
GO:0016603	cellular organisms	131567.0	root | cellular organisms
GO:0042351	cellular organisms	131567.0	root | cellular organisms
GO:2000634	Rhabditida	6236.0	root | cellular organisms | Eukaryota | Opisthokonta | Metazoa | Eumetazoa | Bilateria | Protostomia | Ecdysozoa | Nematoda | Chromadorea | Rhabditida
GO:0006788	root	1.0	root
GO:0070403	root	1.0	root
GO:0051716	Unknown		
GO:0050307	cellular organisms	131567.0	root | cellular organisms
GO:0006202	Eutheria	9347.0	root | cellular organisms | Eukaryota | Opisthokonta | Metazoa | Eumetazoa | Bilateria | Deuterostomia | Chordata | Craniata | Vertebrata | Gnathostomata | Teleostomi | Euteleostomi | Sarcopterygii | Dipnotetrapodomorpha | Tetrapoda | Amniota | Mammalia | Theria | Eutheria
GO:0051410	cellular organisms	131567.0	root | cellular organisms
GO:0097367	root	1.0	root
GO:0030864	cellular organisms	131567.0	root | cellular organisms
GO:0035784	Unknown		
GO:0102684	Eukaryota	2759.0	root | cellular organisms | Eukaryota
GO:0003862	cellular organisms	131567.0	root | cellular organisms
GO:0010162	Spermatophyta	58024.0	root | cellular organisms | Eukaryota | Viridiplantae | Streptophyta | Streptophytina | Embryophyta | Tracheophyta | Euphyllophyta | Spermatophyta
GO:0047538	cellular organisms	131567.0	root | cellular organisms
GO:0043504	Eukaryota	2759.0	root | cellular organisms | Eukaryota
GO:0035442	cellular organisms	131567.0	root | cellular organisms
GO:0015804	cellular organisms	131567.0	root | cellular organisms
GO:0009643	Brassicaceae	3700.0	root | cellular organisms | Eukaryota | Viridiplantae | Streptophyta | Streptophytina | Embryophyta | Tracheophyta | Euphyllophyta | Spermatophyta | Magnoliopsida | Mesangiospermae | eudicotyledons | Gunneridae | Pentapetalae | rosids | malvids | Brassicales | Brassicaceae
GO:0004318	root	1.0	root
GO:0019237	Eukaryota	2759.0	root | cellular organisms | Eukaryota
GO:0050513	cellular organisms	131567.0	root | cellular organisms
GO:0001731	cellular organisms	131567.0	root | cellular organisms
GO:0071417	Unknown		
GO:0098803	cellular organisms	131567.0	root | cellular organisms
GO:0098807	Viridiplantae	33090.0	root | cellular organisms | Eukaryota | Viridiplantae
GO:0010496	Eukaryota	2759.0	root | cellular organisms | Eukaryota
GO:0009799	Pentapetalae	1437201.0	root | cellular organisms | Eukaryota | Viridiplantae | Streptophyta | Streptophytina | Embryophyta | Tracheophyta | Euphyllophyta | Spermatophyta | Magnoliopsida | Mesangiospermae | eudicotyledons | Gunneridae | Pentapetalae
GO:0032332	Gnathostomata	7776.0	root | cellular organisms | Eukaryota | Opisthokonta | Metazoa | Eumetazoa | Bilateria | Deuterostomia | Chordata | Craniata | Vertebrata | Gnathostomata
GO:0016295	Unknown		
GO:0005665	Eukaryota	2759.0	root | cellular organisms | Eukaryota
GO:0045486	cellular organisms	131567.0	root | cellular organisms
GO:0015795	cellular organisms	131567.0	root | cellular organisms
GO:0050152	cellular organisms	131567.0	root | cellular organisms
GO:0004654	root	1.0	root
GO:0070413	Unknown		
GO:0008277	cellular organisms	131567.0	root | cellular organisms
GO:0009381	cellular organisms	131567.0	root | cellular organisms
GO:0036265	cellular organisms	131567.0	root | cellular organisms
GO:0009718	Mesangiospermae	1437183.0	root | cellular organisms | Eukaryota | Viridiplantae | Streptophyta | Streptophytina | Embryophyta | Tracheophyta | Euphyllophyta | Spermatophyta | Magnoliopsida | Mesangiospermae
GO:0071219	Eukaryota	2759.0	root | cellular organisms | Eukaryota
GO:0008311	cellular organisms	131567.0	root | cellular organisms
GO:0050362	Eukaryota	2759.0	root | cellular organisms | Eukaryota
GO:0090503	Unknown		
GO:0009971	Arabidopsis thaliana	3702.0	root | cellular organisms | Eukaryota | Viridiplantae | Streptophyta | Streptophytina | Embryophyta | Tracheophyta | Euphyllophyta | Spermatophyta | Magnoliopsida | Mesangiospermae | eudicotyledons | Gunneridae | Pentapetalae | rosids | malvids | Brassicales | Brassicaceae | Camelineae | Arabidopsis | Arabidopsis thaliana
GO:0048311	Eukaryota	2759.0	root | cellular organisms | Eukaryota
GO:0031301	Unknown		
GO:0010964	Schizosaccharomyces	4895.0	root | cellular organisms | Eukaryota | Opisthokonta | Fungi | Dikarya | Ascomycota | Taphrinomycotina | Schizosaccharomycetes | Schizosaccharomycetales | Schizosaccharomycetaceae | Schizosaccharomyces
GO:0080094	Arabidopsis thaliana	3702.0	root | cellular organisms | Eukaryota | Viridiplantae | Streptophyta | Streptophytina | Embryophyta | Tracheophyta | Euphyllophyta | Spermatophyta | Magnoliopsida | Mesangiospermae | eudicotyledons | Gunneridae | Pentapetalae | rosids | malvids | Brassicales | Brassicaceae | Camelineae | Arabidopsis | Arabidopsis thaliana
GO:0003879	root	1.0	root
GO:0035017	Eukaryota	2759.0	root | cellular organisms | Eukaryota
GO:0102705	Tracheophyta	58023.0	root | cellular organisms | Eukaryota | Viridiplantae | Streptophyta | Streptophytina | Embryophyta | Tracheophyta
GO:0000287	Unknown		157496
GO:0010026	Streptophytina	131221.0	root | cellular organisms | Eukaryota | Viridiplantae | Streptophyta | Streptophytina
GO:0039679	Viruses	10239.0	root | Viruses
GO:0015175	cellular organisms	131567.0	root | cellular organisms
GO:0016122	Eukaryota	2759.0	root | cellular organisms | Eukaryota
GO:0004379	root	1.0	root
GO:0043495	cellular organisms	131567.0	root | cellular organisms
GO:0033466	Brassicaceae	3700.0	root | cellular organisms | Eukaryota | Viridiplantae | Streptophyta | Streptophytina | Embryophyta | Tracheophyta | Euphyllophyta | Spermatophyta | Magnoliopsida | Mesangiospermae | eudicotyledons | Gunneridae | Pentapetalae | rosids | malvids | Brassicales | Brassicaceae
GO:0007066	Eukaryota	2759.0	root | cellular organisms | Eukaryota
GO:0050853	Bilateria	33213.0	root | cellular organisms | Eukaryota | Opisthokonta | Metazoa | Eumetazoa | Bilateria
GO:0019076	Unknown		3470597
GO:0001887	cellular organisms	131567.0	root | cellular organisms
GO:0004861	cellular organisms	131567.0	root | cellular organisms
GO:0032482	Eukaryota	2759.0	root | cellular organisms | Eukaryota
GO:0061936	Mesangiospermae	1437183.0	root | cellular organisms | Eukaryota | Viridiplantae | Streptophyta | Streptophytina | Embryophyta | Tracheophyta | Euphyllophyta | Spermatophyta | Magnoliopsida | Mesangiospermae
GO:0001558	cellular organisms	131567.0	root | cellular organisms
GO:0016818	root	1.0	root
GO:0032212	Eukaryota	2759.0	root | cellular organisms | Eukaryota
GO:0003824	root	1.0	root
GO:0015012	cellular organisms	131567.0	root | cellular organisms
GO:0036150	Opisthokonta	33154.0	root | cellular organisms | Eukaryota | Opisthokonta
GO:0046337	Eukaryota	2759.0	root | cellular organisms | Eukaryota
GO:0008469	Unknown		
GO:0140042	Eukaryota	2759.0	root | cellular organisms | Eukaryota
GO:0140723	Aspergillaceae	1131492.0	root | cellular organisms | Eukaryota | Opisthokonta | Fungi | Dikarya | Ascomycota | saccharomyceta | Pezizomycotina | leotiomyceta | Eurotiomycetes | Eurotiomycetidae | Eurotiales | Aspergillaceae
GO:0018108	Bilateria	33213.0	root | cellular organisms | Eukaryota | Opisthokonta | Metazoa | Eumetazoa | Bilateria
GO:0031578	Dikarya	451864.0	root | cellular organisms | Eukaryota | Opisthokonta | Fungi | Dikarya
GO:0000226	cellular organisms	131567.0	root | cellular organisms
GO:0061576	Saccharomycetes	4891.0	root | cellular organisms | Eukaryota | Opisthokonta | Fungi | Dikarya | Ascomycota | saccharomyceta | Saccharomycotina | Saccharomycetes
GO:0001228	cellular organisms	131567.0	root | cellular organisms
GO:0097056	Unknown		
GO:0005178	cellular organisms	131567.0	root | cellular organisms
GO:0051384	Euteleostomi	117571.0	root | cellular organisms | Eukaryota | Opisthokonta | Metazoa | Eumetazoa | Bilateria | Deuterostomia | Chordata | Craniata | Vertebrata | Gnathostomata | Teleostomi | Euteleostomi
GO:0019509	Unknown		
GO:0031176	root	1.0	root
GO:0097345	Eumetazoa	6072.0	root | cellular organisms | Eukaryota | Opisthokonta | Metazoa | Eumetazoa
GO:0045793	cellular organisms	131567.0	root | cellular organisms
GO:0001736	Eukaryota	2759.0	root | cellular organisms | Eukaryota
GO:0018406	Unknown		
GO:0051980	cellular organisms	131567.0	root | cellular organisms
GO:1905639	Arabidopsis thaliana	3702.0	root | cellular organisms | Eukaryota | Viridiplantae | Streptophyta | Streptophytina | Embryophyta | Tracheophyta | Euphyllophyta | Spermatophyta | Magnoliopsida | Mesangiospermae | eudicotyledons | Gunneridae | Pentapetalae | rosids | malvids | Brassicales | Brassicaceae | Camelineae | Arabidopsis | Arabidopsis thaliana
GO:0060538	Bilateria	33213.0	root | cellular organisms | Eukaryota | Opisthokonta | Metazoa | Eumetazoa | Bilateria
GO:0004042	cellular organisms	131567.0	root | cellular organisms
GO:0000070	Eukaryota	2759.0	root | cellular organisms | Eukaryota
GO:0050660	root	1.0	root
GO:0044065	Amniota	32524.0	root | cellular organisms | Eukaryota | Opisthokonta | Metazoa | Eumetazoa | Bilateria | Deuterostomia | Chordata | Craniata | Vertebrata | Gnathostomata | Teleostomi | Euteleostomi | Sarcopterygii | Dipnotetrapodomorpha | Tetrapoda | Amniota
GO:0005680	Eukaryota	2759.0	root | cellular organisms | Eukaryota
GO:1902476	root	1.0	root
GO:0043448	cellular organisms	131567.0	root | cellular organisms
GO:0009360	root	1.0	root
GO:0007605	Metazoa	33208.0	root | cellular organisms | Eukaryota | Opisthokonta | Metazoa
GO:0102483	Unknown		
GO:0004743	cellular organisms	131567.0	root | cellular organisms
GO:0000724	cellular organisms	131567.0	root | cellular organisms
GO:0048027	root	1.0	root
GO:0030497	root	1.0	root
GO:0080168	Mesangiospermae	1437183.0	root | cellular organisms | Eukaryota | Viridiplantae | Streptophyta | Streptophytina | Embryophyta | Tracheophyta | Euphyllophyta | Spermatophyta | Magnoliopsida | Mesangiospermae
GO:0010341	Brassicaceae	3700.0	root | cellular organisms | Eukaryota | Viridiplantae | Streptophyta | Streptophytina | Embryophyta | Tracheophyta | Euphyllophyta | Spermatophyta | Magnoliopsida | Mesangiospermae | eudicotyledons | Gunneridae | Pentapetalae | rosids | malvids | Brassicales | Brassicaceae
GO:0090313	cellular organisms	131567.0	root | cellular organisms
GO:0000495	cellular organisms	131567.0	root | cellular organisms
GO:0102860	Unknown		
GO:0090677	Eukaryota	2759.0	root | cellular organisms | Eukaryota
GO:0033550	cellular organisms	131567.0	root | cellular organisms
GO:0051990	cellular organisms	131567.0	root | cellular organisms
GO:0016857	cellular organisms	131567.0	root | cellular organisms
GO:0051311	Bilateria	33213.0	root | cellular organisms | Eukaryota | Opisthokonta | Metazoa | Eumetazoa | Bilateria
GO:0080120	root	1.0	root
GO:0000818	Unknown		
GO:0102077	Unknown		
GO:0009707	Eukaryota	2759.0	root | cellular organisms | Eukaryota
GO:0006576	cellular organisms	131567.0	root | cellular organisms
GO:1905615	Magnoliopsida	3398.0	root | cellular organisms | Eukaryota | Viridiplantae | Streptophyta | Streptophytina | Embryophyta | Tracheophyta | Euphyllophyta | Spermatophyta | Magnoliopsida
GO:0016560	cellular organisms	131567.0	root | cellular organisms
GO:0035024	cellular organisms	131567.0	root | cellular organisms
GO:0034739	Opisthokonta	33154.0	root | cellular organisms | Eukaryota | Opisthokonta
GO:0015918	cellular organisms	131567.0	root | cellular organisms
GO:0047668	Mesangiospermae	1437183.0	root | cellular organisms | Eukaryota | Viridiplantae | Streptophyta | Streptophytina | Embryophyta | Tracheophyta | Euphyllophyta | Spermatophyta | Magnoliopsida | Mesangiospermae
GO:0036054	cellular organisms	131567.0	root | cellular organisms
GO:0009551	Viridiplantae	33090.0	root | cellular organisms | Eukaryota | Viridiplantae
GO:0044381	Euteleostomi	117571.0	root | cellular organisms | Eukaryota | Opisthokonta | Metazoa | Eumetazoa | Bilateria | Deuterostomia | Chordata | Craniata | Vertebrata | Gnathostomata | Teleostomi | Euteleostomi
GO:0021915	Gnathostomata	7776.0	root | cellular organisms | Eukaryota | Opisthokonta | Metazoa | Eumetazoa | Bilateria | Deuterostomia | Chordata | Craniata | Vertebrata | Gnathostomata
GO:0046835	cellular organisms	131567.0	root | cellular organisms
GO:0004029	cellular organisms	131567.0	root | cellular organisms
GO:0022414	Eukaryota	2759.0	root | cellular organisms | Eukaryota
GO:0003376	cellular organisms	131567.0	root | cellular organisms
GO:0001933	Eukaryota	2759.0	root | cellular organisms | Eukaryota
GO:0032567	cellular organisms	131567.0	root | cellular organisms
GO:1905036	Eukaryota	2759.0	root | cellular organisms | Eukaryota
GO:0042866	cellular organisms	131567.0	root | cellular organisms
GO:0070676	Eukaryota	2759.0	root | cellular organisms | Eukaryota
GO:0033328	Eukaryota	2759.0	root | cellular organisms | Eukaryota
GO:0080181	Arabidopsis thaliana	3702.0	root | cellular organisms | Eukaryota | Viridiplantae | Streptophyta | Streptophytina | Embryophyta | Tracheophyta | Euphyllophyta | Spermatophyta | Magnoliopsida | Mesangiospermae | eudicotyledons | Gunneridae | Pentapetalae | rosids | malvids | Brassicales | Brassicaceae | Camelineae | Arabidopsis | Arabidopsis thaliana
GO:0048497	Brassicaceae	3700.0	root | cellular organisms | Eukaryota | Viridiplantae | Streptophyta | Streptophytina | Embryophyta | Tracheophyta | Euphyllophyta | Spermatophyta | Magnoliopsida | Mesangiospermae | eudicotyledons | Gunneridae | Pentapetalae | rosids | malvids | Brassicales | Brassicaceae
GO:0051754	cellular organisms	131567.0	root | cellular organisms
GO:0030132	Eukaryota	2759.0	root | cellular organisms | Eukaryota
GO:0005840	root	1.0	root
GO:0009987	Plasmodium falciparum 3D7	36329.0	root | cellular organisms | Eukaryota | Sar | Alveolata | Apicomplexa | Aconoidasida | Haemosporida | Plasmodiidae | Plasmodium | Laverania | Plasmodium falciparum | Plasmodium falciparum 3D7
GO:0000919	Viridiplantae	33090.0	root | cellular organisms | Eukaryota | Viridiplantae
GO:0046321	Bilateria	33213.0	root | cellular organisms | Eukaryota | Opisthokonta | Metazoa | Eumetazoa | Bilateria
GO:0071325	Arabidopsis thaliana	3702.0	root | cellular organisms | Eukaryota | Viridiplantae | Streptophyta | Streptophytina | Embryophyta | Tracheophyta | Euphyllophyta | Spermatophyta | Magnoliopsida | Mesangiospermae | eudicotyledons | Gunneridae | Pentapetalae | rosids | malvids | Brassicales | Brassicaceae | Camelineae | Arabidopsis | Arabidopsis thaliana
GO:0031338	Eukaryota	2759.0	root | cellular organisms | Eukaryota
GO:0010284	Spermatophyta	58024.0	root | cellular organisms | Eukaryota | Viridiplantae | Streptophyta | Streptophytina | Embryophyta | Tracheophyta | Euphyllophyta | Spermatophyta
GO:1901998	Unknown		
GO:0048680	Bilateria	33213.0	root | cellular organisms | Eukaryota | Opisthokonta | Metazoa | Eumetazoa | Bilateria
GO:0046340	Eukaryota	2759.0	root | cellular organisms | Eukaryota
GO:0004632	cellular organisms	131567.0	root | cellular organisms
GO:0008418	cellular organisms	131567.0	root | cellular organisms
GO:0002208	Euarchontoglires	314146.0	root | cellular organisms | Eukaryota | Opisthokonta | Metazoa | Eumetazoa | Bilateria | Deuterostomia | Chordata | Craniata | Vertebrata | Gnathostomata | Teleostomi | Euteleostomi | Sarcopterygii | Dipnotetrapodomorpha | Tetrapoda | Amniota | Mammalia | Theria | Eutheria | Boreoeutheria | Euarchontoglires
GO:0039722	root	1.0	root
GO:1901672	Magnoliopsida	3398.0	root | cellular organisms | Eukaryota | Viridiplantae | Streptophyta | Streptophytina | Embryophyta | Tracheophyta | Euphyllophyta | Spermatophyta | Magnoliopsida
GO:1904215	Brassicaceae	3700.0	root | cellular organisms | Eukaryota | Viridiplantae | Streptophyta | Streptophytina | Embryophyta | Tracheophyta | Euphyllophyta | Spermatophyta | Magnoliopsida | Mesangiospermae | eudicotyledons | Gunneridae | Pentapetalae | rosids | malvids | Brassicales | Brassicaceae
GO:0004945	Gnathostomata	7776.0	root | cellular organisms | Eukaryota | Opisthokonta | Metazoa | Eumetazoa | Bilateria | Deuterostomia | Chordata | Craniata | Vertebrata | Gnathostomata
GO:0005938	cellular organisms	131567.0	root | cellular organisms
GO:0000738	Unknown		
GO:0045227	root	1.0	root
GO:0034968	Unknown		
GO:0140673	cellular organisms	131567.0	root | cellular organisms
GO:0006810	Eukaryota	2759.0	root | cellular organisms | Eukaryota
GO:0004713	root	1.0	root
GO:0007218	cellular organisms	131567.0	root | cellular organisms
GO:0004660	cellular organisms	131567.0	root | cellular organisms
GO:0046822	Opisthokonta	33154.0	root | cellular organisms | Eukaryota | Opisthokonta
GO:0015700	cellular organisms	131567.0	root | cellular organisms
GO:0000123	Eukaryota	2759.0	root | cellular organisms | Eukaryota
GO:0098932	root	1.0	root
GO:0000064	Eukaryota	2759.0	root | cellular organisms | Eukaryota
GO:0007494	Bilateria	33213.0	root | cellular organisms | Eukaryota | Opisthokonta | Metazoa | Eumetazoa | Bilateria
GO:0033741	Eukaryota	2759.0	root | cellular organisms | Eukaryota
GO:0008234	Unknown		1554481
GO:0019253	root	1.0	root
GO:0050236	cellular organisms	131567.0	root | cellular organisms
GO:0045664	Bilateria	33213.0	root | cellular organisms | Eukaryota | Opisthokonta | Metazoa | Eumetazoa | Bilateria
GO:0034227	cellular organisms	131567.0	root | cellular organisms
GO:0004347	root	1.0	root
GO:0080003	Arabidopsis thaliana	3702.0	root | cellular organisms | Eukaryota | Viridiplantae | Streptophyta | Streptophytina | Embryophyta | Tracheophyta | Euphyllophyta | Spermatophyta | Magnoliopsida | Mesangiospermae | eudicotyledons | Gunneridae | Pentapetalae | rosids | malvids | Brassicales | Brassicaceae | Camelineae | Arabidopsis | Arabidopsis thaliana
GO:0000281	Eukaryota	2759.0	root | cellular organisms | Eukaryota
GO:0004333	cellular organisms	131567.0	root | cellular organisms
GO:0030198	cellular organisms	131567.0	root | cellular organisms
GO:0006399	cellular organisms	131567.0	root | cellular organisms
GO:0070266	Bilateria	33213.0	root | cellular organisms | Eukaryota | Opisthokonta | Metazoa | Eumetazoa | Bilateria
GO:0008354	Bilateria	33213.0	root | cellular organisms | Eukaryota | Opisthokonta | Metazoa | Eumetazoa | Bilateria
GO:0010411	cellular organisms	131567.0	root | cellular organisms
GO:0033095	Euphyllophyta	78536.0	root | cellular organisms | Eukaryota | Viridiplantae | Streptophyta | Streptophytina | Embryophyta | Tracheophyta | Euphyllophyta
GO:0034235	Eukaryota	2759.0	root | cellular organisms | Eukaryota
GO:0035279	Eukaryota	2759.0	root | cellular organisms | Eukaryota
GO:0002807	Drosophila	7215.0	root | cellular organisms | Eukaryota | Opisthokonta | Metazoa | Eumetazoa | Bilateria | Protostomia | Ecdysozoa | Panarthropoda | Arthropoda | Mandibulata | Pancrustacea | Altocrustacea | Allotriocarida | Hexapoda | Insecta | Dicondylia | Pterygota | Neoptera | Eumetabola | Endopterygota | Aparaglossata | Panorpida | Diptera | Brachycera | Muscomorpha | Eremoneura | Cyclorrhapha | Schizophora | Acalyptratae | Ephydroidea | Drosophilidae | Drosophilinae | Drosophilini | Drosophila
GO:0008318	cellular organisms	131567.0	root | cellular organisms
GO:0097525	Eukaryota	2759.0	root | cellular organisms | Eukaryota
GO:0008637	Opisthokonta	33154.0	root | cellular organisms | Eukaryota | Opisthokonta
GO:0015671	cellular organisms	131567.0	root | cellular organisms
GO:0070555	Bilateria	33213.0	root | cellular organisms | Eukaryota | Opisthokonta | Metazoa | Eumetazoa | Bilateria
GO:0008659	Unknown		
GO:0042284	root	1.0	root
GO:0051793	cellular organisms	131567.0	root | cellular organisms
GO:0052826	Unknown		
GO:0004726	cellular organisms	131567.0	root | cellular organisms
GO:0051231	cellular organisms	131567.0	root | cellular organisms
GO:0048833	Magnoliopsida	3398.0	root | cellular organisms | Eukaryota | Viridiplantae | Streptophyta | Streptophytina | Embryophyta | Tracheophyta | Euphyllophyta | Spermatophyta | Magnoliopsida
GO:0015770	cellular organisms	131567.0	root | cellular organisms
GO:0030792	Unknown		
GO:0018027	Opisthokonta	33154.0	root | cellular organisms | Eukaryota | Opisthokonta
GO:0061087	Unknown		
GO:0004018	root	1.0	root
GO:0017018	Eukaryota	2759.0	root | cellular organisms | Eukaryota
GO:0034421	cellular organisms	131567.0	root | cellular organisms
GO:0051295	Eukaryota	2759.0	root | cellular organisms | Eukaryota
GO:0006935	root	1.0	root
GO:1990604	Eukaryota	2759.0	root | cellular organisms | Eukaryota
GO:0099116	root	1.0	root
GO:0006793	cellular organisms	131567.0	root | cellular organisms
GO:0010104	Eukaryota	2759.0	root | cellular organisms | Eukaryota
GO:0017150	cellular organisms	131567.0	root | cellular organisms
GO:0071035	Eukaryota	2759.0	root | cellular organisms | Eukaryota
GO:0032264	cellular organisms	131567.0	root | cellular organisms
GO:0080123	Mesangiospermae	1437183.0	root | cellular organisms | Eukaryota | Viridiplantae | Streptophyta | Streptophytina | Embryophyta | Tracheophyta | Euphyllophyta | Spermatophyta | Magnoliopsida | Mesangiospermae
GO:0048814	Eukaryota	2759.0	root | cellular organisms | Eukaryota
GO:0008611	root	1.0	root
GO:0050278	cellular organisms	131567.0	root | cellular organisms
GO:0010393	Arabidopsis thaliana	3702.0	root | cellular organisms | Eukaryota | Viridiplantae | Streptophyta | Streptophytina | Embryophyta | Tracheophyta | Euphyllophyta | Spermatophyta | Magnoliopsida | Mesangiospermae | eudicotyledons | Gunneridae | Pentapetalae | rosids | malvids | Brassicales | Brassicaceae | Camelineae | Arabidopsis | Arabidopsis thaliana
GO:0039511	Unknown		
GO:1901673	cellular organisms	131567.0	root | cellular organisms
GO:0050770	Eumetazoa	6072.0	root | cellular organisms | Eukaryota | Opisthokonta | Metazoa | Eumetazoa
GO:1903288	Eukaryota	2759.0	root | cellular organisms | Eukaryota
GO:0010313	Pentapetalae	1437201.0	root | cellular organisms | Eukaryota | Viridiplantae | Streptophyta | Streptophytina | Embryophyta | Tracheophyta | Euphyllophyta | Spermatophyta | Magnoliopsida | Mesangiospermae | eudicotyledons | Gunneridae | Pentapetalae
GO:0090615	Eukaryota	2759.0	root | cellular organisms | Eukaryota
GO:0005948	cellular organisms	131567.0	root | cellular organisms
GO:0015421	root	1.0	root
GO:0030291	Unknown		3470597
GO:0071919	Opisthokonta	33154.0	root | cellular organisms | Eukaryota | Opisthokonta
GO:0004665	cellular organisms	131567.0	root | cellular organisms
GO:0052857	Unknown		
GO:0046820	root	1.0	root
GO:0071452	Arabidopsis thaliana	3702.0	root | cellular organisms | Eukaryota | Viridiplantae | Streptophyta | Streptophytina | Embryophyta | Tracheophyta | Euphyllophyta | Spermatophyta | Magnoliopsida | Mesangiospermae | eudicotyledons | Gunneridae | Pentapetalae | rosids | malvids | Brassicales | Brassicaceae | Camelineae | Arabidopsis | Arabidopsis thaliana
GO:0034632	Metazoa	33208.0	root | cellular organisms | Eukaryota | Opisthokonta | Metazoa
GO:0099106	Eukaryota	2759.0	root | cellular organisms | Eukaryota
GO:0102043	cellular organisms	131567.0	root | cellular organisms
GO:0055063	Arabidopsis thaliana	3702.0	root | cellular organisms | Eukaryota | Viridiplantae | Streptophyta | Streptophytina | Embryophyta | Tracheophyta | Euphyllophyta | Spermatophyta | Magnoliopsida | Mesangiospermae | eudicotyledons | Gunneridae | Pentapetalae | rosids | malvids | Brassicales | Brassicaceae | Camelineae | Arabidopsis | Arabidopsis thaliana
GO:0052793	Eukaryota	2759.0	root | cellular organisms | Eukaryota
GO:0007204	cellular organisms	131567.0	root | cellular organisms
GO:0052591	Unknown		
GO:0048598	Eukaryota	2759.0	root | cellular organisms | Eukaryota
GO:0010228	Viridiplantae	33090.0	root | cellular organisms | Eukaryota | Viridiplantae
GO:0006526	root	1.0	root
GO:0015184	cellular organisms	131567.0	root | cellular organisms
GO:0071522	cellular organisms	131567.0	root | cellular organisms
GO:0050308	cellular organisms	131567.0	root | cellular organisms
GO:0050589	cellular organisms	131567.0	root | cellular organisms
GO:0060250	Eukaryota	2759.0	root | cellular organisms | Eukaryota
GO:0016255	cellular organisms	131567.0	root | cellular organisms
GO:0034618	cellular organisms	131567.0	root | cellular organisms
GO:0097225	Opisthokonta	33154.0	root | cellular organisms | Eukaryota | Opisthokonta
GO:0006110	cellular organisms	131567.0	root | cellular organisms
GO:0071248	cellular organisms	131567.0	root | cellular organisms
GO:0014070	Unknown		
GO:0047461	Spermatophyta	58024.0	root | cellular organisms | Eukaryota | Viridiplantae | Streptophyta | Streptophytina | Embryophyta | Tracheophyta | Euphyllophyta | Spermatophyta
GO:1990247	Eukaryota	2759.0	root | cellular organisms | Eukaryota
GO:0032197	Eukaryota	2759.0	root | cellular organisms | Eukaryota
GO:0001653	cellular organisms	131567.0	root | cellular organisms
GO:0006488	cellular organisms	131567.0	root | cellular organisms
GO:0006896	cellular organisms	131567.0	root | cellular organisms
GO:0052617	Unknown		
GO:0070847	Eukaryota	2759.0	root | cellular organisms | Eukaryota
GO:0019430	root	1.0	root
GO:0071327	Mesangiospermae	1437183.0	root | cellular organisms | Eukaryota | Viridiplantae | Streptophyta | Streptophytina | Embryophyta | Tracheophyta | Euphyllophyta | Spermatophyta | Magnoliopsida | Mesangiospermae
GO:0032421	Euteleostomi	117571.0	root | cellular organisms | Eukaryota | Opisthokonta | Metazoa | Eumetazoa | Bilateria | Deuterostomia | Chordata | Craniata | Vertebrata | Gnathostomata | Teleostomi | Euteleostomi
GO:0046922	root	1.0	root
GO:0006707	cellular organisms	131567.0	root | cellular organisms
GO:0070988	root	1.0	root
GO:1903522	Eumetazoa	6072.0	root | cellular organisms | Eukaryota | Opisthokonta | Metazoa | Eumetazoa
GO:0008832	cellular organisms	131567.0	root | cellular organisms
GO:0035249	Metazoa	33208.0	root | cellular organisms | Eukaryota | Opisthokonta | Metazoa
GO:0017157	Eukaryota	2759.0	root | cellular organisms | Eukaryota
GO:0071555	root	1.0	root
GO:0018401	Eukaryota	2759.0	root | cellular organisms | Eukaryota
GO:0060088	Vertebrata	7742.0	root | cellular organisms | Eukaryota | Opisthokonta | Metazoa | Eumetazoa | Bilateria | Deuterostomia | Chordata | Craniata | Vertebrata
GO:0044715	cellular organisms	131567.0	root | cellular organisms
GO:0018171	Eukaryota	2759.0	root | cellular organisms | Eukaryota
GO:0045654	Eumetazoa	6072.0	root | cellular organisms | Eukaryota | Opisthokonta | Metazoa | Eumetazoa
GO:0051469	Eukaryota	2759.0	root | cellular organisms | Eukaryota
GO:0060340	root	1.0	root
GO:0009446	root	1.0	root
GO:0046850	Vertebrata	7742.0	root | cellular organisms | Eukaryota | Opisthokonta | Metazoa | Eumetazoa | Bilateria | Deuterostomia | Chordata | Craniata | Vertebrata
GO:0002080	Eukaryota	2759.0	root | cellular organisms | Eukaryota
GO:0007628	Bilateria	33213.0	root | cellular organisms | Eukaryota | Opisthokonta | Metazoa | Eumetazoa | Bilateria
GO:0045907	Bilateria	33213.0	root | cellular organisms | Eukaryota | Opisthokonta | Metazoa | Eumetazoa | Bilateria
GO:0006474	cellular organisms	131567.0	root | cellular organisms
GO:0032420	Eumetazoa	6072.0	root | cellular organisms | Eukaryota | Opisthokonta | Metazoa | Eumetazoa
GO:0048528	Arabidopsis thaliana	3702.0	root | cellular organisms | Eukaryota | Viridiplantae | Streptophyta | Streptophytina | Embryophyta | Tracheophyta | Euphyllophyta | Spermatophyta | Magnoliopsida | Mesangiospermae | eudicotyledons | Gunneridae | Pentapetalae | rosids | malvids | Brassicales | Brassicaceae | Camelineae | Arabidopsis | Arabidopsis thaliana
GO:0052547	Murinae	39107.0	root | cellular organisms | Eukaryota | Opisthokonta | Metazoa | Eumetazoa | Bilateria | Deuterostomia | Chordata | Craniata | Vertebrata | Gnathostomata | Teleostomi | Euteleostomi | Sarcopterygii | Dipnotetrapodomorpha | Tetrapoda | Amniota | Mammalia | Theria | Eutheria | Boreoeutheria | Euarchontoglires | Glires | Rodentia | Myomorpha | Muroidea | Muridae | Murinae
GO:0006543	cellular organisms	131567.0	root | cellular organisms
GO:0031211	Eukaryota	2759.0	root | cellular organisms | Eukaryota
GO:0010917	Amniota	32524.0	root | cellular organisms | Eukaryota | Opisthokonta | Metazoa | Eumetazoa | Bilateria | Deuterostomia | Chordata | Craniata | Vertebrata | Gnathostomata | Teleostomi | Euteleostomi | Sarcopterygii | Dipnotetrapodomorpha | Tetrapoda | Amniota
GO:0019447	Unknown		
GO:0005249	root	1.0	root
GO:1904154	Eumetazoa	6072.0	root | cellular organisms | Eukaryota | Opisthokonta | Metazoa | Eumetazoa
GO:1990075	Eukaryota	2759.0	root | cellular organisms | Eukaryota
GO:0038061	Opisthokonta	33154.0	root | cellular organisms | Eukaryota | Opisthokonta
GO:0015882	cellular organisms	131567.0	root | cellular organisms
GO:0035861	cellular organisms	131567.0	root | cellular organisms
GO:0007029	Eukaryota	2759.0	root | cellular organisms | Eukaryota
GO:0009684	Arabidopsis thaliana	3702.0	root | cellular organisms | Eukaryota | Viridiplantae | Streptophyta | Streptophytina | Embryophyta | Tracheophyta | Euphyllophyta | Spermatophyta | Magnoliopsida | Mesangiospermae | eudicotyledons | Gunneridae | Pentapetalae | rosids | malvids | Brassicales | Brassicaceae | Camelineae | Arabidopsis | Arabidopsis thaliana
GO:0006417	cellular organisms	131567.0	root | cellular organisms
GO:0019031	Unknown		3470597
GO:1990700	Euteleostomi	117571.0	root | cellular organisms | Eukaryota | Opisthokonta | Metazoa | Eumetazoa | Bilateria | Deuterostomia | Chordata | Craniata | Vertebrata | Gnathostomata | Teleostomi | Euteleostomi
GO:0009007	root	1.0	root
GO:0005986	cellular organisms	131567.0	root | cellular organisms
GO:0140041	Eukaryota	2759.0	root | cellular organisms | Eukaryota
GO:0001726	Eukaryota	2759.0	root | cellular organisms | Eukaryota
GO:0009733	Viridiplantae	33090.0	root | cellular organisms | Eukaryota | Viridiplantae
GO:0033743	cellular organisms	131567.0	root | cellular organisms
GO:0030042	cellular organisms	131567.0	root | cellular organisms
GO:0030604	cellular organisms	131567.0	root | cellular organisms
GO:0031663	Eukaryota	2759.0	root | cellular organisms | Eukaryota
GO:0000301	Eukaryota	2759.0	root | cellular organisms | Eukaryota
GO:0090258	root	1.0	root
GO:0034247	cellular organisms	131567.0	root | cellular organisms
GO:0110051	cellular organisms	131567.0	root | cellular organisms
GO:0004557	root	1.0	root
GO:0007160	cellular organisms	131567.0	root | cellular organisms
GO:0010027	cellular organisms	131567.0	root | cellular organisms
GO:0006148	cellular organisms	131567.0	root | cellular organisms
GO:0071266	cellular organisms	131567.0	root | cellular organisms
GO:0089701	Eukaryota	2759.0	root | cellular organisms | Eukaryota
GO:0043122	cellular organisms	131567.0	root | cellular organisms
GO:0019205	root	1.0	root
GO:0009651	cellular organisms	131567.0	root | cellular organisms
GO:0016432	cellular organisms	131567.0	root | cellular organisms
GO:1901723	Tetrapoda	32523.0	root | cellular organisms | Eukaryota | Opisthokonta | Metazoa | Eumetazoa | Bilateria | Deuterostomia | Chordata | Craniata | Vertebrata | Gnathostomata | Teleostomi | Euteleostomi | Sarcopterygii | Dipnotetrapodomorpha | Tetrapoda
GO:0000050	root	1.0	root
GO:0010471	Brassicaceae	3700.0	root | cellular organisms | Eukaryota | Viridiplantae | Streptophyta | Streptophytina | Embryophyta | Tracheophyta | Euphyllophyta | Spermatophyta | Magnoliopsida | Mesangiospermae | eudicotyledons | Gunneridae | Pentapetalae | rosids | malvids | Brassicales | Brassicaceae
GO:0102862	Unknown		
GO:0006273	cellular organisms	131567.0	root | cellular organisms
GO:0030104	Unknown		
GO:0007254	Eukaryota	2759.0	root | cellular organisms | Eukaryota
GO:0031998	cellular organisms	131567.0	root | cellular organisms
GO:0009946	Eukaryota	2759.0	root | cellular organisms | Eukaryota
GO:0016037	cellular organisms	131567.0	root | cellular organisms
GO:2001034	Opisthokonta	33154.0	root | cellular organisms | Eukaryota | Opisthokonta
GO:0034097	cellular organisms	131567.0	root | cellular organisms
GO:0016872	cellular organisms	131567.0	root | cellular organisms
GO:0070328	Eukaryota	2759.0	root | cellular organisms | Eukaryota
GO:0003906	root	1.0	root
GO:0006235	root	1.0	root
GO:0050664	root	1.0	root
GO:0009251	root	1.0	root
GO:0010218	Viridiplantae	33090.0	root | cellular organisms | Eukaryota | Viridiplantae
GO:1903942	Eukaryota	2759.0	root | cellular organisms | Eukaryota
GO:0016018	cellular organisms	131567.0	root | cellular organisms
GO:0006433	cellular organisms	131567.0	root | cellular organisms
GO:0031300	Unknown		
GO:0061370	Euteleostomi	117571.0	root | cellular organisms | Eukaryota | Opisthokonta | Metazoa | Eumetazoa | Bilateria | Deuterostomia | Chordata | Craniata | Vertebrata | Gnathostomata | Teleostomi | Euteleostomi
GO:0004459	root	1.0	root
GO:0007093	Unknown		
GO:0009827	Pentapetalae	1437201.0	root | cellular organisms | Eukaryota | Viridiplantae | Streptophyta | Streptophytina | Embryophyta | Tracheophyta | Euphyllophyta | Spermatophyta | Magnoliopsida | Mesangiospermae | eudicotyledons | Gunneridae | Pentapetalae
GO:0039524	Viruses	10239.0	root | Viruses
GO:1905502	cellular organisms	131567.0	root | cellular organisms
GO:0022626	cellular organisms	131567.0	root | cellular organisms
GO:0006858	Eukaryota	2759.0	root | cellular organisms | Eukaryota
GO:0099178	Amniota	32524.0	root | cellular organisms | Eukaryota | Opisthokonta | Metazoa | Eumetazoa | Bilateria | Deuterostomia | Chordata | Craniata | Vertebrata | Gnathostomata | Teleostomi | Euteleostomi | Sarcopterygii | Dipnotetrapodomorpha | Tetrapoda | Amniota
GO:0019835	root	1.0	root
GO:0045505	cellular organisms	131567.0	root | cellular organisms
GO:0033116	root	1.0	root
GO:0019877	Unknown		
GO:0061304	Euteleostomi	117571.0	root | cellular organisms | Eukaryota | Opisthokonta | Metazoa | Eumetazoa | Bilateria | Deuterostomia | Chordata | Craniata | Vertebrata | Gnathostomata | Teleostomi | Euteleostomi
GO:0008117	cellular organisms	131567.0	root | cellular organisms
GO:0035591	cellular organisms	131567.0	root | cellular organisms
GO:0080084	Spermatophyta	58024.0	root | cellular organisms | Eukaryota | Viridiplantae | Streptophyta | Streptophytina | Embryophyta | Tracheophyta | Euphyllophyta | Spermatophyta
GO:0009625	Eukaryota	2759.0	root | cellular organisms | Eukaryota
GO:0019139	cellular organisms	131567.0	root | cellular organisms
GO:0017113	Eukaryota	2759.0	root | cellular organisms | Eukaryota
GO:0018872	cellular organisms	131567.0	root | cellular organisms
GO:0010459	Bilateria	33213.0	root | cellular organisms | Eukaryota | Opisthokonta | Metazoa | Eumetazoa | Bilateria
GO:0000448	cellular organisms	131567.0	root | cellular organisms
GO:0003843	Eukaryota	2759.0	root | cellular organisms | Eukaryota
GO:0006335	cellular organisms	131567.0	root | cellular organisms
GO:0010922	cellular organisms	131567.0	root | cellular organisms
GO:0016021	Unknown		
GO:0004088	root	1.0	root
GO:1990380	root	1.0	root
GO:1902275	cellular organisms	131567.0	root | cellular organisms
GO:0009783	Viridiplantae	33090.0	root | cellular organisms | Eukaryota | Viridiplantae
GO:0043548	cellular organisms	131567.0	root | cellular organisms
GO:0046863	cellular organisms	131567.0	root | cellular organisms
GO:0052689	root	1.0	root
GO:0032258	saccharomyceta	716545.0	root | cellular organisms | Eukaryota | Opisthokonta | Fungi | Dikarya | Ascomycota | saccharomyceta
GO:0080092	Spermatophyta	58024.0	root | cellular organisms | Eukaryota | Viridiplantae | Streptophyta | Streptophytina | Embryophyta | Tracheophyta | Euphyllophyta | Spermatophyta
GO:0018206	Boreoeutheria	1437010.0	root | cellular organisms | Eukaryota | Opisthokonta | Metazoa | Eumetazoa | Bilateria | Deuterostomia | Chordata | Craniata | Vertebrata | Gnathostomata | Teleostomi | Euteleostomi | Sarcopterygii | Dipnotetrapodomorpha | Tetrapoda | Amniota | Mammalia | Theria | Eutheria | Boreoeutheria
GO:0044804	Eukaryota	2759.0	root | cellular organisms | Eukaryota
GO:0051594	Unknown		
GO:0030425	Opisthokonta	33154.0	root | cellular organisms | Eukaryota | Opisthokonta
GO:0009628	Unknown		
GO:0047911	cellular organisms	131567.0	root | cellular organisms
GO:0031349	Eukaryota	2759.0	root | cellular organisms | Eukaryota
GO:0070300	cellular organisms	131567.0	root | cellular organisms
GO:0043425	Eukaryota	2759.0	root | cellular organisms | Eukaryota
GO:0062047	Brassicaceae	3700.0	root | cellular organisms | Eukaryota | Viridiplantae | Streptophyta | Streptophytina | Embryophyta | Tracheophyta | Euphyllophyta | Spermatophyta | Magnoliopsida | Mesangiospermae | eudicotyledons | Gunneridae | Pentapetalae | rosids | malvids | Brassicales | Brassicaceae
GO:0047293	Unknown		
GO:0000056	Eukaryota	2759.0	root | cellular organisms | Eukaryota
GO:0007601	Eumetazoa	6072.0	root | cellular organisms | Eukaryota | Opisthokonta | Metazoa | Eumetazoa
GO:0036047	Euteleostomi	117571.0	root | cellular organisms | Eukaryota | Opisthokonta | Metazoa | Eumetazoa | Bilateria | Deuterostomia | Chordata | Craniata | Vertebrata | Gnathostomata | Teleostomi | Euteleostomi
GO:0009927	cellular organisms	131567.0	root | cellular organisms
GO:0050378	cellular organisms	131567.0	root | cellular organisms
GO:0009969	Eukaryota	2759.0	root | cellular organisms | Eukaryota
GO:0016034	cellular organisms	131567.0	root | cellular organisms
GO:0032260	Mesangiospermae	1437183.0	root | cellular organisms | Eukaryota | Viridiplantae | Streptophyta | Streptophytina | Embryophyta | Tracheophyta | Euphyllophyta | Spermatophyta | Magnoliopsida | Mesangiospermae
GO:0003689	root	1.0	root
GO:0061651	Eukaryota	2759.0	root | cellular organisms | Eukaryota
GO:0008194	root	1.0	root
GO:0090391	Viridiplantae	33090.0	root | cellular organisms | Eukaryota | Viridiplantae
GO:0010045	cellular organisms	131567.0	root | cellular organisms
GO:0071763	cellular organisms	131567.0	root | cellular organisms
GO:0097752	Opisthokonta	33154.0	root | cellular organisms | Eukaryota | Opisthokonta
GO:0017186	Eukaryota	2759.0	root | cellular organisms | Eukaryota
GO:0090305	Unknown		
GO:0016559	Eukaryota	2759.0	root | cellular organisms | Eukaryota
GO:0071398	Eukaryota	2759.0	root | cellular organisms | Eukaryota
GO:0045663	Bilateria	33213.0	root | cellular organisms | Eukaryota | Opisthokonta | Metazoa | Eumetazoa | Bilateria
GO:0098723	Amniota	32524.0	root | cellular organisms | Eukaryota | Opisthokonta | Metazoa | Eumetazoa | Bilateria | Deuterostomia | Chordata | Craniata | Vertebrata | Gnathostomata | Teleostomi | Euteleostomi | Sarcopterygii | Dipnotetrapodomorpha | Tetrapoda | Amniota
GO:0051223	Eukaryota	2759.0	root | cellular organisms | Eukaryota
GO:0010944	Unknown		
GO:0016182	Bilateria	33213.0	root | cellular organisms | Eukaryota | Opisthokonta | Metazoa | Eumetazoa | Bilateria
GO:0097745	Eukaryota	2759.0	root | cellular organisms | Eukaryota
GO:0052927	cellular organisms	131567.0	root | cellular organisms
GO:0009298	root	1.0	root
GO:0051222	Eukaryota	2759.0	root | cellular organisms | Eukaryota
GO:0007229	root	1.0	root
GO:0004768	cellular organisms	131567.0	root | cellular organisms
GO:0032443	Fungi	4751.0	root | cellular organisms | Eukaryota | Opisthokonta | Fungi
GO:0034454	cellular organisms	131567.0	root | cellular organisms
GO:0044095	root	1.0	root
GO:0048015	Eukaryota	2759.0	root | cellular organisms | Eukaryota
GO:0060076	Bilateria	33213.0	root | cellular organisms | Eukaryota | Opisthokonta | Metazoa | Eumetazoa | Bilateria
GO:0006799	cellular organisms	131567.0	root | cellular organisms
GO:0016653	cellular organisms	131567.0	root | cellular organisms
GO:0019755	cellular organisms	131567.0	root | cellular organisms
GO:0009249	root	1.0	root
GO:0061001	Gnathostomata	7776.0	root | cellular organisms | Eukaryota | Opisthokonta | Metazoa | Eumetazoa | Bilateria | Deuterostomia | Chordata | Craniata | Vertebrata | Gnathostomata
GO:0102311	Pentapetalae	1437201.0	root | cellular organisms | Eukaryota | Viridiplantae | Streptophyta | Streptophytina | Embryophyta | Tracheophyta | Euphyllophyta | Spermatophyta | Magnoliopsida | Mesangiospermae | eudicotyledons | Gunneridae | Pentapetalae
GO:0160198	Eukaryota	2759.0	root | cellular organisms | Eukaryota
GO:0008763	cellular organisms	131567.0	root | cellular organisms
GO:0000979	Eukaryota	2759.0	root | cellular organisms | Eukaryota
GO:0060122	Vertebrata	7742.0	root | cellular organisms | Eukaryota | Opisthokonta | Metazoa | Eumetazoa | Bilateria | Deuterostomia | Chordata | Craniata | Vertebrata
GO:0032389	Eukaryota	2759.0	root | cellular organisms | Eukaryota
GO:0110165	Unknown		
GO:0004775	root	1.0	root
GO:0032446	root	1.0	root
GO:2001252	Bilateria	33213.0	root | cellular organisms | Eukaryota | Opisthokonta | Metazoa | Eumetazoa | Bilateria
GO:0030659	cellular organisms	131567.0	root | cellular organisms
GO:0015207	cellular organisms	131567.0	root | cellular organisms
GO:0043011	Euteleostomi	117571.0	root | cellular organisms | Eukaryota | Opisthokonta | Metazoa | Eumetazoa | Bilateria | Deuterostomia | Chordata | Craniata | Vertebrata | Gnathostomata | Teleostomi | Euteleostomi
GO:0006298	root	1.0	root
GO:0019706	Eukaryota	2759.0	root | cellular organisms | Eukaryota
GO:0006693	Eukaryota	2759.0	root | cellular organisms | Eukaryota
GO:0060118	Euteleostomi	117571.0	root | cellular organisms | Eukaryota | Opisthokonta | Metazoa | Eumetazoa | Bilateria | Deuterostomia | Chordata | Craniata | Vertebrata | Gnathostomata | Teleostomi | Euteleostomi
GO:0036396	cellular organisms	131567.0	root | cellular organisms
GO:0097577	Unknown		
GO:1905348	cellular organisms	131567.0	root | cellular organisms
GO:0097113	Bilateria	33213.0	root | cellular organisms | Eukaryota | Opisthokonta | Metazoa | Eumetazoa | Bilateria
GO:1990261	Opisthokonta	33154.0	root | cellular organisms | Eukaryota | Opisthokonta
GO:0032451	root	1.0	root
GO:0005222	Eukaryota	2759.0	root | cellular organisms | Eukaryota
GO:1900056	Viridiplantae	33090.0	root | cellular organisms | Eukaryota | Viridiplantae
GO:0030900	Vertebrata	7742.0	root | cellular organisms | Eukaryota | Opisthokonta | Metazoa | Eumetazoa | Bilateria | Deuterostomia | Chordata | Craniata | Vertebrata
GO:0004591	cellular organisms	131567.0	root | cellular organisms
GO:0070935	Eukaryota	2759.0	root | cellular organisms | Eukaryota
GO:0044219	root	1.0	root
GO:0005873	Opisthokonta	33154.0	root | cellular organisms | Eukaryota | Opisthokonta
GO:1902138	Spermatophyta	58024.0	root | cellular organisms | Eukaryota | Viridiplantae | Streptophyta | Streptophytina | Embryophyta | Tracheophyta | Euphyllophyta | Spermatophyta
GO:0010600	Brassicaceae	3700.0	root | cellular organisms | Eukaryota | Viridiplantae | Streptophyta | Streptophytina | Embryophyta | Tracheophyta | Euphyllophyta | Spermatophyta | Magnoliopsida | Mesangiospermae | eudicotyledons | Gunneridae | Pentapetalae | rosids | malvids | Brassicales | Brassicaceae
GO:0005930	Eukaryota	2759.0	root | cellular organisms | Eukaryota
GO:0098976	Amniota	32524.0	root | cellular organisms | Eukaryota | Opisthokonta | Metazoa | Eumetazoa | Bilateria | Deuterostomia | Chordata | Craniata | Vertebrata | Gnathostomata | Teleostomi | Euteleostomi | Sarcopterygii | Dipnotetrapodomorpha | Tetrapoda | Amniota
GO:0044196	Unknown		1554481
GO:0120243	cellular organisms	131567.0	root | cellular organisms
GO:1901401	Arabidopsis thaliana	3702.0	root | cellular organisms | Eukaryota | Viridiplantae | Streptophyta | Streptophytina | Embryophyta | Tracheophyta | Euphyllophyta | Spermatophyta | Magnoliopsida | Mesangiospermae | eudicotyledons | Gunneridae | Pentapetalae | rosids | malvids | Brassicales | Brassicaceae | Camelineae | Arabidopsis | Arabidopsis thaliana
GO:0033387	Unknown		
GO:0039586	Unknown		
GO:0009943	Embryophyta	3193.0	root | cellular organisms | Eukaryota | Viridiplantae | Streptophyta | Streptophytina | Embryophyta
GO:0010371	Arabidopsis thaliana	3702.0	root | cellular organisms | Eukaryota | Viridiplantae | Streptophyta | Streptophytina | Embryophyta | Tracheophyta | Euphyllophyta | Spermatophyta | Magnoliopsida | Mesangiospermae | eudicotyledons | Gunneridae | Pentapetalae | rosids | malvids | Brassicales | Brassicaceae | Camelineae | Arabidopsis | Arabidopsis thaliana
GO:0003899	root	1.0	root
GO:0016031	Eukaryota	2759.0	root | cellular organisms | Eukaryota
GO:0032156	Opisthokonta	33154.0	root | cellular organisms | Eukaryota | Opisthokonta
GO:0047513	cellular organisms	131567.0	root | cellular organisms
GO:0045089	Eukaryota	2759.0	root | cellular organisms | Eukaryota
GO:0016477	cellular organisms	131567.0	root | cellular organisms
GO:1900871	Spermatophyta	58024.0	root | cellular organisms | Eukaryota | Viridiplantae | Streptophyta | Streptophytina | Embryophyta | Tracheophyta | Euphyllophyta | Spermatophyta
GO:0006658	Opisthokonta	33154.0	root | cellular organisms | Eukaryota | Opisthokonta
GO:0052655	cellular organisms	131567.0	root | cellular organisms
GO:0110154	cellular organisms	131567.0	root | cellular organisms
GO:0102822	Mesangiospermae	1437183.0	root | cellular organisms | Eukaryota | Viridiplantae | Streptophyta | Streptophytina | Embryophyta | Tracheophyta | Euphyllophyta | Spermatophyta | Magnoliopsida | Mesangiospermae
GO:0000015	cellular organisms	131567.0	root | cellular organisms
GO:0002675	Amniota	32524.0	root | cellular organisms | Eukaryota | Opisthokonta | Metazoa | Eumetazoa | Bilateria | Deuterostomia | Chordata | Craniata | Vertebrata | Gnathostomata | Teleostomi | Euteleostomi | Sarcopterygii | Dipnotetrapodomorpha | Tetrapoda | Amniota
GO:0004612	cellular organisms	131567.0	root | cellular organisms
GO:0043100	cellular organisms	131567.0	root | cellular organisms
GO:2000142	root	1.0	root
GO:1990705	Murinae	39107.0	root | cellular organisms | Eukaryota | Opisthokonta | Metazoa | Eumetazoa | Bilateria | Deuterostomia | Chordata | Craniata | Vertebrata | Gnathostomata | Teleostomi | Euteleostomi | Sarcopterygii | Dipnotetrapodomorpha | Tetrapoda | Amniota | Mammalia | Theria | Eutheria | Boreoeutheria | Euarchontoglires | Glires | Rodentia | Myomorpha | Muroidea | Muridae | Murinae
GO:1902356	Eukaryota	2759.0	root | cellular organisms | Eukaryota
GO:0005968	cellular organisms	131567.0	root | cellular organisms
GO:0019062	Unknown		1554481
GO:0004608	cellular organisms	131567.0	root | cellular organisms
GO:0005813	root	1.0	root
GO:0010992	cellular organisms	131567.0	root | cellular organisms
GO:0005663	cellular organisms	131567.0	root | cellular organisms
GO:0150006	Eukaryota	2759.0	root | cellular organisms | Eukaryota
GO:0044568	Pentapetalae	1437201.0	root | cellular organisms | Eukaryota | Viridiplantae | Streptophyta | Streptophytina | Embryophyta | Tracheophyta | Euphyllophyta | Spermatophyta | Magnoliopsida | Mesangiospermae | eudicotyledons | Gunneridae | Pentapetalae
GO:0032454	Eukaryota	2759.0	root | cellular organisms | Eukaryota
GO:0008574	cellular organisms	131567.0	root | cellular organisms
GO:0000489	Spermatophyta	58024.0	root | cellular organisms | Eukaryota | Viridiplantae | Streptophyta | Streptophytina | Embryophyta | Tracheophyta | Euphyllophyta | Spermatophyta
GO:0120231	Eukaryota	2759.0	root | cellular organisms | Eukaryota
GO:0080110	Mesangiospermae	1437183.0	root | cellular organisms | Eukaryota | Viridiplantae | Streptophyta | Streptophytina | Embryophyta | Tracheophyta | Euphyllophyta | Spermatophyta | Magnoliopsida | Mesangiospermae
GO:0030641	Unknown		
GO:0051607	root	1.0	root
GO:0004081	cellular organisms	131567.0	root | cellular organisms
GO:0048762	Tetrapoda	32523.0	root | cellular organisms | Eukaryota | Opisthokonta | Metazoa | Eumetazoa | Bilateria | Deuterostomia | Chordata | Craniata | Vertebrata | Gnathostomata | Teleostomi | Euteleostomi | Sarcopterygii | Dipnotetrapodomorpha | Tetrapoda
GO:0010520	Eukaryota	2759.0	root | cellular organisms | Eukaryota
GO:0006954	Eumetazoa	6072.0	root | cellular organisms | Eukaryota | Opisthokonta | Metazoa | Eumetazoa
GO:0016121	cellular organisms	131567.0	root | cellular organisms
GO:0006069	Unknown		
GO:0036122	cellular organisms	131567.0	root | cellular organisms
GO:0033612	cellular organisms	131567.0	root | cellular organisms
GO:0004586	root	1.0	root
GO:0055091	cellular organisms	131567.0	root | cellular organisms
GO:0043392	cellular organisms	131567.0	root | cellular organisms
GO:0008783	cellular organisms	131567.0	root | cellular organisms
GO:0004040	root	1.0	root
GO:0015271	root	1.0	root
GO:0000812	Eukaryota	2759.0	root | cellular organisms | Eukaryota
GO:2000197	Danio rerio	7955.0	root | cellular organisms | Eukaryota | Opisthokonta | Metazoa | Eumetazoa | Bilateria | Deuterostomia | Chordata | Craniata | Vertebrata | Gnathostomata | Teleostomi | Euteleostomi | Actinopterygii | Actinopteri | Neopterygii | Teleostei | Osteoglossocephalai | Clupeocephala | Otomorpha | Ostariophysi | Otophysi | Cypriniphysae | Cypriniformes | Cyprinoidei | Danionidae | Danioninae | Danio | Danio rerio
GO:0019103	cellular organisms	131567.0	root | cellular organisms
GO:0036261	root	1.0	root
GO:0018298	Unknown		
GO:1902040	Arabidopsis thaliana	3702.0	root | cellular organisms | Eukaryota | Viridiplantae | Streptophyta | Streptophytina | Embryophyta | Tracheophyta | Euphyllophyta | Spermatophyta | Magnoliopsida | Mesangiospermae | eudicotyledons | Gunneridae | Pentapetalae | rosids | malvids | Brassicales | Brassicaceae | Camelineae | Arabidopsis | Arabidopsis thaliana
GO:0099013	Euteleostomi	117571.0	root | cellular organisms | Eukaryota | Opisthokonta | Metazoa | Eumetazoa | Bilateria | Deuterostomia | Chordata | Craniata | Vertebrata | Gnathostomata | Teleostomi | Euteleostomi
GO:0004610	cellular organisms	131567.0	root | cellular organisms
GO:0047545	cellular organisms	131567.0	root | cellular organisms
GO:0004707	Eukaryota	2759.0	root | cellular organisms | Eukaryota
GO:0043048	cellular organisms	131567.0	root | cellular organisms
GO:0006401	root	1.0	root
GO:0005213	cellular organisms	131567.0	root | cellular organisms
GO:0006083	cellular organisms	131567.0	root | cellular organisms
GO:0070192	Eukaryota	2759.0	root | cellular organisms | Eukaryota
GO:0007615	Arthropoda	6656.0	root | cellular organisms | Eukaryota | Opisthokonta | Metazoa | Eumetazoa | Bilateria | Protostomia | Ecdysozoa | Panarthropoda | Arthropoda
GO:0030176	Unknown		
GO:0005657	cellular organisms	131567.0	root | cellular organisms
GO:0051059	cellular organisms	131567.0	root | cellular organisms
GO:0043043	cellular organisms	131567.0	root | cellular organisms
GO:0047496	Eukaryota	2759.0	root | cellular organisms | Eukaryota
GO:0047621	cellular organisms	131567.0	root | cellular organisms
GO:0004730	cellular organisms	131567.0	root | cellular organisms
GO:0009637	cellular organisms	131567.0	root | cellular organisms
GO:0097272	cellular organisms	131567.0	root | cellular organisms
GO:2000541	Eukaryota	2759.0	root | cellular organisms | Eukaryota
GO:0004061	root	1.0	root
GO:0030998	Fungi	4751.0	root | cellular organisms | Eukaryota | Opisthokonta | Fungi
GO:0032713	Amniota	32524.0	root | cellular organisms | Eukaryota | Opisthokonta | Metazoa | Eumetazoa | Bilateria | Deuterostomia | Chordata | Craniata | Vertebrata | Gnathostomata | Teleostomi | Euteleostomi | Sarcopterygii | Dipnotetrapodomorpha | Tetrapoda | Amniota
GO:0001972	Euteleostomi	117571.0	root | cellular organisms | Eukaryota | Opisthokonta | Metazoa | Eumetazoa | Bilateria | Deuterostomia | Chordata | Craniata | Vertebrata | Gnathostomata | Teleostomi | Euteleostomi
GO:0048265	Euteleostomi	117571.0	root | cellular organisms | Eukaryota | Opisthokonta | Metazoa | Eumetazoa | Bilateria | Deuterostomia | Chordata | Craniata | Vertebrata | Gnathostomata | Teleostomi | Euteleostomi
GO:0062091	Streptophytina	131221.0	root | cellular organisms | Eukaryota | Viridiplantae | Streptophyta | Streptophytina
GO:0103100	Unknown		
GO:0048232	Eukaryota	2759.0	root | cellular organisms | Eukaryota
GO:0009383	cellular organisms	131567.0	root | cellular organisms
GO:0005372	cellular organisms	131567.0	root | cellular organisms
GO:0051171	Unknown		
GO:0016125	cellular organisms	131567.0	root | cellular organisms
GO:0080022	Viridiplantae	33090.0	root | cellular organisms | Eukaryota | Viridiplantae
GO:0004656	root	1.0	root
GO:0000105	root	1.0	root
GO:0045943	cellular organisms	131567.0	root | cellular organisms
GO:0031123	root	1.0	root
GO:0016984	Unknown		330876
GO:0006464	Unknown		
GO:0016036	cellular organisms	131567.0	root | cellular organisms
GO:0009607	Unknown		
GO:0000965	Eukaryota	2759.0	root | cellular organisms | Eukaryota
GO:0046177	Unknown		
GO:0033111	Mycoplasmoides	2995234.0	root | cellular organisms | Bacteria | Bacillati | Mycoplasmatota | Mycoplasmoidales | Mycoplasmoidaceae | Mycoplasmoides
GO:1905172	Eukaryota	2759.0	root | cellular organisms | Eukaryota
GO:0008340	Metazoa	33208.0	root | cellular organisms | Eukaryota | Opisthokonta | Metazoa
GO:0071406	Opisthokonta	33154.0	root | cellular organisms | Eukaryota | Opisthokonta
GO:0030902	Euteleostomi	117571.0	root | cellular organisms | Eukaryota | Opisthokonta | Metazoa | Eumetazoa | Bilateria | Deuterostomia | Chordata | Craniata | Vertebrata | Gnathostomata | Teleostomi | Euteleostomi
GO:1903825	Unknown		
GO:0048756	Arabidopsis thaliana	3702.0	root | cellular organisms | Eukaryota | Viridiplantae | Streptophyta | Streptophytina | Embryophyta | Tracheophyta | Euphyllophyta | Spermatophyta | Magnoliopsida | Mesangiospermae | eudicotyledons | Gunneridae | Pentapetalae | rosids | malvids | Brassicales | Brassicaceae | Camelineae | Arabidopsis | Arabidopsis thaliana
GO:0055064	cellular organisms	131567.0	root | cellular organisms
GO:1900030	Arabidopsis thaliana	3702.0	root | cellular organisms | Eukaryota | Viridiplantae | Streptophyta | Streptophytina | Embryophyta | Tracheophyta | Euphyllophyta | Spermatophyta | Magnoliopsida | Mesangiospermae | eudicotyledons | Gunneridae | Pentapetalae | rosids | malvids | Brassicales | Brassicaceae | Camelineae | Arabidopsis | Arabidopsis thaliana
GO:0001954	Bilateria	33213.0	root | cellular organisms | Eukaryota | Opisthokonta | Metazoa | Eumetazoa | Bilateria
GO:0061699	Unknown		
GO:0009029	cellular organisms	131567.0	root | cellular organisms
GO:0004801	root	1.0	root
GO:0007141	Eukaryota	2759.0	root | cellular organisms | Eukaryota
GO:0016161	cellular organisms	131567.0	root | cellular organisms
GO:0004073	cellular organisms	131567.0	root | cellular organisms
GO:0048442	malvids	91836.0	root | cellular organisms | Eukaryota | Viridiplantae | Streptophyta | Streptophytina | Embryophyta | Tracheophyta | Euphyllophyta | Spermatophyta | Magnoliopsida | Mesangiospermae | eudicotyledons | Gunneridae | Pentapetalae | rosids | malvids
GO:1903551	Amniota	32524.0	root | cellular organisms | Eukaryota | Opisthokonta | Metazoa | Eumetazoa | Bilateria | Deuterostomia | Chordata | Craniata | Vertebrata | Gnathostomata | Teleostomi | Euteleostomi | Sarcopterygii | Dipnotetrapodomorpha | Tetrapoda | Amniota
GO:0046741	Streptophytina	131221.0	root | cellular organisms | Eukaryota | Viridiplantae | Streptophyta | Streptophytina
GO:0006723	Drosophila	7215.0	root | cellular organisms | Eukaryota | Opisthokonta | Metazoa | Eumetazoa | Bilateria | Protostomia | Ecdysozoa | Panarthropoda | Arthropoda | Mandibulata | Pancrustacea | Altocrustacea | Allotriocarida | Hexapoda | Insecta | Dicondylia | Pterygota | Neoptera | Eumetabola | Endopterygota | Aparaglossata | Panorpida | Diptera | Brachycera | Muscomorpha | Eremoneura | Cyclorrhapha | Schizophora | Acalyptratae | Ephydroidea | Drosophilidae | Drosophilinae | Drosophilini | Drosophila
GO:1990641	cellular organisms	131567.0	root | cellular organisms
GO:1904811	Bilateria	33213.0	root | cellular organisms | Eukaryota | Opisthokonta | Metazoa | Eumetazoa | Bilateria
GO:0034021	Euarchontoglires	314146.0	root | cellular organisms | Eukaryota | Opisthokonta | Metazoa | Eumetazoa | Bilateria | Deuterostomia | Chordata | Craniata | Vertebrata | Gnathostomata | Teleostomi | Euteleostomi | Sarcopterygii | Dipnotetrapodomorpha | Tetrapoda | Amniota | Mammalia | Theria | Eutheria | Boreoeutheria | Euarchontoglires
GO:0046404	root	1.0	root
GO:0071669	Viridiplantae	33090.0	root | cellular organisms | Eukaryota | Viridiplantae
GO:0097374	Eumetazoa	6072.0	root | cellular organisms | Eukaryota | Opisthokonta | Metazoa | Eumetazoa
GO:0009448	Unknown		
GO:0009800	cellular organisms	131567.0	root | cellular organisms
GO:0007304	Aparaglossata	3701062.0	root | cellular organisms | Eukaryota | Opisthokonta | Metazoa | Eumetazoa | Bilateria | Protostomia | Ecdysozoa | Panarthropoda | Arthropoda | Mandibulata | Pancrustacea | Altocrustacea | Allotriocarida | Hexapoda | Insecta | Dicondylia | Pterygota | Neoptera | Eumetabola | Endopterygota | Aparaglossata
GO:0048545	cellular organisms	131567.0	root | cellular organisms
GO:1902750	Eukaryota	2759.0	root | cellular organisms | Eukaryota
GO:0001059	Arabidopsis thaliana	3702.0	root | cellular organisms | Eukaryota | Viridiplantae | Streptophyta | Streptophytina | Embryophyta | Tracheophyta | Euphyllophyta | Spermatophyta | Magnoliopsida | Mesangiospermae | eudicotyledons | Gunneridae | Pentapetalae | rosids | malvids | Brassicales | Brassicaceae | Camelineae | Arabidopsis | Arabidopsis thaliana
GO:0010095	Vitis vinifera	29760.0	root | cellular organisms | Eukaryota | Viridiplantae | Streptophyta | Streptophytina | Embryophyta | Tracheophyta | Euphyllophyta | Spermatophyta | Magnoliopsida | Mesangiospermae | eudicotyledons | Gunneridae | Pentapetalae | rosids | rosids incertae sedis | Vitales | Vitaceae | Viteae | Vitis | Vitis vinifera
GO:0051177	Eukaryota	2759.0	root | cellular organisms | Eukaryota
GO:0016906	cellular organisms	131567.0	root | cellular organisms
GO:0030916	Euteleostomi	117571.0	root | cellular organisms | Eukaryota | Opisthokonta | Metazoa | Eumetazoa | Bilateria | Deuterostomia | Chordata | Craniata | Vertebrata | Gnathostomata | Teleostomi | Euteleostomi
GO:0047810	cellular organisms	131567.0	root | cellular organisms
GO:0000502	root	1.0	root
GO:0048666	Eumetazoa	6072.0	root | cellular organisms | Eukaryota | Opisthokonta | Metazoa | Eumetazoa
GO:0071549	Bilateria	33213.0	root | cellular organisms | Eukaryota | Opisthokonta | Metazoa | Eumetazoa | Bilateria
GO:0009214	root	1.0	root
GO:0008494	cellular organisms	131567.0	root | cellular organisms
GO:0047751	cellular organisms	131567.0	root | cellular organisms
GO:0098673	Caudoviricetes	2731619.0	root | Viruses | Duplodnaviria | Heunggongvirae | Uroviricota | Caudoviricetes
GO:0045329	cellular organisms	131567.0	root | cellular organisms
GO:0046889	cellular organisms	131567.0	root | cellular organisms
GO:0051373	cellular organisms	131567.0	root | cellular organisms
GO:0035197	cellular organisms	131567.0	root | cellular organisms
GO:0031930	cellular organisms	131567.0	root | cellular organisms
GO:0003968	Unknown		1554481
GO:0004417	cellular organisms	131567.0	root | cellular organisms
GO:0030182	Opisthokonta	33154.0	root | cellular organisms | Eukaryota | Opisthokonta
GO:0045887	Bilateria	33213.0	root | cellular organisms | Eukaryota | Opisthokonta | Metazoa | Eumetazoa | Bilateria
GO:0033619	root	1.0	root
GO:1901974	Viridiplantae	33090.0	root | cellular organisms | Eukaryota | Viridiplantae
GO:0030186	Eukaryota	2759.0	root | cellular organisms | Eukaryota
GO:0031476	Ecdysozoa	1206794.0	root | cellular organisms | Eukaryota | Opisthokonta | Metazoa | Eumetazoa | Bilateria | Protostomia | Ecdysozoa
GO:0031103	Bilateria	33213.0	root | cellular organisms | Eukaryota | Opisthokonta | Metazoa | Eumetazoa | Bilateria
GO:0045111	Eukaryota	2759.0	root | cellular organisms | Eukaryota
GO:0000159	cellular organisms	131567.0	root | cellular organisms
GO:0098629	Eukaryota	2759.0	root | cellular organisms | Eukaryota
GO:0000706	Eukaryota	2759.0	root | cellular organisms | Eukaryota
GO:0045597	cellular organisms	131567.0	root | cellular organisms
GO:0006813	root	1.0	root
GO:0050966	Bilateria	33213.0	root | cellular organisms | Eukaryota | Opisthokonta | Metazoa | Eumetazoa | Bilateria
GO:1900015	Amniota	32524.0	root | cellular organisms | Eukaryota | Opisthokonta | Metazoa | Eumetazoa | Bilateria | Deuterostomia | Chordata | Craniata | Vertebrata | Gnathostomata | Teleostomi | Euteleostomi | Sarcopterygii | Dipnotetrapodomorpha | Tetrapoda | Amniota
GO:0070488	Eutheria	9347.0	root | cellular organisms | Eukaryota | Opisthokonta | Metazoa | Eumetazoa | Bilateria | Deuterostomia | Chordata | Craniata | Vertebrata | Gnathostomata | Teleostomi | Euteleostomi | Sarcopterygii | Dipnotetrapodomorpha | Tetrapoda | Amniota | Mammalia | Theria | Eutheria
GO:0090558	Euphyllophyta	78536.0	root | cellular organisms | Eukaryota | Viridiplantae | Streptophyta | Streptophytina | Embryophyta | Tracheophyta | Euphyllophyta
GO:0003827	cellular organisms	131567.0	root | cellular organisms
GO:0019827	Eukaryota	2759.0	root | cellular organisms | Eukaryota
GO:0002100	cellular organisms	131567.0	root | cellular organisms
GO:0098943	Bilateria	33213.0	root | cellular organisms | Eukaryota | Opisthokonta | Metazoa | Eumetazoa | Bilateria
GO:0015193	cellular organisms	131567.0	root | cellular organisms
GO:0098958	Bilateria	33213.0	root | cellular organisms | Eukaryota | Opisthokonta | Metazoa | Eumetazoa | Bilateria
GO:1990023	Eukaryota	2759.0	root | cellular organisms | Eukaryota
GO:0004856	cellular organisms	131567.0	root | cellular organisms
GO:0051765	Eukaryota	2759.0	root | cellular organisms | Eukaryota
GO:0001568	Chordata	7711.0	root | cellular organisms | Eukaryota | Opisthokonta | Metazoa | Eumetazoa | Bilateria | Deuterostomia | Chordata
GO:0080112	Mesangiospermae	1437183.0	root | cellular organisms | Eukaryota | Viridiplantae | Streptophyta | Streptophytina | Embryophyta | Tracheophyta | Euphyllophyta | Spermatophyta | Magnoliopsida | Mesangiospermae
GO:0042644	Eukaryota	2759.0	root | cellular organisms | Eukaryota
GO:0048025	Opisthokonta	33154.0	root | cellular organisms | Eukaryota | Opisthokonta
GO:0009398	root	1.0	root
GO:0006379	Unknown		
GO:0016119	cellular organisms	131567.0	root | cellular organisms
GO:1904240	Metazoa	33208.0	root | cellular organisms | Eukaryota | Opisthokonta | Metazoa
GO:0030003	cellular organisms	131567.0	root | cellular organisms
GO:0052925	cellular organisms	131567.0	root | cellular organisms
GO:0016667	root	1.0	root
GO:0043200	cellular organisms	131567.0	root | cellular organisms
GO:0006808	cellular organisms	131567.0	root | cellular organisms
GO:0019001	root	1.0	root
GO:0005753	Unknown		
GO:1902732	Euteleostomi	117571.0	root | cellular organisms | Eukaryota | Opisthokonta | Metazoa | Eumetazoa | Bilateria | Deuterostomia | Chordata | Craniata | Vertebrata | Gnathostomata | Teleostomi | Euteleostomi
GO:0016887	root	1.0	root
GO:0006203	cellular organisms	131567.0	root | cellular organisms
GO:0031253	Eukaryota	2759.0	root | cellular organisms | Eukaryota
GO:0090594	Gnathostomata	7776.0	root | cellular organisms | Eukaryota | Opisthokonta | Metazoa | Eumetazoa | Bilateria | Deuterostomia | Chordata | Craniata | Vertebrata | Gnathostomata
GO:1902626	cellular organisms	131567.0	root | cellular organisms
GO:0007584	cellular organisms	131567.0	root | cellular organisms
GO:0070291	cellular organisms	131567.0	root | cellular organisms
GO:0042131	cellular organisms	131567.0	root | cellular organisms
GO:0004655	cellular organisms	131567.0	root | cellular organisms
GO:0070176	Eukaryota	2759.0	root | cellular organisms | Eukaryota
GO:0009436	cellular organisms	131567.0	root | cellular organisms
GO:1900426	cellular organisms	131567.0	root | cellular organisms
GO:0046244	cellular organisms	131567.0	root | cellular organisms
GO:0098809	cellular organisms	131567.0	root | cellular organisms
GO:0046038	Amniota	32524.0	root | cellular organisms | Eukaryota | Opisthokonta | Metazoa | Eumetazoa | Bilateria | Deuterostomia | Chordata | Craniata | Vertebrata | Gnathostomata | Teleostomi | Euteleostomi | Sarcopterygii | Dipnotetrapodomorpha | Tetrapoda | Amniota
GO:0098507	Eukaryota	2759.0	root | cellular organisms | Eukaryota
GO:0046496	cellular organisms	131567.0	root | cellular organisms
GO:0010337	Streptophytina	131221.0	root | cellular organisms | Eukaryota | Viridiplantae | Streptophyta | Streptophytina
GO:1904831	Amniota	32524.0	root | cellular organisms | Eukaryota | Opisthokonta | Metazoa | Eumetazoa | Bilateria | Deuterostomia | Chordata | Craniata | Vertebrata | Gnathostomata | Teleostomi | Euteleostomi | Sarcopterygii | Dipnotetrapodomorpha | Tetrapoda | Amniota
GO:2000816	Schizosaccharomyces	4895.0	root | cellular organisms | Eukaryota | Opisthokonta | Fungi | Dikarya | Ascomycota | Taphrinomycotina | Schizosaccharomycetes | Schizosaccharomycetales | Schizosaccharomycetaceae | Schizosaccharomyces
GO:0031593	cellular organisms	131567.0	root | cellular organisms
GO:0033388	Unknown		
GO:0140903	Eukaryota	2759.0	root | cellular organisms | Eukaryota
GO:0050727	Vertebrata	7742.0	root | cellular organisms | Eukaryota | Opisthokonta | Metazoa | Eumetazoa | Bilateria | Deuterostomia | Chordata | Craniata | Vertebrata
GO:0005852	Eukaryota	2759.0	root | cellular organisms | Eukaryota
GO:0008863	root	1.0	root
GO:0034517	Eukaryota	2759.0	root | cellular organisms | Eukaryota
GO:0006937	Eukaryota	2759.0	root | cellular organisms | Eukaryota
GO:1990253	Eukaryota	2759.0	root | cellular organisms | Eukaryota
GO:0004837	cellular organisms	131567.0	root | cellular organisms
GO:0031990	Opisthokonta	33154.0	root | cellular organisms | Eukaryota | Opisthokonta
GO:0052593	Unknown		
GO:0102838	Unknown		
GO:0140014	Eukaryota	2759.0	root | cellular organisms | Eukaryota
GO:0030692	Eukaryota	2759.0	root | cellular organisms | Eukaryota
GO:0007130	Eukaryota	2759.0	root | cellular organisms | Eukaryota
GO:0009654	cellular organisms	131567.0	root | cellular organisms
GO:0102360	Unknown		
GO:0090230	Unknown		
GO:0015398	Unknown		
GO:0003896	Unknown		
GO:0008324	root	1.0	root
GO:0039504	Unknown		3470597
GO:0030570	root	1.0	root
GO:0005078	Eukaryota	2759.0	root | cellular organisms | Eukaryota
GO:0008987	cellular organisms	131567.0	root | cellular organisms
GO:0000295	Eukaryota	2759.0	root | cellular organisms | Eukaryota
GO:0098787	Unknown		
GO:0001649	Eumetazoa	6072.0	root | cellular organisms | Eukaryota | Opisthokonta | Metazoa | Eumetazoa
GO:0018345	Eukaryota	2759.0	root | cellular organisms | Eukaryota
GO:0046208	cellular organisms	131567.0	root | cellular organisms
GO:0090559	Eukaryota	2759.0	root | cellular organisms | Eukaryota
GO:0030093	Viridiplantae	33090.0	root | cellular organisms | Eukaryota | Viridiplantae
GO:0042177	cellular organisms	131567.0	root | cellular organisms
GO:0102799	Unknown		
GO:0005112	root	1.0	root
GO:1902455	Eukaryota	2759.0	root | cellular organisms | Eukaryota
GO:0008610	root	1.0	root
GO:0034607	Rhabditida	6236.0	root | cellular organisms | Eukaryota | Opisthokonta | Metazoa | Eumetazoa | Bilateria | Protostomia | Ecdysozoa | Nematoda | Chromadorea | Rhabditida
GO:0097150	Bilateria	33213.0	root | cellular organisms | Eukaryota | Opisthokonta | Metazoa | Eumetazoa | Bilateria
GO:0120029	cellular organisms	131567.0	root | cellular organisms
GO:0031333	Opisthokonta	33154.0	root | cellular organisms | Eukaryota | Opisthokonta
GO:1990524	Ascomycota	4890.0	root | cellular organisms | Eukaryota | Opisthokonta | Fungi | Dikarya | Ascomycota
GO:0031503	Opisthokonta	33154.0	root | cellular organisms | Eukaryota | Opisthokonta
GO:0042255	cellular organisms	131567.0	root | cellular organisms
GO:0090619	Opisthokonta	33154.0	root | cellular organisms | Eukaryota | Opisthokonta
GO:0097510	cellular organisms	131567.0	root | cellular organisms
GO:0071356	cellular organisms	131567.0	root | cellular organisms
GO:0001965	cellular organisms	131567.0	root | cellular organisms
GO:1902661	Eukaryota	2759.0	root | cellular organisms | Eukaryota
GO:0006949	Unknown		
GO:0102191	Unknown		
GO:0034244	cellular organisms	131567.0	root | cellular organisms
GO:0051747	cellular organisms	131567.0	root | cellular organisms
GO:0060729	Bilateria	33213.0	root | cellular organisms | Eukaryota | Opisthokonta | Metazoa | Eumetazoa | Bilateria
GO:1900210	Amniota	32524.0	root | cellular organisms | Eukaryota | Opisthokonta | Metazoa | Eumetazoa | Bilateria | Deuterostomia | Chordata | Craniata | Vertebrata | Gnathostomata | Teleostomi | Euteleostomi | Sarcopterygii | Dipnotetrapodomorpha | Tetrapoda | Amniota
GO:0046656	root	1.0	root
GO:0006296	Unknown		
GO:0055093	Bilateria	33213.0	root | cellular organisms | Eukaryota | Opisthokonta | Metazoa | Eumetazoa | Bilateria
GO:0060294	Eukaryota	2759.0	root | cellular organisms | Eukaryota
GO:0033365	Eukaryota	2759.0	root | cellular organisms | Eukaryota
GO:0030374	Unknown		
GO:0007220	Opisthokonta	33154.0	root | cellular organisms | Eukaryota | Opisthokonta
GO:0015743	Eukaryota	2759.0	root | cellular organisms | Eukaryota
GO:1901928	Spermatophyta	58024.0	root | cellular organisms | Eukaryota | Viridiplantae | Streptophyta | Streptophytina | Embryophyta | Tracheophyta | Euphyllophyta | Spermatophyta
GO:0015979	root	1.0	root
GO:0033503	cellular organisms	131567.0	root | cellular organisms
GO:0090656	Eukaryota	2759.0	root | cellular organisms | Eukaryota
GO:0042102	Deuterostomia	33511.0	root | cellular organisms | Eukaryota | Opisthokonta | Metazoa | Eumetazoa | Bilateria | Deuterostomia
GO:0006805	cellular organisms	131567.0	root | cellular organisms
GO:0048820	Theria	32525.0	root | cellular organisms | Eukaryota | Opisthokonta | Metazoa | Eumetazoa | Bilateria | Deuterostomia | Chordata | Craniata | Vertebrata | Gnathostomata | Teleostomi | Euteleostomi | Sarcopterygii | Dipnotetrapodomorpha | Tetrapoda | Amniota | Mammalia | Theria
GO:0030540	Bilateria	33213.0	root | cellular organisms | Eukaryota | Opisthokonta | Metazoa | Eumetazoa | Bilateria
GO:0031848	Eukaryota	2759.0	root | cellular organisms | Eukaryota
GO:0004564	cellular organisms	131567.0	root | cellular organisms
GO:0006167	cellular organisms	131567.0	root | cellular organisms
GO:0048701	Vertebrata	7742.0	root | cellular organisms | Eukaryota | Opisthokonta | Metazoa | Eumetazoa | Bilateria | Deuterostomia | Chordata | Craniata | Vertebrata
GO:0031398	cellular organisms	131567.0	root | cellular organisms
GO:0017183	cellular organisms	131567.0	root | cellular organisms
GO:0080183	root	1.0	root
GO:1990569	Eukaryota	2759.0	root | cellular organisms | Eukaryota
GO:0043457	cellular organisms	131567.0	root | cellular organisms
GO:0015173	cellular organisms	131567.0	root | cellular organisms
GO:0010014	Streptophyta	35493.0	root | cellular organisms | Eukaryota | Viridiplantae | Streptophyta
GO:0004458	cellular organisms	131567.0	root | cellular organisms
GO:0102345	Unknown		
GO:0020002	Unknown		3470597
GO:0043462	Boreoeutheria	1437010.0	root | cellular organisms | Eukaryota | Opisthokonta | Metazoa | Eumetazoa | Bilateria | Deuterostomia | Chordata | Craniata | Vertebrata | Gnathostomata | Teleostomi | Euteleostomi | Sarcopterygii | Dipnotetrapodomorpha | Tetrapoda | Amniota | Mammalia | Theria | Eutheria | Boreoeutheria
GO:0050901	Vertebrata	7742.0	root | cellular organisms | Eukaryota | Opisthokonta | Metazoa | Eumetazoa | Bilateria | Deuterostomia | Chordata | Craniata | Vertebrata
GO:1902035	Bilateria	33213.0	root | cellular organisms | Eukaryota | Opisthokonta | Metazoa | Eumetazoa | Bilateria
GO:0019428	Eukaryota	2759.0	root | cellular organisms | Eukaryota
GO:0051096	Euarchontoglires	314146.0	root | cellular organisms | Eukaryota | Opisthokonta | Metazoa | Eumetazoa | Bilateria | Deuterostomia | Chordata | Craniata | Vertebrata | Gnathostomata | Teleostomi | Euteleostomi | Sarcopterygii | Dipnotetrapodomorpha | Tetrapoda | Amniota | Mammalia | Theria | Eutheria | Boreoeutheria | Euarchontoglires
GO:0045721	Eukaryota	2759.0	root | cellular organisms | Eukaryota
GO:0004383	cellular organisms	131567.0	root | cellular organisms
GO:0048270	cellular organisms	131567.0	root | cellular organisms
GO:0010215	Streptophyta	35493.0	root | cellular organisms | Eukaryota | Viridiplantae | Streptophyta
GO:0019953	Bilateria	33213.0	root | cellular organisms | Eukaryota | Opisthokonta | Metazoa | Eumetazoa | Bilateria
GO:0019605	cellular organisms	131567.0	root | cellular organisms
GO:0030942	Eukaryota	2759.0	root | cellular organisms | Eukaryota
GO:0044327	Euteleostomi	117571.0	root | cellular organisms | Eukaryota | Opisthokonta | Metazoa | Eumetazoa | Bilateria | Deuterostomia | Chordata | Craniata | Vertebrata | Gnathostomata | Teleostomi | Euteleostomi
GO:0005655	Eukaryota	2759.0	root | cellular organisms | Eukaryota
GO:0016212	cellular organisms	131567.0	root | cellular organisms
GO:0070273	cellular organisms	131567.0	root | cellular organisms
GO:0120284	cellular organisms	131567.0	root | cellular organisms
GO:0010121	Unknown		
GO:2000469	Unknown		
GO:0010011	cellular organisms	131567.0	root | cellular organisms
GO:1900095	Unknown		
GO:0003941	root	1.0	root
GO:0065002	cellular organisms	131567.0	root | cellular organisms
GO:0010998	Eukaryota	2759.0	root | cellular organisms | Eukaryota
GO:0005245	root	1.0	root
GO:0006226	root	1.0	root
GO:0015506	cellular organisms	131567.0	root | cellular organisms
GO:0008094	root	1.0	root
GO:0006289	root	1.0	root
GO:0001666	cellular organisms	131567.0	root | cellular organisms
GO:0006605	cellular organisms	131567.0	root | cellular organisms
GO:0007113	Eukaryota	2759.0	root | cellular organisms | Eukaryota
GO:0060997	Bilateria	33213.0	root | cellular organisms | Eukaryota | Opisthokonta | Metazoa | Eumetazoa | Bilateria
GO:0005344	cellular organisms	131567.0	root | cellular organisms
GO:0031139	Fungi	4751.0	root | cellular organisms | Eukaryota | Opisthokonta | Fungi
GO:0031543	cellular organisms	131567.0	root | cellular organisms
GO:0007349	Eukaryota	2759.0	root | cellular organisms | Eukaryota
GO:0046961	root	1.0	root
GO:0046054	Eukaryota	2759.0	root | cellular organisms | Eukaryota
GO:1905516	Eukaryota	2759.0	root | cellular organisms | Eukaryota
GO:0018364	cellular organisms	131567.0	root | cellular organisms
GO:0032012	cellular organisms	131567.0	root | cellular organisms
GO:1902570	Eukaryota	2759.0	root | cellular organisms | Eukaryota
GO:0034756	cellular organisms	131567.0	root | cellular organisms
GO:0015066	cellular organisms	131567.0	root | cellular organisms
GO:0090266	Eukaryota	2759.0	root | cellular organisms | Eukaryota
GO:2001236	Bilateria	33213.0	root | cellular organisms | Eukaryota | Opisthokonta | Metazoa | Eumetazoa | Bilateria
GO:0016461	Eukaryota	2759.0	root | cellular organisms | Eukaryota
GO:0031407	Pentapetalae	1437201.0	root | cellular organisms | Eukaryota | Viridiplantae | Streptophyta | Streptophytina | Embryophyta | Tracheophyta | Euphyllophyta | Spermatophyta | Magnoliopsida | Mesangiospermae | eudicotyledons | Gunneridae | Pentapetalae
GO:0050464	cellular organisms	131567.0	root | cellular organisms
GO:0004170	Unknown		3470597
GO:0006694	root	1.0	root
GO:0008406	Eukaryota	2759.0	root | cellular organisms | Eukaryota
GO:0007296	Bilateria	33213.0	root | cellular organisms | Eukaryota | Opisthokonta | Metazoa | Eumetazoa | Bilateria
GO:0020027	Euteleostomi	117571.0	root | cellular organisms | Eukaryota | Opisthokonta | Metazoa | Eumetazoa | Bilateria | Deuterostomia | Chordata | Craniata | Vertebrata | Gnathostomata | Teleostomi | Euteleostomi
GO:0043998	Eukaryota	2759.0	root | cellular organisms | Eukaryota
GO:2000785	Eukaryota	2759.0	root | cellular organisms | Eukaryota
GO:0065003	root	1.0	root
GO:1902247	Eukaryota	2759.0	root | cellular organisms | Eukaryota
GO:0102682	cellular organisms	131567.0	root | cellular organisms
GO:0050708	cellular organisms	131567.0	root | cellular organisms
GO:0032755	Bilateria	33213.0	root | cellular organisms | Eukaryota | Opisthokonta | Metazoa | Eumetazoa | Bilateria
GO:1990935	Opisthokonta	33154.0	root | cellular organisms | Eukaryota | Opisthokonta
GO:0071467	cellular organisms	131567.0	root | cellular organisms
GO:0009979	Unknown		
GO:0006177	root	1.0	root
GO:0009941	Eukaryota	2759.0	root | cellular organisms | Eukaryota
GO:0004853	cellular organisms	131567.0	root | cellular organisms
GO:0022008	Eukaryota	2759.0	root | cellular organisms | Eukaryota
GO:0004789	cellular organisms	131567.0	root | cellular organisms
GO:0035243	cellular organisms	131567.0	root | cellular organisms
GO:0002130	cellular organisms	131567.0	root | cellular organisms
GO:0010898	Opisthokonta	33154.0	root | cellular organisms | Eukaryota | Opisthokonta
GO:0046593	cellular organisms	131567.0	root | cellular organisms
GO:1904491	Eukaryota	2759.0	root | cellular organisms | Eukaryota
GO:0009259	Eukaryota	2759.0	root | cellular organisms | Eukaryota
GO:0010167	cellular organisms	131567.0	root | cellular organisms
GO:0030687	cellular organisms	131567.0	root | cellular organisms
GO:0097257	Bilateria	33213.0	root | cellular organisms | Eukaryota | Opisthokonta | Metazoa | Eumetazoa | Bilateria
GO:0006493	root	1.0	root
GO:1990444	Eukaryota	2759.0	root | cellular organisms | Eukaryota
GO:0006783	root	1.0	root
GO:0050790	cellular organisms	131567.0	root | cellular organisms
GO:0016435	cellular organisms	131567.0	root | cellular organisms
GO:0043209	Deuterostomia	33511.0	root | cellular organisms | Eukaryota | Opisthokonta | Metazoa | Eumetazoa | Bilateria | Deuterostomia
GO:0045039	Eukaryota	2759.0	root | cellular organisms | Eukaryota
GO:0090326	Bilateria	33213.0	root | cellular organisms | Eukaryota | Opisthokonta | Metazoa | Eumetazoa | Bilateria
GO:0033180	cellular organisms	131567.0	root | cellular organisms
GO:0033036	Unknown		
GO:0051307	Eukaryota	2759.0	root | cellular organisms | Eukaryota
GO:0042814	Arabidopsis thaliana	3702.0	root | cellular organisms | Eukaryota | Viridiplantae | Streptophyta | Streptophytina | Embryophyta | Tracheophyta | Euphyllophyta | Spermatophyta | Magnoliopsida | Mesangiospermae | eudicotyledons | Gunneridae | Pentapetalae | rosids | malvids | Brassicales | Brassicaceae | Camelineae | Arabidopsis | Arabidopsis thaliana
GO:0015168	cellular organisms	131567.0	root | cellular organisms
GO:0033137	Boreoeutheria	1437010.0	root | cellular organisms | Eukaryota | Opisthokonta | Metazoa | Eumetazoa | Bilateria | Deuterostomia | Chordata | Craniata | Vertebrata | Gnathostomata | Teleostomi | Euteleostomi | Sarcopterygii | Dipnotetrapodomorpha | Tetrapoda | Amniota | Mammalia | Theria | Eutheria | Boreoeutheria
GO:0005102	root	1.0	root
GO:0031332	Eukaryota	2759.0	root | cellular organisms | Eukaryota
GO:0045777	Vertebrata	7742.0	root | cellular organisms | Eukaryota | Opisthokonta | Metazoa | Eumetazoa | Bilateria | Deuterostomia | Chordata | Craniata | Vertebrata
GO:0006294	cellular organisms	131567.0	root | cellular organisms
GO:0048213	Unknown		
GO:1990116	cellular organisms	131567.0	root | cellular organisms
GO:0003972	root	1.0	root
GO:0004614	cellular organisms	131567.0	root | cellular organisms
GO:0015074	root	1.0	root
GO:0006165	Unknown		
GO:0070158	Eukaryota	2759.0	root | cellular organisms | Eukaryota
GO:0040020	Eukaryota	2759.0	root | cellular organisms | Eukaryota
GO:0030354	Gnathostomata	7776.0	root | cellular organisms | Eukaryota | Opisthokonta | Metazoa | Eumetazoa | Bilateria | Deuterostomia | Chordata | Craniata | Vertebrata | Gnathostomata
GO:0106321	cellular organisms	131567.0	root | cellular organisms
GO:0106375	Eukaryota	2759.0	root | cellular organisms | Eukaryota
GO:0071470	cellular organisms	131567.0	root | cellular organisms
GO:0060415	Bilateria	33213.0	root | cellular organisms | Eukaryota | Opisthokonta | Metazoa | Eumetazoa | Bilateria
GO:1905892	Unknown		
GO:0000711	Eukaryota	2759.0	root | cellular organisms | Eukaryota
GO:0051083	cellular organisms	131567.0	root | cellular organisms
GO:0098656	cellular organisms	131567.0	root | cellular organisms
GO:0036102	Boreoeutheria	1437010.0	root | cellular organisms | Eukaryota | Opisthokonta | Metazoa | Eumetazoa | Bilateria | Deuterostomia | Chordata | Craniata | Vertebrata | Gnathostomata | Teleostomi | Euteleostomi | Sarcopterygii | Dipnotetrapodomorpha | Tetrapoda | Amniota | Mammalia | Theria | Eutheria | Boreoeutheria
GO:1990498	Eukaryota	2759.0	root | cellular organisms | Eukaryota
GO:0030258	cellular organisms	131567.0	root | cellular organisms
GO:0005875	cellular organisms	131567.0	root | cellular organisms
GO:0055072	Unknown		
GO:0034768	Eukaryota	2759.0	root | cellular organisms | Eukaryota
GO:0047184	cellular organisms	131567.0	root | cellular organisms
GO:0031010	Eukaryota	2759.0	root | cellular organisms | Eukaryota
GO:0060441	Amniota	32524.0	root | cellular organisms | Eukaryota | Opisthokonta | Metazoa | Eumetazoa | Bilateria | Deuterostomia | Chordata | Craniata | Vertebrata | Gnathostomata | Teleostomi | Euteleostomi | Sarcopterygii | Dipnotetrapodomorpha | Tetrapoda | Amniota
GO:0008957	cellular organisms	131567.0	root | cellular organisms
GO:0071368	Mesangiospermae	1437183.0	root | cellular organisms | Eukaryota | Viridiplantae | Streptophyta | Streptophytina | Embryophyta | Tracheophyta | Euphyllophyta | Spermatophyta | Magnoliopsida | Mesangiospermae
GO:0010213	Arabidopsis thaliana	3702.0	root | cellular organisms | Eukaryota | Viridiplantae | Streptophyta | Streptophytina | Embryophyta | Tracheophyta | Euphyllophyta | Spermatophyta | Magnoliopsida | Mesangiospermae | eudicotyledons | Gunneridae | Pentapetalae | rosids | malvids | Brassicales | Brassicaceae | Camelineae | Arabidopsis | Arabidopsis thaliana
GO:0010053	Magnoliopsida	3398.0	root | cellular organisms | Eukaryota | Viridiplantae | Streptophyta | Streptophytina | Embryophyta | Tracheophyta | Euphyllophyta | Spermatophyta | Magnoliopsida
GO:1901959	Arabidopsis thaliana	3702.0	root | cellular organisms | Eukaryota | Viridiplantae | Streptophyta | Streptophytina | Embryophyta | Tracheophyta | Euphyllophyta | Spermatophyta | Magnoliopsida | Mesangiospermae | eudicotyledons | Gunneridae | Pentapetalae | rosids | malvids | Brassicales | Brassicaceae | Camelineae | Arabidopsis | Arabidopsis thaliana
GO:0034414	Unknown		
GO:1901703	Viridiplantae	33090.0	root | cellular organisms | Eukaryota | Viridiplantae
GO:0050848	root	1.0	root
GO:0043247	Eukaryota	2759.0	root | cellular organisms | Eukaryota
GO:2000109	Unknown		
GO:0031118	cellular organisms	131567.0	root | cellular organisms
GO:0008635	Unknown		
GO:0052641	Brassicaceae	3700.0	root | cellular organisms | Eukaryota | Viridiplantae | Streptophyta | Streptophytina | Embryophyta | Tracheophyta | Euphyllophyta | Spermatophyta | Magnoliopsida | Mesangiospermae | eudicotyledons | Gunneridae | Pentapetalae | rosids | malvids | Brassicales | Brassicaceae
GO:0010168	Mesangiospermae	1437183.0	root | cellular organisms | Eukaryota | Viridiplantae | Streptophyta | Streptophytina | Embryophyta | Tracheophyta | Euphyllophyta | Spermatophyta | Magnoliopsida | Mesangiospermae
GO:0009731	Saccharomycetaceae	4893.0	root | cellular organisms | Eukaryota | Opisthokonta | Fungi | Dikarya | Ascomycota | saccharomyceta | Saccharomycotina | Saccharomycetes | Saccharomycetales | Saccharomycetaceae
GO:0035616	Unknown		
GO:0007586	Eukaryota	2759.0	root | cellular organisms | Eukaryota
GO:0099173	Bilateria	33213.0	root | cellular organisms | Eukaryota | Opisthokonta | Metazoa | Eumetazoa | Bilateria
GO:0032589	Eumetazoa	6072.0	root | cellular organisms | Eukaryota | Opisthokonta | Metazoa | Eumetazoa
GO:0033077	Gnathostomata	7776.0	root | cellular organisms | Eukaryota | Opisthokonta | Metazoa | Eumetazoa | Bilateria | Deuterostomia | Chordata | Craniata | Vertebrata | Gnathostomata
GO:0003779	root	1.0	root
GO:0006015	cellular organisms	131567.0	root | cellular organisms
GO:0055105	Eukaryota	2759.0	root | cellular organisms | Eukaryota
GO:0140078	root	1.0	root
GO:0039580	Unknown		3470597
GO:0046949	cellular organisms	131567.0	root | cellular organisms
GO:0004635	root	1.0	root
GO:0016114	root	1.0	root
GO:0010510	Eukaryota	2759.0	root | cellular organisms | Eukaryota
GO:0007507	Bilateria	33213.0	root | cellular organisms | Eukaryota | Opisthokonta | Metazoa | Eumetazoa | Bilateria
GO:0009443	cellular organisms	131567.0	root | cellular organisms
GO:0098780	Amniota	32524.0	root | cellular organisms | Eukaryota | Opisthokonta | Metazoa | Eumetazoa | Bilateria | Deuterostomia | Chordata | Craniata | Vertebrata | Gnathostomata | Teleostomi | Euteleostomi | Sarcopterygii | Dipnotetrapodomorpha | Tetrapoda | Amniota
GO:0051738	Arabidopsis thaliana	3702.0	root | cellular organisms | Eukaryota | Viridiplantae | Streptophyta | Streptophytina | Embryophyta | Tracheophyta | Euphyllophyta | Spermatophyta | Magnoliopsida | Mesangiospermae | eudicotyledons | Gunneridae | Pentapetalae | rosids | malvids | Brassicales | Brassicaceae | Camelineae | Arabidopsis | Arabidopsis thaliana
GO:0004113	root	1.0	root
GO:0006883	cellular organisms	131567.0	root | cellular organisms
GO:0031390	Eukaryota	2759.0	root | cellular organisms | Eukaryota
GO:0046537	Unknown		
GO:0009344	cellular organisms	131567.0	root | cellular organisms
GO:0010638	Oryza sativa Japonica Group	39947.0	root | cellular organisms | Eukaryota | Viridiplantae | Streptophyta | Streptophytina | Embryophyta | Tracheophyta | Euphyllophyta | Spermatophyta | Magnoliopsida | Mesangiospermae | Liliopsida | Petrosaviidae | commelinids | Poales | Poaceae | BOP clade | Oryzoideae | Oryzeae | Oryzinae | Oryza | Oryza sativa | Oryza sativa Japonica Group
GO:0016817	root	1.0	root
GO:0039563	Unknown		3470597
GO:0043842	cellular organisms	131567.0	root | cellular organisms
GO:0046785	cellular organisms	131567.0	root | cellular organisms
GO:0008270	Unknown		3470597
GO:0102111	Unknown		
GO:0001678	cellular organisms	131567.0	root | cellular organisms
GO:0019265	Unknown		
GO:0046223	cellular organisms	131567.0	root | cellular organisms
GO:0010271	Pentapetalae	1437201.0	root | cellular organisms | Eukaryota | Viridiplantae | Streptophyta | Streptophytina | Embryophyta | Tracheophyta | Euphyllophyta | Spermatophyta | Magnoliopsida | Mesangiospermae | eudicotyledons | Gunneridae | Pentapetalae
GO:0006091	root	1.0	root
GO:0097327	Euarchontoglires	314146.0	root | cellular organisms | Eukaryota | Opisthokonta | Metazoa | Eumetazoa | Bilateria | Deuterostomia | Chordata | Craniata | Vertebrata | Gnathostomata | Teleostomi | Euteleostomi | Sarcopterygii | Dipnotetrapodomorpha | Tetrapoda | Amniota | Mammalia | Theria | Eutheria | Boreoeutheria | Euarchontoglires
GO:0000132	Eukaryota	2759.0	root | cellular organisms | Eukaryota
GO:0016621	Tracheophyta	58023.0	root | cellular organisms | Eukaryota | Viridiplantae | Streptophyta | Streptophytina | Embryophyta | Tracheophyta
GO:0051592	cellular organisms	131567.0	root | cellular organisms
GO:0033197	Amniota	32524.0	root | cellular organisms | Eukaryota | Opisthokonta | Metazoa | Eumetazoa | Bilateria | Deuterostomia | Chordata | Craniata | Vertebrata | Gnathostomata | Teleostomi | Euteleostomi | Sarcopterygii | Dipnotetrapodomorpha | Tetrapoda | Amniota
GO:0015949	cellular organisms	131567.0	root | cellular organisms
GO:0034361	cellular organisms	131567.0	root | cellular organisms
GO:0031538	Mesangiospermae	1437183.0	root | cellular organisms | Eukaryota | Viridiplantae | Streptophyta | Streptophytina | Embryophyta | Tracheophyta | Euphyllophyta | Spermatophyta | Magnoliopsida | Mesangiospermae
GO:0046975	Eukaryota	2759.0	root | cellular organisms | Eukaryota
GO:0010363	Arabidopsis thaliana	3702.0	root | cellular organisms | Eukaryota | Viridiplantae | Streptophyta | Streptophytina | Embryophyta | Tracheophyta | Euphyllophyta | Spermatophyta | Magnoliopsida | Mesangiospermae | eudicotyledons | Gunneridae | Pentapetalae | rosids | malvids | Brassicales | Brassicaceae | Camelineae | Arabidopsis | Arabidopsis thaliana
GO:0016463	cellular organisms	131567.0	root | cellular organisms
GO:0051684	Eukaryota	2759.0	root | cellular organisms | Eukaryota
GO:0047560	cellular organisms	131567.0	root | cellular organisms
GO:0061003	Opisthokonta	33154.0	root | cellular organisms | Eukaryota | Opisthokonta
GO:0015491	Unknown		
GO:0080097	Pentapetalae	1437201.0	root | cellular organisms | Eukaryota | Viridiplantae | Streptophyta | Streptophytina | Embryophyta | Tracheophyta | Euphyllophyta | Spermatophyta | Magnoliopsida | Mesangiospermae | eudicotyledons | Gunneridae | Pentapetalae
GO:0019365	cellular organisms	131567.0	root | cellular organisms
GO:0009107	cellular organisms	131567.0	root | cellular organisms
GO:0018024	Unknown		
GO:0071585	cellular organisms	131567.0	root | cellular organisms
GO:0051298	Eukaryota	2759.0	root | cellular organisms | Eukaryota
GO:0042651	cellular organisms	131567.0	root | cellular organisms
GO:0007281	Eukaryota	2759.0	root | cellular organisms | Eukaryota
GO:0098797	root	1.0	root
GO:0043541	Eukaryota	2759.0	root | cellular organisms | Eukaryota
GO:0006480	cellular organisms	131567.0	root | cellular organisms
GO:0008661	root	1.0	root
GO:0035452	Unknown		
GO:0010764	Gnathostomata	7776.0	root | cellular organisms | Eukaryota | Opisthokonta | Metazoa | Eumetazoa | Bilateria | Deuterostomia | Chordata | Craniata | Vertebrata | Gnathostomata
GO:0008559	cellular organisms	131567.0	root | cellular organisms
GO:0043527	cellular organisms	131567.0	root | cellular organisms
GO:0060025	Bilateria	33213.0	root | cellular organisms | Eukaryota | Opisthokonta | Metazoa | Eumetazoa | Bilateria
GO:0009624	Eukaryota	2759.0	root | cellular organisms | Eukaryota
GO:1900027	Eukaryota	2759.0	root | cellular organisms | Eukaryota
GO:0052865	Unknown		
GO:0010375	Brassicaceae	3700.0	root | cellular organisms | Eukaryota | Viridiplantae | Streptophyta | Streptophytina | Embryophyta | Tracheophyta | Euphyllophyta | Spermatophyta | Magnoliopsida | Mesangiospermae | eudicotyledons | Gunneridae | Pentapetalae | rosids | malvids | Brassicales | Brassicaceae
GO:0180032	Opisthokonta	33154.0	root | cellular organisms | Eukaryota | Opisthokonta
GO:0032263	cellular organisms	131567.0	root | cellular organisms
GO:0045337	root	1.0	root
GO:0018216	Eukaryota	2759.0	root | cellular organisms | Eukaryota
GO:0009451	root	1.0	root
GO:0071245	cellular organisms	131567.0	root | cellular organisms
GO:0009953	Eukaryota	2759.0	root | cellular organisms | Eukaryota
GO:0110092	Ascomycota	4890.0	root | cellular organisms | Eukaryota | Opisthokonta | Fungi | Dikarya | Ascomycota
GO:0102092	Unknown		
GO:0034485	Eukaryota	2759.0	root | cellular organisms | Eukaryota
GO:1990275	cellular organisms	131567.0	root | cellular organisms
GO:0009415	cellular organisms	131567.0	root | cellular organisms
GO:0009626	Magnoliopsida	3398.0	root | cellular organisms | Eukaryota | Viridiplantae | Streptophyta | Streptophytina | Embryophyta | Tracheophyta | Euphyllophyta | Spermatophyta | Magnoliopsida
GO:0006072	root	1.0	root
GO:0004769	root	1.0	root
GO:0052542	Brassicaceae	3700.0	root | cellular organisms | Eukaryota | Viridiplantae | Streptophyta | Streptophytina | Embryophyta | Tracheophyta | Euphyllophyta | Spermatophyta | Magnoliopsida | Mesangiospermae | eudicotyledons | Gunneridae | Pentapetalae | rosids | malvids | Brassicales | Brassicaceae
GO:0039695	root	1.0	root
GO:1903979	Gnathostomata	7776.0	root | cellular organisms | Eukaryota | Opisthokonta | Metazoa | Eumetazoa | Bilateria | Deuterostomia | Chordata | Craniata | Vertebrata | Gnathostomata
GO:0008398	root	1.0	root
GO:2000884	Bacteria	2.0	root | cellular organisms | Bacteria
GO:0032934	cellular organisms	131567.0	root | cellular organisms
GO:0009821	Eukaryota	2759.0	root | cellular organisms | Eukaryota
GO:0035102	Eukaryota	2759.0	root | cellular organisms | Eukaryota
GO:0043518	Eukaryota	2759.0	root | cellular organisms | Eukaryota
GO:0019677	cellular organisms	131567.0	root | cellular organisms
GO:0080032	cellular organisms	131567.0	root | cellular organisms
GO:0062045	Pentapetalae	1437201.0	root | cellular organisms | Eukaryota | Viridiplantae | Streptophyta | Streptophytina | Embryophyta | Tracheophyta | Euphyllophyta | Spermatophyta | Magnoliopsida | Mesangiospermae | eudicotyledons | Gunneridae | Pentapetalae
GO:0009585	cellular organisms	131567.0	root | cellular organisms
GO:0000453	Unknown		
GO:0006367	cellular organisms	131567.0	root | cellular organisms
GO:2000377	cellular organisms	131567.0	root | cellular organisms
GO:0043674	Brassicaceae	3700.0	root | cellular organisms | Eukaryota | Viridiplantae | Streptophyta | Streptophytina | Embryophyta | Tracheophyta | Euphyllophyta | Spermatophyta | Magnoliopsida | Mesangiospermae | eudicotyledons | Gunneridae | Pentapetalae | rosids | malvids | Brassicales | Brassicaceae
GO:0035097	Eukaryota	2759.0	root | cellular organisms | Eukaryota
GO:0005887	Unknown		
GO:0000148	Eukaryota	2759.0	root | cellular organisms | Eukaryota
GO:0005125	Unknown		3470597
GO:0090071	cellular organisms	131567.0	root | cellular organisms
GO:0140984	Bilateria	33213.0	root | cellular organisms | Eukaryota | Opisthokonta | Metazoa | Eumetazoa | Bilateria
GO:0060962	cellular organisms	131567.0	root | cellular organisms
GO:0010929	Viridiplantae	33090.0	root | cellular organisms | Eukaryota | Viridiplantae
GO:0004462	cellular organisms	131567.0	root | cellular organisms
GO:0004418	cellular organisms	131567.0	root | cellular organisms
GO:0009032	cellular organisms	131567.0	root | cellular organisms
GO:1903561	cellular organisms	131567.0	root | cellular organisms
GO:0035615	cellular organisms	131567.0	root | cellular organisms
GO:0051697	cellular organisms	131567.0	root | cellular organisms
GO:0030163	root	1.0	root
GO:0035650	Opisthokonta	33154.0	root | cellular organisms | Eukaryota | Opisthokonta
GO:0010387	Eukaryota	2759.0	root | cellular organisms | Eukaryota
GO:0008911	cellular organisms	131567.0	root | cellular organisms
GO:0019500	cellular organisms	131567.0	root | cellular organisms
GO:0042904	Chordata	7711.0	root | cellular organisms | Eukaryota | Opisthokonta | Metazoa | Eumetazoa | Bilateria | Deuterostomia | Chordata
GO:2000036	Eukaryota	2759.0	root | cellular organisms | Eukaryota
GO:0006892	cellular organisms	131567.0	root | cellular organisms
GO:2000232	Eukaryota	2759.0	root | cellular organisms | Eukaryota
GO:0001970	Theria	32525.0	root | cellular organisms | Eukaryota | Opisthokonta | Metazoa | Eumetazoa | Bilateria | Deuterostomia | Chordata | Craniata | Vertebrata | Gnathostomata | Teleostomi | Euteleostomi | Sarcopterygii | Dipnotetrapodomorpha | Tetrapoda | Amniota | Mammalia | Theria
GO:0007409	Eumetazoa	6072.0	root | cellular organisms | Eukaryota | Opisthokonta | Metazoa | Eumetazoa
GO:0048482	Arabidopsis thaliana	3702.0	root | cellular organisms | Eukaryota | Viridiplantae | Streptophyta | Streptophytina | Embryophyta | Tracheophyta | Euphyllophyta | Spermatophyta | Magnoliopsida | Mesangiospermae | eudicotyledons | Gunneridae | Pentapetalae | rosids | malvids | Brassicales | Brassicaceae | Camelineae | Arabidopsis | Arabidopsis thaliana
GO:0042134	cellular organisms	131567.0	root | cellular organisms
GO:0010444	Viridiplantae	33090.0	root | cellular organisms | Eukaryota | Viridiplantae
GO:1903364	Unknown		
GO:0048499	Bilateria	33213.0	root | cellular organisms | Eukaryota | Opisthokonta | Metazoa | Eumetazoa | Bilateria
GO:0002138	Eukaryota	2759.0	root | cellular organisms | Eukaryota
GO:0043928	Unknown		
GO:0051070	Eukaryota	2759.0	root | cellular organisms | Eukaryota
GO:0042030	cellular organisms	131567.0	root | cellular organisms
GO:0031314	Eukaryota	2759.0	root | cellular organisms | Eukaryota
GO:1990465	Unknown		
GO:0080187	Mesangiospermae	1437183.0	root | cellular organisms | Eukaryota | Viridiplantae | Streptophyta | Streptophytina | Embryophyta | Tracheophyta | Euphyllophyta | Spermatophyta | Magnoliopsida | Mesangiospermae
GO:0016491	Unknown		3470597
GO:0005548	Unknown		
GO:0043547	cellular organisms	131567.0	root | cellular organisms
GO:0090240	Unknown		
GO:0030412	cellular organisms	131567.0	root | cellular organisms
GO:0043195	Eumetazoa	6072.0	root | cellular organisms | Eukaryota | Opisthokonta | Metazoa | Eumetazoa
GO:0009531	Tracheophyta	58023.0	root | cellular organisms | Eukaryota | Viridiplantae | Streptophyta | Streptophytina | Embryophyta | Tracheophyta
GO:0006909	root	1.0	root
GO:0035799	Boreoeutheria	1437010.0	root | cellular organisms | Eukaryota | Opisthokonta | Metazoa | Eumetazoa | Bilateria | Deuterostomia | Chordata | Craniata | Vertebrata | Gnathostomata | Teleostomi | Euteleostomi | Sarcopterygii | Dipnotetrapodomorpha | Tetrapoda | Amniota | Mammalia | Theria | Eutheria | Boreoeutheria
GO:0005765	cellular organisms	131567.0	root | cellular organisms
GO:0022622	Arabidopsis	3701.0	root | cellular organisms | Eukaryota | Viridiplantae | Streptophyta | Streptophytina | Embryophyta | Tracheophyta | Euphyllophyta | Spermatophyta | Magnoliopsida | Mesangiospermae | eudicotyledons | Gunneridae | Pentapetalae | rosids | malvids | Brassicales | Brassicaceae | Camelineae | Arabidopsis
GO:0030866	cellular organisms	131567.0	root | cellular organisms
GO:0031179	root	1.0	root
GO:0072756	Eukaryota	2759.0	root | cellular organisms | Eukaryota
GO:0004475	root	1.0	root
GO:0051702	Eukaryota	2759.0	root | cellular organisms | Eukaryota
GO:0031252	Eukaryota	2759.0	root | cellular organisms | Eukaryota
GO:0045747	Opisthokonta	33154.0	root | cellular organisms | Eukaryota | Opisthokonta
GO:0080176	cellular organisms	131567.0	root | cellular organisms
GO:0072324	Taphrinomycotina	451866.0	root | cellular organisms | Eukaryota | Opisthokonta | Fungi | Dikarya | Ascomycota | Taphrinomycotina
GO:0019370	Eumetazoa	6072.0	root | cellular organisms | Eukaryota | Opisthokonta | Metazoa | Eumetazoa
GO:0043682	cellular organisms	131567.0	root | cellular organisms
GO:0045448	Ecdysozoa	1206794.0	root | cellular organisms | Eukaryota | Opisthokonta | Metazoa | Eumetazoa | Bilateria | Protostomia | Ecdysozoa
GO:0004049	root	1.0	root
GO:0046964	Eukaryota	2759.0	root | cellular organisms | Eukaryota
GO:0005775	Eukaryota	2759.0	root | cellular organisms | Eukaryota
GO:0031468	Eukaryota	2759.0	root | cellular organisms | Eukaryota
GO:0035885	cellular organisms	131567.0	root | cellular organisms
GO:0110134	Eukaryota	2759.0	root | cellular organisms | Eukaryota
GO:0106029	cellular organisms	131567.0	root | cellular organisms
GO:0140662	root	1.0	root
GO:0031883	Gnathostomata	7776.0	root | cellular organisms | Eukaryota | Opisthokonta | Metazoa | Eumetazoa | Bilateria | Deuterostomia | Chordata | Craniata | Vertebrata | Gnathostomata
GO:0043610	cellular organisms	131567.0	root | cellular organisms
GO:0010584	Magnoliopsida	3398.0	root | cellular organisms | Eukaryota | Viridiplantae | Streptophyta | Streptophytina | Embryophyta | Tracheophyta | Euphyllophyta | Spermatophyta | Magnoliopsida
GO:2000762	cellular organisms	131567.0	root | cellular organisms
GO:0090176	Bilateria	33213.0	root | cellular organisms | Eukaryota | Opisthokonta | Metazoa | Eumetazoa | Bilateria
GO:0106261	root	1.0	root
GO:0033668	Unknown		3470597
GO:1903214	Unknown		
GO:0072354	Eukaryota	2759.0	root | cellular organisms | Eukaryota
GO:0035710	Amniota	32524.0	root | cellular organisms | Eukaryota | Opisthokonta | Metazoa | Eumetazoa | Bilateria | Deuterostomia | Chordata | Craniata | Vertebrata | Gnathostomata | Teleostomi | Euteleostomi | Sarcopterygii | Dipnotetrapodomorpha | Tetrapoda | Amniota
GO:0019061	Viruses	10239.0	root | Viruses
GO:0019464	cellular organisms	131567.0	root | cellular organisms
GO:0052651	cellular organisms	131567.0	root | cellular organisms
GO:0061522	cellular organisms	131567.0	root | cellular organisms
GO:0089709	cellular organisms	131567.0	root | cellular organisms
GO:0140115	cellular organisms	131567.0	root | cellular organisms
GO:0006124	cellular organisms	131567.0	root | cellular organisms
GO:0008432	Eukaryota	2759.0	root | cellular organisms | Eukaryota
GO:0045211	Opisthokonta	33154.0	root | cellular organisms | Eukaryota | Opisthokonta
GO:1903904	Euteleostomi	117571.0	root | cellular organisms | Eukaryota | Opisthokonta | Metazoa | Eumetazoa | Bilateria | Deuterostomia | Chordata | Craniata | Vertebrata | Gnathostomata | Teleostomi | Euteleostomi
GO:0046919	Schizosaccharomyces	4895.0	root | cellular organisms | Eukaryota | Opisthokonta | Fungi | Dikarya | Ascomycota | Taphrinomycotina | Schizosaccharomycetes | Schizosaccharomycetales | Schizosaccharomycetaceae | Schizosaccharomyces
GO:0030173	Unknown		
GO:0003677	Unknown		3470597
GO:0016514	Eukaryota	2759.0	root | cellular organisms | Eukaryota
GO:0097552	Eukaryota	2759.0	root | cellular organisms | Eukaryota
GO:0102580	Pentapetalae	1437201.0	root | cellular organisms | Eukaryota | Viridiplantae | Streptophyta | Streptophytina | Embryophyta | Tracheophyta | Euphyllophyta | Spermatophyta | Magnoliopsida | Mesangiospermae | eudicotyledons | Gunneridae | Pentapetalae
GO:0009986	cellular organisms	131567.0	root | cellular organisms
GO:0007131	Eukaryota	2759.0	root | cellular organisms | Eukaryota
GO:0000127	cellular organisms	131567.0	root | cellular organisms
GO:0009793	Spermatophyta	58024.0	root | cellular organisms | Eukaryota | Viridiplantae | Streptophyta | Streptophytina | Embryophyta | Tracheophyta | Euphyllophyta | Spermatophyta
GO:0031234	root	1.0	root
GO:0009156	root	1.0	root
GO:0046579	Eukaryota	2759.0	root | cellular organisms | Eukaryota
GO:1990814	root	1.0	root
GO:0052917	Eukaryota	2759.0	root | cellular organisms | Eukaryota
GO:0004301	cellular organisms	131567.0	root | cellular organisms
GO:0019478	cellular organisms	131567.0	root | cellular organisms
GO:0010184	Mesangiospermae	1437183.0	root | cellular organisms | Eukaryota | Viridiplantae | Streptophyta | Streptophytina | Embryophyta | Tracheophyta | Euphyllophyta | Spermatophyta | Magnoliopsida | Mesangiospermae
GO:0033227	Bilateria	33213.0	root | cellular organisms | Eukaryota | Opisthokonta | Metazoa | Eumetazoa | Bilateria
GO:0070524	cellular organisms	131567.0	root | cellular organisms
GO:0033885	cellular organisms	131567.0	root | cellular organisms
GO:2000045	Eukaryota	2759.0	root | cellular organisms | Eukaryota
GO:0006528	cellular organisms	131567.0	root | cellular organisms
GO:0002264	Vertebrata	7742.0	root | cellular organisms | Eukaryota | Opisthokonta | Metazoa | Eumetazoa | Bilateria | Deuterostomia | Chordata | Craniata | Vertebrata
GO:0055075	cellular organisms	131567.0	root | cellular organisms
GO:1990131	cellular organisms	131567.0	root | cellular organisms
GO:0050435	Metazoa	33208.0	root | cellular organisms | Eukaryota | Opisthokonta | Metazoa
GO:0070290	cellular organisms	131567.0	root | cellular organisms
GO:0071894	Unknown		
GO:0030285	Unknown		
GO:0035658	Eukaryota	2759.0	root | cellular organisms | Eukaryota
GO:0004590	root	1.0	root
GO:0046939	Unknown		
GO:0033235	root	1.0	root
GO:0016241	Opisthokonta	33154.0	root | cellular organisms | Eukaryota | Opisthokonta
GO:0072598	Eukaryota	2759.0	root | cellular organisms | Eukaryota
GO:0050792	root	1.0	root
GO:0000811	Eukaryota	2759.0	root | cellular organisms | Eukaryota
GO:0006796	root	1.0	root
GO:0016656	cellular organisms	131567.0	root | cellular organisms
GO:0061716	Arabidopsis thaliana	3702.0	root | cellular organisms | Eukaryota | Viridiplantae | Streptophyta | Streptophytina | Embryophyta | Tracheophyta | Euphyllophyta | Spermatophyta | Magnoliopsida | Mesangiospermae | eudicotyledons | Gunneridae | Pentapetalae | rosids | malvids | Brassicales | Brassicaceae | Camelineae | Arabidopsis | Arabidopsis thaliana
GO:0010258	Eukaryota	2759.0	root | cellular organisms | Eukaryota
GO:0001861	Euarchontoglires	314146.0	root | cellular organisms | Eukaryota | Opisthokonta | Metazoa | Eumetazoa | Bilateria | Deuterostomia | Chordata | Craniata | Vertebrata | Gnathostomata | Teleostomi | Euteleostomi | Sarcopterygii | Dipnotetrapodomorpha | Tetrapoda | Amniota | Mammalia | Theria | Eutheria | Boreoeutheria | Euarchontoglires
GO:0007231	cellular organisms	131567.0	root | cellular organisms
GO:0052616	Unknown		
GO:0003997	root	1.0	root
GO:0006753	cellular organisms	131567.0	root | cellular organisms
GO:0038023	cellular organisms	131567.0	root | cellular organisms
GO:0042407	Eukaryota	2759.0	root | cellular organisms | Eukaryota
GO:0006208	cellular organisms	131567.0	root | cellular organisms
GO:0031508	Eukaryota	2759.0	root | cellular organisms | Eukaryota
GO:0098730	Drosophila	7215.0	root | cellular organisms | Eukaryota | Opisthokonta | Metazoa | Eumetazoa | Bilateria | Protostomia | Ecdysozoa | Panarthropoda | Arthropoda | Mandibulata | Pancrustacea | Altocrustacea | Allotriocarida | Hexapoda | Insecta | Dicondylia | Pterygota | Neoptera | Eumetabola | Endopterygota | Aparaglossata | Panorpida | Diptera | Brachycera | Muscomorpha | Eremoneura | Cyclorrhapha | Schizophora | Acalyptratae | Ephydroidea | Drosophilidae | Drosophilinae | Drosophilini | Drosophila
GO:0032039	Eukaryota	2759.0	root | cellular organisms | Eukaryota
GO:0010739	Unknown		
GO:0032269	Unknown		
GO:0019104	root	1.0	root
GO:0007263	Unknown		
GO:0007265	cellular organisms	131567.0	root | cellular organisms
GO:0008696	cellular organisms	131567.0	root | cellular organisms
GO:0000165	Eukaryota	2759.0	root | cellular organisms | Eukaryota
GO:0010023	rosids	71275.0	root | cellular organisms | Eukaryota | Viridiplantae | Streptophyta | Streptophytina | Embryophyta | Tracheophyta | Euphyllophyta | Spermatophyta | Magnoliopsida | Mesangiospermae | eudicotyledons | Gunneridae | Pentapetalae | rosids
GO:0016236	Eukaryota	2759.0	root | cellular organisms | Eukaryota
GO:0060291	Bilateria	33213.0	root | cellular organisms | Eukaryota | Opisthokonta | Metazoa | Eumetazoa | Bilateria
GO:0106005	root	1.0	root
GO:0031177	root	1.0	root
GO:0006227	cellular organisms	131567.0	root | cellular organisms
GO:2000083	Arabidopsis thaliana	3702.0	root | cellular organisms | Eukaryota | Viridiplantae | Streptophyta | Streptophytina | Embryophyta | Tracheophyta | Euphyllophyta | Spermatophyta | Magnoliopsida | Mesangiospermae | eudicotyledons | Gunneridae | Pentapetalae | rosids | malvids | Brassicales | Brassicaceae | Camelineae | Arabidopsis | Arabidopsis thaliana
GO:0035999	root	1.0	root
GO:0140352	cellular organisms	131567.0	root | cellular organisms
GO:1902395	Unknown		
GO:0010076	Brassicaceae	3700.0	root | cellular organisms | Eukaryota | Viridiplantae | Streptophyta | Streptophytina | Embryophyta | Tracheophyta | Euphyllophyta | Spermatophyta | Magnoliopsida | Mesangiospermae | eudicotyledons | Gunneridae | Pentapetalae | rosids | malvids | Brassicales | Brassicaceae
GO:0004708	Eukaryota	2759.0	root | cellular organisms | Eukaryota
GO:0043614	cellular organisms	131567.0	root | cellular organisms
GO:0009097	Unknown		
GO:0051495	cellular organisms	131567.0	root | cellular organisms
GO:0034040	cellular organisms	131567.0	root | cellular organisms
GO:0051445	Eukaryota	2759.0	root | cellular organisms | Eukaryota
GO:1902911	Eukaryota	2759.0	root | cellular organisms | Eukaryota
GO:0140937	Opisthokonta	33154.0	root | cellular organisms | Eukaryota | Opisthokonta
GO:0045660	Euteleostomi	117571.0	root | cellular organisms | Eukaryota | Opisthokonta | Metazoa | Eumetazoa | Bilateria | Deuterostomia | Chordata | Craniata | Vertebrata | Gnathostomata | Teleostomi | Euteleostomi
GO:0030371	root	1.0	root
GO:0016712	cellular organisms	131567.0	root | cellular organisms
GO:2000751	Unknown		
GO:1905041	Euarchontoglires	314146.0	root | cellular organisms | Eukaryota | Opisthokonta | Metazoa | Eumetazoa | Bilateria | Deuterostomia | Chordata | Craniata | Vertebrata | Gnathostomata | Teleostomi | Euteleostomi | Sarcopterygii | Dipnotetrapodomorpha | Tetrapoda | Amniota | Mammalia | Theria | Eutheria | Boreoeutheria | Euarchontoglires
GO:0006520	root	1.0	root
GO:0003876	cellular organisms	131567.0	root | cellular organisms
GO:1900004	Eukaryota	2759.0	root | cellular organisms | Eukaryota
GO:0045728	Euteleostomi	117571.0	root | cellular organisms | Eukaryota | Opisthokonta | Metazoa | Eumetazoa | Bilateria | Deuterostomia | Chordata | Craniata | Vertebrata | Gnathostomata | Teleostomi | Euteleostomi
GO:0052670	Unknown		
GO:0007076	Eukaryota	2759.0	root | cellular organisms | Eukaryota
GO:0035669	Amniota	32524.0	root | cellular organisms | Eukaryota | Opisthokonta | Metazoa | Eumetazoa | Bilateria | Deuterostomia | Chordata | Craniata | Vertebrata | Gnathostomata | Teleostomi | Euteleostomi | Sarcopterygii | Dipnotetrapodomorpha | Tetrapoda | Amniota
GO:1902358	cellular organisms	131567.0	root | cellular organisms
GO:0048505	Eukaryota	2759.0	root | cellular organisms | Eukaryota
GO:0007527	Bilateria	33213.0	root | cellular organisms | Eukaryota | Opisthokonta | Metazoa | Eumetazoa | Bilateria
GO:0005459	Eukaryota	2759.0	root | cellular organisms | Eukaryota
GO:1903533	Eukaryota	2759.0	root | cellular organisms | Eukaryota
GO:0046858	Chlorobiaceae	191412.0	root | cellular organisms | Bacteria | Pseudomonadati | FCB group | Bacteroidota/Chlorobiota group | Chlorobiota | Chlorobiia | Chlorobiales | Chlorobiaceae
GO:0023056	Eukaryota	2759.0	root | cellular organisms | Eukaryota
GO:0005712	Eukaryota	2759.0	root | cellular organisms | Eukaryota
GO:0000407	cellular organisms	131567.0	root | cellular organisms
GO:0097500	Eukaryota	2759.0	root | cellular organisms | Eukaryota
GO:0010951	Eukaryota	2759.0	root | cellular organisms | Eukaryota
GO:0006807	Unknown		
GO:0051603	Unknown		
GO:0008972	cellular organisms	131567.0	root | cellular organisms
GO:0033854	cellular organisms	131567.0	root | cellular organisms
GO:0006968	Eukaryota	2759.0	root | cellular organisms | Eukaryota
GO:0045647	Euteleostomi	117571.0	root | cellular organisms | Eukaryota | Opisthokonta | Metazoa | Eumetazoa | Bilateria | Deuterostomia | Chordata | Craniata | Vertebrata | Gnathostomata | Teleostomi | Euteleostomi
GO:0003978	root	1.0	root
GO:0052578	Eukaryota	2759.0	root | cellular organisms | Eukaryota
GO:0006086	root	1.0	root
GO:0010303	cellular organisms	131567.0	root | cellular organisms
GO:0106371	Brassicaceae	3700.0	root | cellular organisms | Eukaryota | Viridiplantae | Streptophyta | Streptophytina | Embryophyta | Tracheophyta | Euphyllophyta | Spermatophyta | Magnoliopsida | Mesangiospermae | eudicotyledons | Gunneridae | Pentapetalae | rosids | malvids | Brassicales | Brassicaceae
GO:0080086	rosids	71275.0	root | cellular organisms | Eukaryota | Viridiplantae | Streptophyta | Streptophytina | Embryophyta | Tracheophyta | Euphyllophyta | Spermatophyta | Magnoliopsida | Mesangiospermae | eudicotyledons | Gunneridae | Pentapetalae | rosids
GO:0004560	root	1.0	root
GO:0106167	Arabidopsis thaliana	3702.0	root | cellular organisms | Eukaryota | Viridiplantae | Streptophyta | Streptophytina | Embryophyta | Tracheophyta | Euphyllophyta | Spermatophyta | Magnoliopsida | Mesangiospermae | eudicotyledons | Gunneridae | Pentapetalae | rosids | malvids | Brassicales | Brassicaceae | Camelineae | Arabidopsis | Arabidopsis thaliana
GO:0090628	Mesangiospermae	1437183.0	root | cellular organisms | Eukaryota | Viridiplantae | Streptophyta | Streptophytina | Embryophyta | Tracheophyta | Euphyllophyta | Spermatophyta | Magnoliopsida | Mesangiospermae
GO:0002933	Eukaryota	2759.0	root | cellular organisms | Eukaryota
GO:1903202	Unknown		
GO:0048491	Ecdysozoa	1206794.0	root | cellular organisms | Eukaryota | Opisthokonta | Metazoa | Eumetazoa | Bilateria | Protostomia | Ecdysozoa
GO:0006552	cellular organisms	131567.0	root | cellular organisms
GO:0052638	Camelineae	980083.0	root | cellular organisms | Eukaryota | Viridiplantae | Streptophyta | Streptophytina | Embryophyta | Tracheophyta | Euphyllophyta | Spermatophyta | Magnoliopsida | Mesangiospermae | eudicotyledons | Gunneridae | Pentapetalae | rosids | malvids | Brassicales | Brassicaceae | Camelineae
GO:0016604	Eukaryota	2759.0	root | cellular organisms | Eukaryota
GO:1900026	Eukaryota	2759.0	root | cellular organisms | Eukaryota
GO:0048566	Bilateria	33213.0	root | cellular organisms | Eukaryota | Opisthokonta | Metazoa | Eumetazoa | Bilateria
GO:0043686	Unknown		
GO:0060378	Bilateria	33213.0	root | cellular organisms | Eukaryota | Opisthokonta | Metazoa | Eumetazoa | Bilateria
GO:0008413	cellular organisms	131567.0	root | cellular organisms
GO:0019222	Eukaryota	2759.0	root | cellular organisms | Eukaryota
GO:1905428	Arabidopsis thaliana	3702.0	root | cellular organisms | Eukaryota | Viridiplantae | Streptophyta | Streptophytina | Embryophyta | Tracheophyta | Euphyllophyta | Spermatophyta | Magnoliopsida | Mesangiospermae | eudicotyledons | Gunneridae | Pentapetalae | rosids | malvids | Brassicales | Brassicaceae | Camelineae | Arabidopsis | Arabidopsis thaliana
GO:0043434	Eukaryota	2759.0	root | cellular organisms | Eukaryota
GO:0051056	cellular organisms	131567.0	root | cellular organisms
GO:0009583	Eukaryota	2759.0	root | cellular organisms | Eukaryota
GO:0006857	cellular organisms	131567.0	root | cellular organisms
GO:0030267	cellular organisms	131567.0	root | cellular organisms
GO:0070544	Unknown		
GO:0015752	cellular organisms	131567.0	root | cellular organisms
GO:0003937	root	1.0	root
GO:0060074	Bilateria	33213.0	root | cellular organisms | Eukaryota | Opisthokonta | Metazoa | Eumetazoa | Bilateria
GO:0047159	Eukaryota	2759.0	root | cellular organisms | Eukaryota
GO:0000248	Eukaryota	2759.0	root | cellular organisms | Eukaryota
GO:1905394	Eukaryota	2759.0	root | cellular organisms | Eukaryota
GO:0042552	Bilateria	33213.0	root | cellular organisms | Eukaryota | Opisthokonta | Metazoa | Eumetazoa | Bilateria
GO:0080043	cellular organisms	131567.0	root | cellular organisms
GO:1901048	Unknown		
GO:0004392	root	1.0	root
GO:0090486	root	1.0	root
GO:0051930	Bilateria	33213.0	root | cellular organisms | Eukaryota | Opisthokonta | Metazoa | Eumetazoa | Bilateria
GO:1902775	Eukaryota	2759.0	root | cellular organisms | Eukaryota
GO:0016587	Eukaryota	2759.0	root | cellular organisms | Eukaryota
GO:0120053	root	1.0	root
GO:0003713	root	1.0	root
GO:0071439	Eukaryota	2759.0	root | cellular organisms | Eukaryota
GO:0072344	cellular organisms	131567.0	root | cellular organisms
GO:0045732	root	1.0	root
GO:0052595	Pentapetalae	1437201.0	root | cellular organisms | Eukaryota | Viridiplantae | Streptophyta | Streptophytina | Embryophyta | Tracheophyta | Euphyllophyta | Spermatophyta | Magnoliopsida | Mesangiospermae | eudicotyledons | Gunneridae | Pentapetalae
GO:0016788	root	1.0	root
GO:0009917	Unknown		
GO:1905166	Bilateria	33213.0	root | cellular organisms | Eukaryota | Opisthokonta | Metazoa | Eumetazoa | Bilateria
GO:0009865	Spermatophyta	58024.0	root | cellular organisms | Eukaryota | Viridiplantae | Streptophyta | Streptophytina | Embryophyta | Tracheophyta | Euphyllophyta | Spermatophyta
GO:0016154	cellular organisms	131567.0	root | cellular organisms
GO:0070888	root	1.0	root
GO:0032973	cellular organisms	131567.0	root | cellular organisms
GO:0004106	root	1.0	root
GO:0000995	cellular organisms	131567.0	root | cellular organisms
GO:0004683	cellular organisms	131567.0	root | cellular organisms
GO:0090154	Opisthokonta	33154.0	root | cellular organisms | Eukaryota | Opisthokonta
GO:0061770	cellular organisms	131567.0	root | cellular organisms
GO:0150032	Euteleostomi	117571.0	root | cellular organisms | Eukaryota | Opisthokonta | Metazoa | Eumetazoa | Bilateria | Deuterostomia | Chordata | Craniata | Vertebrata | Gnathostomata | Teleostomi | Euteleostomi
GO:0051015	root	1.0	root
GO:0071819	Eukaryota	2759.0	root | cellular organisms | Eukaryota
GO:0008962	root	1.0	root
GO:0046661	Bilateria	33213.0	root | cellular organisms | Eukaryota | Opisthokonta | Metazoa | Eumetazoa | Bilateria
GO:0070914	cellular organisms	131567.0	root | cellular organisms
GO:0046901	cellular organisms	131567.0	root | cellular organisms
GO:0030517	Bilateria	33213.0	root | cellular organisms | Eukaryota | Opisthokonta | Metazoa | Eumetazoa | Bilateria
GO:0010074	Embryophyta	3193.0	root | cellular organisms | Eukaryota | Viridiplantae | Streptophyta | Streptophytina | Embryophyta
GO:0032310	Amniota	32524.0	root | cellular organisms | Eukaryota | Opisthokonta | Metazoa | Eumetazoa | Bilateria | Deuterostomia | Chordata | Craniata | Vertebrata | Gnathostomata | Teleostomi | Euteleostomi | Sarcopterygii | Dipnotetrapodomorpha | Tetrapoda | Amniota
GO:0004366	cellular organisms	131567.0	root | cellular organisms
GO:0061172	Eukaryota	2759.0	root | cellular organisms | Eukaryota
GO:0010368	Embryophyta	3193.0	root | cellular organisms | Eukaryota | Viridiplantae | Streptophyta | Streptophytina | Embryophyta
GO:1900864	Eukaryota	2759.0	root | cellular organisms | Eukaryota
GO:0010581	Viridiplantae	33090.0	root | cellular organisms | Eukaryota | Viridiplantae
GO:0035339	Unknown		
GO:0009374	root	1.0	root
GO:0008124	cellular organisms	131567.0	root | cellular organisms
GO:0001503	Vertebrata	7742.0	root | cellular organisms | Eukaryota | Opisthokonta | Metazoa | Eumetazoa | Bilateria | Deuterostomia | Chordata | Craniata | Vertebrata
GO:0051958	cellular organisms	131567.0	root | cellular organisms
GO:1905379	Amniota	32524.0	root | cellular organisms | Eukaryota | Opisthokonta | Metazoa | Eumetazoa | Bilateria | Deuterostomia | Chordata | Craniata | Vertebrata | Gnathostomata | Teleostomi | Euteleostomi | Sarcopterygii | Dipnotetrapodomorpha | Tetrapoda | Amniota
GO:0098542	cellular organisms	131567.0	root | cellular organisms
GO:1990817	root	1.0	root
GO:0004147	Unknown		
GO:0036071	Unknown		
GO:0004846	cellular organisms	131567.0	root | cellular organisms
GO:0015148	cellular organisms	131567.0	root | cellular organisms
GO:0009514	Eukaryota	2759.0	root | cellular organisms | Eukaryota
GO:1905775	Unknown		
GO:0102229	Unknown		
GO:1903857	Unknown		
GO:0007143	Eukaryota	2759.0	root | cellular organisms | Eukaryota
GO:0034551	Eukaryota	2759.0	root | cellular organisms | Eukaryota
GO:0038166	Eukaryota	2759.0	root | cellular organisms | Eukaryota
GO:0047891	Myrtales	41944.0	root | cellular organisms | Eukaryota | Viridiplantae | Streptophyta | Streptophytina | Embryophyta | Tracheophyta | Euphyllophyta | Spermatophyta | Magnoliopsida | Mesangiospermae | eudicotyledons | Gunneridae | Pentapetalae | rosids | malvids | Myrtales
GO:0042289	cellular organisms	131567.0	root | cellular organisms
GO:0039588	Unknown		3470597
GO:1901224	cellular organisms	131567.0	root | cellular organisms
GO:0030216	Gnathostomata	7776.0	root | cellular organisms | Eukaryota | Opisthokonta | Metazoa | Eumetazoa | Bilateria | Deuterostomia | Chordata | Craniata | Vertebrata | Gnathostomata
GO:0010347	Viridiplantae	33090.0	root | cellular organisms | Eukaryota | Viridiplantae
GO:1990518	cellular organisms	131567.0	root | cellular organisms
GO:0006469	cellular organisms	131567.0	root | cellular organisms
GO:0021871	Euteleostomi	117571.0	root | cellular organisms | Eukaryota | Opisthokonta | Metazoa | Eumetazoa | Bilateria | Deuterostomia | Chordata | Craniata | Vertebrata | Gnathostomata | Teleostomi | Euteleostomi
GO:0005833	cellular organisms	131567.0	root | cellular organisms
GO:0034098	Eukaryota	2759.0	root | cellular organisms | Eukaryota
GO:0043994	Opisthokonta	33154.0	root | cellular organisms | Eukaryota | Opisthokonta
GO:0019789	Eukaryota	2759.0	root | cellular organisms | Eukaryota
GO:0016191	Eukaryota	2759.0	root | cellular organisms | Eukaryota
GO:0015186	cellular organisms	131567.0	root | cellular organisms
GO:0006090	Eukaryota	2759.0	root | cellular organisms | Eukaryota
GO:0007595	Mammalia	40674.0	root | cellular organisms | Eukaryota | Opisthokonta | Metazoa | Eumetazoa | Bilateria | Deuterostomia | Chordata | Craniata | Vertebrata | Gnathostomata | Teleostomi | Euteleostomi | Sarcopterygii | Dipnotetrapodomorpha | Tetrapoda | Amniota | Mammalia
GO:0038163	Euteleostomi	117571.0	root | cellular organisms | Eukaryota | Opisthokonta | Metazoa | Eumetazoa | Bilateria | Deuterostomia | Chordata | Craniata | Vertebrata | Gnathostomata | Teleostomi | Euteleostomi
GO:0015692	cellular organisms	131567.0	root | cellular organisms
GO:0071895	Gnathostomata	7776.0	root | cellular organisms | Eukaryota | Opisthokonta | Metazoa | Eumetazoa | Bilateria | Deuterostomia | Chordata | Craniata | Vertebrata | Gnathostomata
GO:0060153	Unknown		
GO:0007041	Eukaryota	2759.0	root | cellular organisms | Eukaryota
GO:0004482	root	1.0	root
GO:0061687	Eukaryota	2759.0	root | cellular organisms | Eukaryota
GO:0001165	Opisthokonta	33154.0	root | cellular organisms | Eukaryota | Opisthokonta
GO:0044192	Viruses	10239.0	root | Viruses
GO:0051179	Gossypium hirsutum	3635.0	root | cellular organisms | Eukaryota | Viridiplantae | Streptophyta | Streptophytina | Embryophyta | Tracheophyta | Euphyllophyta | Spermatophyta | Magnoliopsida | Mesangiospermae | eudicotyledons | Gunneridae | Pentapetalae | rosids | malvids | Malvales | Malvaceae | Malvoideae | Gossypium | Gossypium hirsutum
GO:0071902	Bilateria	33213.0	root | cellular organisms | Eukaryota | Opisthokonta | Metazoa | Eumetazoa | Bilateria
GO:0010154	Spermatophyta	58024.0	root | cellular organisms | Eukaryota | Viridiplantae | Streptophyta | Streptophytina | Embryophyta | Tracheophyta | Euphyllophyta | Spermatophyta
GO:0001832	Theria	32525.0	root | cellular organisms | Eukaryota | Opisthokonta | Metazoa | Eumetazoa | Bilateria | Deuterostomia | Chordata | Craniata | Vertebrata | Gnathostomata | Teleostomi | Euteleostomi | Sarcopterygii | Dipnotetrapodomorpha | Tetrapoda | Amniota | Mammalia | Theria
GO:0051656	Opisthokonta	33154.0	root | cellular organisms | Eukaryota | Opisthokonta
GO:0005227	cellular organisms	131567.0	root | cellular organisms
GO:0016163	cellular organisms	131567.0	root | cellular organisms
GO:0043622	cellular organisms	131567.0	root | cellular organisms
GO:0016631	Plasmodium falciparum 3D7	36329.0	root | cellular organisms | Eukaryota | Sar | Alveolata | Apicomplexa | Aconoidasida | Haemosporida | Plasmodiidae | Plasmodium | Laverania | Plasmodium falciparum | Plasmodium falciparum 3D7
GO:0016671	cellular organisms	131567.0	root | cellular organisms
GO:0031056	Unknown		
GO:0016041	cellular organisms	131567.0	root | cellular organisms
GO:0070056	Ascomycota	4890.0	root | cellular organisms | Eukaryota | Opisthokonta | Fungi | Dikarya | Ascomycota
GO:0034584	Eukaryota	2759.0	root | cellular organisms | Eukaryota
GO:0052918	Eukaryota	2759.0	root | cellular organisms | Eukaryota
GO:0062122	root	1.0	root
GO:0102661	Unknown		
GO:0030669	cellular organisms	131567.0	root | cellular organisms
GO:0036178	Candida albicans SC5314	237561.0	root | cellular organisms | Eukaryota | Opisthokonta | Fungi | Dikarya | Ascomycota | saccharomyceta | Saccharomycotina | Pichiomycetes | Serinales | Debaryomycetaceae | Candida/Lodderomyces clade | Candida | Candida albicans | Candida albicans SC5314
GO:0004799	root	1.0	root
GO:0008407	Diptera	7147.0	root | cellular organisms | Eukaryota | Opisthokonta | Metazoa | Eumetazoa | Bilateria | Protostomia | Ecdysozoa | Panarthropoda | Arthropoda | Mandibulata | Pancrustacea | Altocrustacea | Allotriocarida | Hexapoda | Insecta | Dicondylia | Pterygota | Neoptera | Eumetabola | Endopterygota | Aparaglossata | Panorpida | Diptera
GO:0006426	cellular organisms	131567.0	root | cellular organisms
GO:0102502	Unknown		
GO:0000730	cellular organisms	131567.0	root | cellular organisms
GO:2001311	Bilateria	33213.0	root | cellular organisms | Eukaryota | Opisthokonta | Metazoa | Eumetazoa | Bilateria
GO:0005965	cellular organisms	131567.0	root | cellular organisms
GO:0035145	Eukaryota	2759.0	root | cellular organisms | Eukaryota
GO:0039694	Unknown		1554481
GO:0003730	cellular organisms	131567.0	root | cellular organisms
GO:0051377	cellular organisms	131567.0	root | cellular organisms
GO:0000445	Eukaryota	2759.0	root | cellular organisms | Eukaryota
GO:0102303	Mesangiospermae	1437183.0	root | cellular organisms | Eukaryota | Viridiplantae | Streptophyta | Streptophytina | Embryophyta | Tracheophyta | Euphyllophyta | Spermatophyta | Magnoliopsida | Mesangiospermae
GO:0010307	Magnoliopsida	3398.0	root | cellular organisms | Eukaryota | Viridiplantae | Streptophyta | Streptophytina | Embryophyta | Tracheophyta | Euphyllophyta | Spermatophyta | Magnoliopsida
GO:0010326	cellular organisms	131567.0	root | cellular organisms
GO:0003335	Murinae	39107.0	root | cellular organisms | Eukaryota | Opisthokonta | Metazoa | Eumetazoa | Bilateria | Deuterostomia | Chordata | Craniata | Vertebrata | Gnathostomata | Teleostomi | Euteleostomi | Sarcopterygii | Dipnotetrapodomorpha | Tetrapoda | Amniota | Mammalia | Theria | Eutheria | Boreoeutheria | Euarchontoglires | Glires | Rodentia | Myomorpha | Muroidea | Muridae | Murinae
GO:0034450	root	1.0	root
GO:0080044	cellular organisms	131567.0	root | cellular organisms
GO:0006729	cellular organisms	131567.0	root | cellular organisms
GO:0044010	cellular organisms	131567.0	root | cellular organisms
GO:0080118	Camelineae	980083.0	root | cellular organisms | Eukaryota | Viridiplantae | Streptophyta | Streptophytina | Embryophyta | Tracheophyta | Euphyllophyta | Spermatophyta | Magnoliopsida | Mesangiospermae | eudicotyledons | Gunneridae | Pentapetalae | rosids | malvids | Brassicales | Brassicaceae | Camelineae
GO:0080171	Arabidopsis thaliana	3702.0	root | cellular organisms | Eukaryota | Viridiplantae | Streptophyta | Streptophytina | Embryophyta | Tracheophyta | Euphyllophyta | Spermatophyta | Magnoliopsida | Mesangiospermae | eudicotyledons | Gunneridae | Pentapetalae | rosids | malvids | Brassicales | Brassicaceae | Camelineae | Arabidopsis | Arabidopsis thaliana
GO:0071558	Eukaryota	2759.0	root | cellular organisms | Eukaryota
GO:0006336	Unknown		
GO:0009768	Viridiplantae	33090.0	root | cellular organisms | Eukaryota | Viridiplantae
GO:0030330	Eumetazoa	6072.0	root | cellular organisms | Eukaryota | Opisthokonta | Metazoa | Eumetazoa
GO:0044091	Eukaryota	2759.0	root | cellular organisms | Eukaryota
GO:0045132	Eukaryota	2759.0	root | cellular organisms | Eukaryota
GO:1990811	cellular organisms	131567.0	root | cellular organisms
GO:0019825	root	1.0	root
GO:0006233	root	1.0	root
GO:0070613	root	1.0	root
GO:0033528	cellular organisms	131567.0	root | cellular organisms
GO:0031647	root	1.0	root
GO:0044206	root	1.0	root
GO:0010637	Eukaryota	2759.0	root | cellular organisms | Eukaryota
GO:0030001	root	1.0	root
GO:1990841	cellular organisms	131567.0	root | cellular organisms
GO:1900069	Eukaryota	2759.0	root | cellular organisms | Eukaryota
GO:0044599	Eukaryota	2759.0	root | cellular organisms | Eukaryota
GO:0019374	Arabidopsis thaliana	3702.0	root | cellular organisms | Eukaryota | Viridiplantae | Streptophyta | Streptophytina | Embryophyta | Tracheophyta | Euphyllophyta | Spermatophyta | Magnoliopsida | Mesangiospermae | eudicotyledons | Gunneridae | Pentapetalae | rosids | malvids | Brassicales | Brassicaceae | Camelineae | Arabidopsis | Arabidopsis thaliana
GO:0034644	cellular organisms	131567.0	root | cellular organisms
GO:0044419	Unknown		
GO:0099053	Unknown		
GO:0043181	Unknown		
GO:0043596	cellular organisms	131567.0	root | cellular organisms
GO:0046982	root	1.0	root
GO:0045815	Eukaryota	2759.0	root | cellular organisms | Eukaryota
GO:0005021	Vertebrata	7742.0	root | cellular organisms | Eukaryota | Opisthokonta | Metazoa | Eumetazoa | Bilateria | Deuterostomia | Chordata | Craniata | Vertebrata
GO:0008106	cellular organisms	131567.0	root | cellular organisms
GO:0003980	Eukaryota	2759.0	root | cellular organisms | Eukaryota
GO:1904036	Euteleostomi	117571.0	root | cellular organisms | Eukaryota | Opisthokonta | Metazoa | Eumetazoa | Bilateria | Deuterostomia | Chordata | Craniata | Vertebrata | Gnathostomata | Teleostomi | Euteleostomi
GO:0072592	cellular organisms	131567.0	root | cellular organisms
GO:1905577	Amniota	32524.0	root | cellular organisms | Eukaryota | Opisthokonta | Metazoa | Eumetazoa | Bilateria | Deuterostomia | Chordata | Craniata | Vertebrata | Gnathostomata | Teleostomi | Euteleostomi | Sarcopterygii | Dipnotetrapodomorpha | Tetrapoda | Amniota
GO:0102855	Unknown		
GO:0080090	Unknown		
GO:2001107	Euteleostomi	117571.0	root | cellular organisms | Eukaryota | Opisthokonta | Metazoa | Eumetazoa | Bilateria | Deuterostomia | Chordata | Craniata | Vertebrata | Gnathostomata | Teleostomi | Euteleostomi
GO:0009537	Streptophytina	131221.0	root | cellular organisms | Eukaryota | Viridiplantae | Streptophyta | Streptophytina
GO:0015846	cellular organisms	131567.0	root | cellular organisms
GO:0000224	cellular organisms	131567.0	root | cellular organisms
GO:0071944	root	1.0	root
GO:0032050	Eukaryota	2759.0	root | cellular organisms | Eukaryota
GO:0042989	Unknown		
GO:0017070	root	1.0	root
GO:0004057	cellular organisms	131567.0	root | cellular organisms
GO:0004865	Unknown		3470597
GO:0019905	cellular organisms	131567.0	root | cellular organisms
GO:0030320	Unknown		
GO:0032456	cellular organisms	131567.0	root | cellular organisms
GO:0050302	cellular organisms	131567.0	root | cellular organisms
GO:0016973	cellular organisms	131567.0	root | cellular organisms
GO:0009908	Magnoliopsida	3398.0	root | cellular organisms | Eukaryota | Viridiplantae | Streptophyta | Streptophytina | Embryophyta | Tracheophyta | Euphyllophyta | Spermatophyta | Magnoliopsida
GO:0000712	Eukaryota	2759.0	root | cellular organisms | Eukaryota
GO:0032182	Eukaryota	2759.0	root | cellular organisms | Eukaryota
GO:1903527	Eukaryota	2759.0	root | cellular organisms | Eukaryota
GO:0055071	Eukaryota	2759.0	root | cellular organisms | Eukaryota
GO:0051560	Eukaryota	2759.0	root | cellular organisms | Eukaryota
GO:0015276	root	1.0	root
GO:1903671	Vertebrata	7742.0	root | cellular organisms | Eukaryota | Opisthokonta | Metazoa | Eumetazoa | Bilateria | Deuterostomia | Chordata | Craniata | Vertebrata
GO:0070867	Eukaryota	2759.0	root | cellular organisms | Eukaryota
GO:0009899	Eukaryota	2759.0	root | cellular organisms | Eukaryota
GO:0098921	Bilateria	33213.0	root | cellular organisms | Eukaryota | Opisthokonta | Metazoa | Eumetazoa | Bilateria
GO:0009396	root	1.0	root
GO:0090285	Unknown		
GO:0000795	Eukaryota	2759.0	root | cellular organisms | Eukaryota
GO:0045165	Eukaryota	2759.0	root | cellular organisms | Eukaryota
GO:0045171	Eukaryota	2759.0	root | cellular organisms | Eukaryota
GO:0071482	cellular organisms	131567.0	root | cellular organisms
GO:0036065	Unknown		
GO:0097255	cellular organisms	131567.0	root | cellular organisms
GO:0043874	cellular organisms	131567.0	root | cellular organisms
GO:0009526	Viridiplantae	33090.0	root | cellular organisms | Eukaryota | Viridiplantae
GO:0034464	Eukaryota	2759.0	root | cellular organisms | Eukaryota
GO:0048168	Eumetazoa	6072.0	root | cellular organisms | Eukaryota | Opisthokonta | Metazoa | Eumetazoa
GO:0052634	Unknown		
GO:0001890	Theria	32525.0	root | cellular organisms | Eukaryota | Opisthokonta | Metazoa | Eumetazoa | Bilateria | Deuterostomia | Chordata | Craniata | Vertebrata | Gnathostomata | Teleostomi | Euteleostomi | Sarcopterygii | Dipnotetrapodomorpha | Tetrapoda | Amniota | Mammalia | Theria
GO:0048354	Mesangiospermae	1437183.0	root | cellular organisms | Eukaryota | Viridiplantae | Streptophyta | Streptophytina | Embryophyta | Tracheophyta | Euphyllophyta | Spermatophyta | Magnoliopsida | Mesangiospermae
GO:2000014	Magnoliopsida	3398.0	root | cellular organisms | Eukaryota | Viridiplantae | Streptophyta | Streptophytina | Embryophyta | Tracheophyta | Euphyllophyta | Spermatophyta | Magnoliopsida
GO:0046923	Eukaryota	2759.0	root | cellular organisms | Eukaryota
GO:1990059	Arabidopsis thaliana	3702.0	root | cellular organisms | Eukaryota | Viridiplantae | Streptophyta | Streptophytina | Embryophyta | Tracheophyta | Euphyllophyta | Spermatophyta | Magnoliopsida | Mesangiospermae | eudicotyledons | Gunneridae | Pentapetalae | rosids | malvids | Brassicales | Brassicaceae | Camelineae | Arabidopsis | Arabidopsis thaliana
GO:0030026	cellular organisms	131567.0	root | cellular organisms
GO:0007249	cellular organisms	131567.0	root | cellular organisms
GO:1900809	Aspergillus	5052.0	root | cellular organisms | Eukaryota | Opisthokonta | Fungi | Dikarya | Ascomycota | saccharomyceta | Pezizomycotina | leotiomyceta | Eurotiomycetes | Eurotiomycetidae | Eurotiales | Aspergillaceae | Aspergillus
GO:0097098	cellular organisms	131567.0	root | cellular organisms
GO:0009918	Unknown		
GO:0062023	Unknown		
GO:1905872	Euteleostomi	117571.0	root | cellular organisms | Eukaryota | Opisthokonta | Metazoa | Eumetazoa | Bilateria | Deuterostomia | Chordata | Craniata | Vertebrata | Gnathostomata | Teleostomi | Euteleostomi
GO:0030623	Eukaryota	2759.0	root | cellular organisms | Eukaryota
GO:0000719	cellular organisms	131567.0	root | cellular organisms
GO:0005092	cellular organisms	131567.0	root | cellular organisms
GO:0009792	Metazoa	33208.0	root | cellular organisms | Eukaryota | Opisthokonta | Metazoa
GO:0052667	Unknown		
GO:0050778	cellular organisms	131567.0	root | cellular organisms
GO:0033169	Unknown		
GO:0050852	Eumetazoa	6072.0	root | cellular organisms | Eukaryota | Opisthokonta | Metazoa | Eumetazoa
GO:0042597	root	1.0	root
GO:0080130	cellular organisms	131567.0	root | cellular organisms
GO:0102487	Unknown		
GO:0106145	Brassicaceae	3700.0	root | cellular organisms | Eukaryota | Viridiplantae | Streptophyta | Streptophytina | Embryophyta | Tracheophyta | Euphyllophyta | Spermatophyta | Magnoliopsida | Mesangiospermae | eudicotyledons | Gunneridae | Pentapetalae | rosids | malvids | Brassicales | Brassicaceae
GO:1902801	Fungi	4751.0	root | cellular organisms | Eukaryota | Opisthokonta | Fungi
GO:0034599	root	1.0	root
GO:1905232	Euarchontoglires	314146.0	root | cellular organisms | Eukaryota | Opisthokonta | Metazoa | Eumetazoa | Bilateria | Deuterostomia | Chordata | Craniata | Vertebrata | Gnathostomata | Teleostomi | Euteleostomi | Sarcopterygii | Dipnotetrapodomorpha | Tetrapoda | Amniota | Mammalia | Theria | Eutheria | Boreoeutheria | Euarchontoglires
GO:0060091	Eumetazoa	6072.0	root | cellular organisms | Eukaryota | Opisthokonta | Metazoa | Eumetazoa
GO:0090213	Arabidopsis thaliana	3702.0	root | cellular organisms | Eukaryota | Viridiplantae | Streptophyta | Streptophytina | Embryophyta | Tracheophyta | Euphyllophyta | Spermatophyta | Magnoliopsida | Mesangiospermae | eudicotyledons | Gunneridae | Pentapetalae | rosids | malvids | Brassicales | Brassicaceae | Camelineae | Arabidopsis | Arabidopsis thaliana
GO:0045025	Eukaryota	2759.0	root | cellular organisms | Eukaryota
GO:1903233	Bilateria	33213.0	root | cellular organisms | Eukaryota | Opisthokonta | Metazoa | Eumetazoa | Bilateria
GO:0019082	root	1.0	root
GO:0032079	Opisthokonta	33154.0	root | cellular organisms | Eukaryota | Opisthokonta
GO:0071365	Embryophyta	3193.0	root | cellular organisms | Eukaryota | Viridiplantae | Streptophyta | Streptophytina | Embryophyta
GO:0071140	Eukaryota	2759.0	root | cellular organisms | Eukaryota
GO:0032426	Eumetazoa	6072.0	root | cellular organisms | Eukaryota | Opisthokonta | Metazoa | Eumetazoa
GO:0061182	Bilateria	33213.0	root | cellular organisms | Eukaryota | Opisthokonta | Metazoa | Eumetazoa | Bilateria
GO:0051539	root	1.0	root
GO:0070772	Eukaryota	2759.0	root | cellular organisms | Eukaryota
GO:0031624	Eukaryota	2759.0	root | cellular organisms | Eukaryota
GO:0019395	cellular organisms	131567.0	root | cellular organisms
GO:0004163	cellular organisms	131567.0	root | cellular organisms
GO:2000032	Streptophytina	131221.0	root | cellular organisms | Eukaryota | Viridiplantae | Streptophyta | Streptophytina
GO:0060178	Eukaryota	2759.0	root | cellular organisms | Eukaryota
GO:0048366	Viridiplantae	33090.0	root | cellular organisms | Eukaryota | Viridiplantae
GO:0045177	Eukaryota	2759.0	root | cellular organisms | Eukaryota
GO:0044158	Viruses	10239.0	root | Viruses
GO:0010225	Eukaryota	2759.0	root | cellular organisms | Eukaryota
GO:0031120	cellular organisms	131567.0	root | cellular organisms
GO:0097228	Eukaryota	2759.0	root | cellular organisms | Eukaryota
GO:0071020	Eukaryota	2759.0	root | cellular organisms | Eukaryota
GO:0042577	cellular organisms	131567.0	root | cellular organisms
GO:0046203	cellular organisms	131567.0	root | cellular organisms
GO:2001125	cellular organisms	131567.0	root | cellular organisms
GO:0016095	Eukaryota	2759.0	root | cellular organisms | Eukaryota
GO:0019102	Bilateria	33213.0	root | cellular organisms | Eukaryota | Opisthokonta | Metazoa | Eumetazoa | Bilateria
GO:0010424	Unknown		
GO:0016081	Metazoa	33208.0	root | cellular organisms | Eukaryota | Opisthokonta | Metazoa
GO:1901140	Arabidopsis thaliana	3702.0	root | cellular organisms | Eukaryota | Viridiplantae | Streptophyta | Streptophytina | Embryophyta | Tracheophyta | Euphyllophyta | Spermatophyta | Magnoliopsida | Mesangiospermae | eudicotyledons | Gunneridae | Pentapetalae | rosids | malvids | Brassicales | Brassicaceae | Camelineae | Arabidopsis | Arabidopsis thaliana
GO:0071875	Eumetazoa	6072.0	root | cellular organisms | Eukaryota | Opisthokonta | Metazoa | Eumetazoa
GO:0043029	Opisthokonta	33154.0	root | cellular organisms | Eukaryota | Opisthokonta
GO:0033214	cellular organisms	131567.0	root | cellular organisms
GO:1990110	Viridiplantae	33090.0	root | cellular organisms | Eukaryota | Viridiplantae
GO:0070478	cellular organisms	131567.0	root | cellular organisms
GO:0106335	cellular organisms	131567.0	root | cellular organisms
GO:0019919	Eukaryota	2759.0	root | cellular organisms | Eukaryota
GO:0051302	cellular organisms	131567.0	root | cellular organisms
GO:0045003	cellular organisms	131567.0	root | cellular organisms
GO:0031348	Eukaryota	2759.0	root | cellular organisms | Eukaryota
GO:0005782	Eukaryota	2759.0	root | cellular organisms | Eukaryota
GO:0004642	root	1.0	root
GO:0004765	root	1.0	root
GO:0102419	Unknown		
GO:0034256	cellular organisms	131567.0	root | cellular organisms
GO:0071395	Eukaryota	2759.0	root | cellular organisms | Eukaryota
GO:0032729	Euteleostomi	117571.0	root | cellular organisms | Eukaryota | Opisthokonta | Metazoa | Eumetazoa | Bilateria | Deuterostomia | Chordata | Craniata | Vertebrata | Gnathostomata | Teleostomi | Euteleostomi
GO:0019166	cellular organisms	131567.0	root | cellular organisms
GO:1900057	Mesangiospermae	1437183.0	root | cellular organisms | Eukaryota | Viridiplantae | Streptophyta | Streptophytina | Embryophyta | Tracheophyta | Euphyllophyta | Spermatophyta | Magnoliopsida | Mesangiospermae
GO:0043171	root	1.0	root
GO:0015174	cellular organisms	131567.0	root | cellular organisms
GO:0010618	Arabidopsis thaliana	3702.0	root | cellular organisms | Eukaryota | Viridiplantae | Streptophyta | Streptophytina | Embryophyta | Tracheophyta | Euphyllophyta | Spermatophyta | Magnoliopsida | Mesangiospermae | eudicotyledons | Gunneridae | Pentapetalae | rosids | malvids | Brassicales | Brassicaceae | Camelineae | Arabidopsis | Arabidopsis thaliana
GO:0045254	cellular organisms	131567.0	root | cellular organisms
GO:0010376	Magnoliopsida	3398.0	root | cellular organisms | Eukaryota | Viridiplantae | Streptophyta | Streptophytina | Embryophyta | Tracheophyta | Euphyllophyta | Spermatophyta | Magnoliopsida
GO:0009134	cellular organisms	131567.0	root | cellular organisms
GO:0005903	Eumetazoa	6072.0	root | cellular organisms | Eukaryota | Opisthokonta | Metazoa | Eumetazoa
GO:0010209	Eukaryota	2759.0	root | cellular organisms | Eukaryota
GO:0004792	cellular organisms	131567.0	root | cellular organisms
GO:0009836	Pentapetalae	1437201.0	root | cellular organisms | Eukaryota | Viridiplantae | Streptophyta | Streptophytina | Embryophyta | Tracheophyta | Euphyllophyta | Spermatophyta | Magnoliopsida | Mesangiospermae | eudicotyledons | Gunneridae | Pentapetalae
GO:0007389	Eukaryota	2759.0	root | cellular organisms | Eukaryota
GO:0000062	root	1.0	root
GO:2001234	root	1.0	root
GO:0004867	root	1.0	root
GO:0004512	root	1.0	root
GO:0001834	Theria	32525.0	root | cellular organisms | Eukaryota | Opisthokonta | Metazoa | Eumetazoa | Bilateria | Deuterostomia | Chordata | Craniata | Vertebrata | Gnathostomata | Teleostomi | Euteleostomi | Sarcopterygii | Dipnotetrapodomorpha | Tetrapoda | Amniota | Mammalia | Theria
GO:0004471	cellular organisms	131567.0	root | cellular organisms
GO:0043916	cellular organisms	131567.0	root | cellular organisms
GO:0032184	Opisthokonta	33154.0	root | cellular organisms | Eukaryota | Opisthokonta
GO:0004709	Eukaryota	2759.0	root | cellular organisms | Eukaryota
GO:0008761	cellular organisms	131567.0	root | cellular organisms
GO:1905342	Opisthokonta	33154.0	root | cellular organisms | Eukaryota | Opisthokonta
GO:0031410	cellular organisms	131567.0	root | cellular organisms
GO:0048564	cellular organisms	131567.0	root | cellular organisms
GO:0007049	Unknown		
GO:0015139	Eukaryota	2759.0	root | cellular organisms | Eukaryota
GO:0008108	cellular organisms	131567.0	root | cellular organisms
GO:0000977	cellular organisms	131567.0	root | cellular organisms
GO:0019083	root	1.0	root
GO:0075509	root	1.0	root
GO:0008898	cellular organisms	131567.0	root | cellular organisms
GO:0045174	cellular organisms	131567.0	root | cellular organisms
GO:0016616	root	1.0	root
GO:0004643	root	1.0	root
GO:0004067	cellular organisms	131567.0	root | cellular organisms
GO:0010607	Opisthokonta	33154.0	root | cellular organisms | Eukaryota | Opisthokonta
GO:0030479	Fungi	4751.0	root | cellular organisms | Eukaryota | Opisthokonta | Fungi
GO:0018392	cellular organisms	131567.0	root | cellular organisms
GO:0015205	cellular organisms	131567.0	root | cellular organisms
GO:0090304	Opisthokonta	33154.0	root | cellular organisms | Eukaryota | Opisthokonta
GO:0090694	Eukaryota	2759.0	root | cellular organisms | Eukaryota
GO:0010839	Amniota	32524.0	root | cellular organisms | Eukaryota | Opisthokonta | Metazoa | Eumetazoa | Bilateria | Deuterostomia | Chordata | Craniata | Vertebrata | Gnathostomata | Teleostomi | Euteleostomi | Sarcopterygii | Dipnotetrapodomorpha | Tetrapoda | Amniota
GO:0099093	Opisthokonta	33154.0	root | cellular organisms | Eukaryota | Opisthokonta
GO:0030543	Fungi	4751.0	root | cellular organisms | Eukaryota | Opisthokonta | Fungi
GO:0033108	cellular organisms	131567.0	root | cellular organisms
GO:0004807	cellular organisms	131567.0	root | cellular organisms
GO:0180008	Amniota	32524.0	root | cellular organisms | Eukaryota | Opisthokonta | Metazoa | Eumetazoa | Bilateria | Deuterostomia | Chordata | Craniata | Vertebrata | Gnathostomata | Teleostomi | Euteleostomi | Sarcopterygii | Dipnotetrapodomorpha | Tetrapoda | Amniota
GO:0052837	cellular organisms	131567.0	root | cellular organisms
GO:2001173	Unknown		
GO:0008298	cellular organisms	131567.0	root | cellular organisms
GO:0006566	cellular organisms	131567.0	root | cellular organisms
GO:0032875	Eukaryota	2759.0	root | cellular organisms | Eukaryota
GO:0004706	Eukaryota	2759.0	root | cellular organisms | Eukaryota
GO:0008615	cellular organisms	131567.0	root | cellular organisms
GO:0010774	Eukaryota	2759.0	root | cellular organisms | Eukaryota
GO:0004723	Eukaryota	2759.0	root | cellular organisms | Eukaryota
GO:0030991	cellular organisms	131567.0	root | cellular organisms
GO:0005947	Unknown		
GO:0032366	Eukaryota	2759.0	root | cellular organisms | Eukaryota
GO:0019369	cellular organisms	131567.0	root | cellular organisms
GO:0102237	Unknown		
GO:0044297	Eukaryota	2759.0	root | cellular organisms | Eukaryota
GO:0046500	root	1.0	root
GO:0001578	Eukaryota	2759.0	root | cellular organisms | Eukaryota
GO:0036335	Bilateria	33213.0	root | cellular organisms | Eukaryota | Opisthokonta | Metazoa | Eumetazoa | Bilateria
GO:0048703	Vertebrata	7742.0	root | cellular organisms | Eukaryota | Opisthokonta | Metazoa | Eumetazoa | Bilateria | Deuterostomia | Chordata | Craniata | Vertebrata
GO:0004360	root	1.0	root
GO:1904874	Eukaryota	2759.0	root | cellular organisms | Eukaryota
GO:0015030	Eukaryota	2759.0	root | cellular organisms | Eukaryota
GO:0000112	Eukaryota	2759.0	root | cellular organisms | Eukaryota
GO:0080115	Eukaryota	2759.0	root | cellular organisms | Eukaryota
GO:0045862	root	1.0	root
GO:0045636	Euteleostomi	117571.0	root | cellular organisms | Eukaryota | Opisthokonta | Metazoa | Eumetazoa | Bilateria | Deuterostomia | Chordata | Craniata | Vertebrata | Gnathostomata | Teleostomi | Euteleostomi
GO:0016132	cellular organisms	131567.0	root | cellular organisms
GO:0070008	root	1.0	root
GO:0042353	cellular organisms	131567.0	root | cellular organisms
GO:0004337	root	1.0	root
GO:0004053	root	1.0	root
GO:0001580	Eumetazoa	6072.0	root | cellular organisms | Eukaryota | Opisthokonta | Metazoa | Eumetazoa
GO:0140840	Unknown		
GO:0006913	cellular organisms	131567.0	root | cellular organisms
GO:0010004	Drosophila	7215.0	root | cellular organisms | Eukaryota | Opisthokonta | Metazoa | Eumetazoa | Bilateria | Protostomia | Ecdysozoa | Panarthropoda | Arthropoda | Mandibulata | Pancrustacea | Altocrustacea | Allotriocarida | Hexapoda | Insecta | Dicondylia | Pterygota | Neoptera | Eumetabola | Endopterygota | Aparaglossata | Panorpida | Diptera | Brachycera | Muscomorpha | Eremoneura | Cyclorrhapha | Schizophora | Acalyptratae | Ephydroidea | Drosophilidae | Drosophilinae | Drosophilini | Drosophila
GO:0004594	cellular organisms	131567.0	root | cellular organisms
GO:0015225	cellular organisms	131567.0	root | cellular organisms
GO:0008720	root	1.0	root
GO:0003847	root	1.0	root
GO:0000422	Eukaryota	2759.0	root | cellular organisms | Eukaryota
GO:0070072	Eukaryota	2759.0	root | cellular organisms | Eukaryota
GO:1904153	Metazoa	33208.0	root | cellular organisms | Eukaryota | Opisthokonta | Metazoa
GO:0008479	cellular organisms	131567.0	root | cellular organisms
GO:0016846	root	1.0	root
GO:0005201	root	1.0	root
GO:0032977	cellular organisms	131567.0	root | cellular organisms
GO:0003983	root	1.0	root
GO:0000395	Eukaryota	2759.0	root | cellular organisms | Eukaryota
GO:0010369	Eukaryota	2759.0	root | cellular organisms | Eukaryota
GO:0106322	cellular organisms	131567.0	root | cellular organisms
GO:0030492	cellular organisms	131567.0	root | cellular organisms
GO:0035435	root	1.0	root
GO:0046329	cellular organisms	131567.0	root | cellular organisms
GO:0034456	Eukaryota	2759.0	root | cellular organisms | Eukaryota
GO:0097037	cellular organisms	131567.0	root | cellular organisms
GO:0048793	Euteleostomi	117571.0	root | cellular organisms | Eukaryota | Opisthokonta | Metazoa | Eumetazoa | Bilateria | Deuterostomia | Chordata | Craniata | Vertebrata | Gnathostomata | Teleostomi | Euteleostomi
GO:0031105	Eukaryota	2759.0	root | cellular organisms | Eukaryota
GO:0033549	cellular organisms	131567.0	root | cellular organisms
GO:0061649	Opisthokonta	33154.0	root | cellular organisms | Eukaryota | Opisthokonta
GO:0060298	Eumetazoa	6072.0	root | cellular organisms | Eukaryota | Opisthokonta | Metazoa | Eumetazoa
GO:0035234	Bilateria	33213.0	root | cellular organisms | Eukaryota | Opisthokonta | Metazoa | Eumetazoa | Bilateria
GO:2001137	Eukaryota	2759.0	root | cellular organisms | Eukaryota
GO:1990140	cellular organisms	131567.0	root | cellular organisms
GO:0031063	Unknown		
GO:0035418	Eukaryota	2759.0	root | cellular organisms | Eukaryota
GO:0009073	root	1.0	root
GO:0015643	root	1.0	root
GO:0010493	cellular organisms	131567.0	root | cellular organisms
GO:0016691	cellular organisms	131567.0	root | cellular organisms
GO:0031954	Opisthokonta	33154.0	root | cellular organisms | Eukaryota | Opisthokonta
GO:0043609	cellular organisms	131567.0	root | cellular organisms
GO:0043983	Unknown		
GO:0010583	Arabidopsis thaliana	3702.0	root | cellular organisms | Eukaryota | Viridiplantae | Streptophyta | Streptophytina | Embryophyta | Tracheophyta | Euphyllophyta | Spermatophyta | Magnoliopsida | Mesangiospermae | eudicotyledons | Gunneridae | Pentapetalae | rosids | malvids | Brassicales | Brassicaceae | Camelineae | Arabidopsis | Arabidopsis thaliana
GO:1901310	Unknown		
GO:0016891	root	1.0	root
GO:0102920	Unknown		
GO:0036424	cellular organisms	131567.0	root | cellular organisms
GO:0071394	Amniota	32524.0	root | cellular organisms | Eukaryota | Opisthokonta | Metazoa | Eumetazoa | Bilateria | Deuterostomia | Chordata | Craniata | Vertebrata | Gnathostomata | Teleostomi | Euteleostomi | Sarcopterygii | Dipnotetrapodomorpha | Tetrapoda | Amniota
GO:0090440	Brassicaceae	3700.0	root | cellular organisms | Eukaryota | Viridiplantae | Streptophyta | Streptophytina | Embryophyta | Tracheophyta | Euphyllophyta | Spermatophyta | Magnoliopsida | Mesangiospermae | eudicotyledons | Gunneridae | Pentapetalae | rosids | malvids | Brassicales | Brassicaceae
GO:0001947	Vertebrata	7742.0	root | cellular organisms | Eukaryota | Opisthokonta | Metazoa | Eumetazoa | Bilateria | Deuterostomia | Chordata | Craniata | Vertebrata
GO:0055047	Eukaryota	2759.0	root | cellular organisms | Eukaryota
GO:0090364	Eukaryota	2759.0	root | cellular organisms | Eukaryota
GO:2001280	Eukaryota	2759.0	root | cellular organisms | Eukaryota
GO:0044284	Eukaryota	2759.0	root | cellular organisms | Eukaryota
GO:0017119	Eukaryota	2759.0	root | cellular organisms | Eukaryota
GO:0071369	Viridiplantae	33090.0	root | cellular organisms | Eukaryota | Viridiplantae
GO:0009524	Viridiplantae	33090.0	root | cellular organisms | Eukaryota | Viridiplantae
GO:0010623	Eukaryota	2759.0	root | cellular organisms | Eukaryota
GO:0055015	Euteleostomi	117571.0	root | cellular organisms | Eukaryota | Opisthokonta | Metazoa | Eumetazoa | Bilateria | Deuterostomia | Chordata | Craniata | Vertebrata | Gnathostomata | Teleostomi | Euteleostomi
GO:0070337	Opisthokonta	33154.0	root | cellular organisms | Eukaryota | Opisthokonta
GO:0090400	Eukaryota	2759.0	root | cellular organisms | Eukaryota
GO:0003988	cellular organisms	131567.0	root | cellular organisms
GO:1901137	root	1.0	root
GO:0000118	Eukaryota	2759.0	root | cellular organisms | Eukaryota
GO:0033926	cellular organisms	131567.0	root | cellular organisms
GO:0031897	Viridiplantae	33090.0	root | cellular organisms | Eukaryota | Viridiplantae
GO:0046409	Mesangiospermae	1437183.0	root | cellular organisms | Eukaryota | Viridiplantae | Streptophyta | Streptophytina | Embryophyta | Tracheophyta | Euphyllophyta | Spermatophyta | Magnoliopsida | Mesangiospermae
GO:1902120	Caenorhabditis	6237.0	root | cellular organisms | Eukaryota | Opisthokonta | Metazoa | Eumetazoa | Bilateria | Protostomia | Ecdysozoa | Nematoda | Chromadorea | Rhabditida | Rhabditina | Rhabditomorpha | Rhabditoidea | Rhabditidae | Peloderinae | Caenorhabditis
GO:0016624	root	1.0	root
GO:0034705	Eukaryota	2759.0	root | cellular organisms | Eukaryota
GO:0009263	Unknown		3470597
GO:0060548	Unknown		
GO:0016618	cellular organisms	131567.0	root | cellular organisms
GO:0016655	cellular organisms	131567.0	root | cellular organisms
GO:0007411	Opisthokonta	33154.0	root | cellular organisms | Eukaryota | Opisthokonta
GO:0140857	Amniota	32524.0	root | cellular organisms | Eukaryota | Opisthokonta | Metazoa | Eumetazoa | Bilateria | Deuterostomia | Chordata | Craniata | Vertebrata | Gnathostomata | Teleostomi | Euteleostomi | Sarcopterygii | Dipnotetrapodomorpha | Tetrapoda | Amniota
GO:0098532	Unknown		
GO:0008764	cellular organisms	131567.0	root | cellular organisms
GO:0098653	Eukaryota	2759.0	root | cellular organisms | Eukaryota
GO:0045429	cellular organisms	131567.0	root | cellular organisms
GO:1904824	Saccharomycetaceae	4893.0	root | cellular organisms | Eukaryota | Opisthokonta | Fungi | Dikarya | Ascomycota | saccharomyceta | Saccharomycotina | Saccharomycetes | Saccharomycetales | Saccharomycetaceae
GO:0016251	Eukaryota	2759.0	root | cellular organisms | Eukaryota
GO:0019904	root	1.0	root
GO:0050062	cellular organisms	131567.0	root | cellular organisms
GO:1990258	Unknown		
GO:0010193	Eukaryota	2759.0	root | cellular organisms | Eukaryota
GO:0046345	Mesangiospermae	1437183.0	root | cellular organisms | Eukaryota | Viridiplantae | Streptophyta | Streptophytina | Embryophyta | Tracheophyta | Euphyllophyta | Spermatophyta | Magnoliopsida | Mesangiospermae
GO:0101019	Euarchontoglires	314146.0	root | cellular organisms | Eukaryota | Opisthokonta | Metazoa | Eumetazoa | Bilateria | Deuterostomia | Chordata | Craniata | Vertebrata | Gnathostomata | Teleostomi | Euteleostomi | Sarcopterygii | Dipnotetrapodomorpha | Tetrapoda | Amniota | Mammalia | Theria | Eutheria | Boreoeutheria | Euarchontoglires
GO:0012502	Eukaryota	2759.0	root | cellular organisms | Eukaryota
GO:1905168	Eukaryota	2759.0	root | cellular organisms | Eukaryota
GO:1904355	cellular organisms	131567.0	root | cellular organisms
GO:0034657	cellular organisms	131567.0	root | cellular organisms
GO:0034728	cellular organisms	131567.0	root | cellular organisms
GO:0015742	Eukaryota	2759.0	root | cellular organisms | Eukaryota
GO:0008281	Eukaryota	2759.0	root | cellular organisms | Eukaryota
GO:1900006	Bilateria	33213.0	root | cellular organisms | Eukaryota | Opisthokonta | Metazoa | Eumetazoa | Bilateria
GO:0002296	Amniota	32524.0	root | cellular organisms | Eukaryota | Opisthokonta | Metazoa | Eumetazoa | Bilateria | Deuterostomia | Chordata | Craniata | Vertebrata | Gnathostomata | Teleostomi | Euteleostomi | Sarcopterygii | Dipnotetrapodomorpha | Tetrapoda | Amniota
GO:0004592	cellular organisms	131567.0	root | cellular organisms
GO:1902289	Pentapetalae	1437201.0	root | cellular organisms | Eukaryota | Viridiplantae | Streptophyta | Streptophytina | Embryophyta | Tracheophyta | Euphyllophyta | Spermatophyta | Magnoliopsida | Mesangiospermae | eudicotyledons | Gunneridae | Pentapetalae
GO:0071360	Eukaryota	2759.0	root | cellular organisms | Eukaryota
GO:0031004	cellular organisms	131567.0	root | cellular organisms
GO:0000145	cellular organisms	131567.0	root | cellular organisms
GO:0090729	root	1.0	root
GO:0006919	Unknown		
GO:0070905	cellular organisms	131567.0	root | cellular organisms
GO:0097443	Tetrapoda	32523.0	root | cellular organisms | Eukaryota | Opisthokonta | Metazoa | Eumetazoa | Bilateria | Deuterostomia | Chordata | Craniata | Vertebrata | Gnathostomata | Teleostomi | Euteleostomi | Sarcopterygii | Dipnotetrapodomorpha | Tetrapoda
GO:0045259	cellular organisms	131567.0	root | cellular organisms
GO:0000754	Unknown		
GO:0045450	Allotriocarida	3701030.0	root | cellular organisms | Eukaryota | Opisthokonta | Metazoa | Eumetazoa | Bilateria | Protostomia | Ecdysozoa | Panarthropoda | Arthropoda | Mandibulata | Pancrustacea | Altocrustacea | Allotriocarida
GO:0080155	Magnoliopsida	3398.0	root | cellular organisms | Eukaryota | Viridiplantae | Streptophyta | Streptophytina | Embryophyta | Tracheophyta | Euphyllophyta | Spermatophyta | Magnoliopsida
GO:0031365	cellular organisms	131567.0	root | cellular organisms
GO:0000781	cellular organisms	131567.0	root | cellular organisms
GO:0030144	Eukaryota	2759.0	root | cellular organisms | Eukaryota
GO:0002215	Eukaryota	2759.0	root | cellular organisms | Eukaryota
GO:0010080	Magnoliopsida	3398.0	root | cellular organisms | Eukaryota | Viridiplantae | Streptophyta | Streptophytina | Embryophyta | Tracheophyta | Euphyllophyta | Spermatophyta | Magnoliopsida
GO:0003351	Eukaryota	2759.0	root | cellular organisms | Eukaryota
GO:0003179	Euteleostomi	117571.0	root | cellular organisms | Eukaryota | Opisthokonta | Metazoa | Eumetazoa | Bilateria | Deuterostomia | Chordata | Craniata | Vertebrata | Gnathostomata | Teleostomi | Euteleostomi
GO:0043169	root	1.0	root
GO:0009910	Magnoliopsida	3398.0	root | cellular organisms | Eukaryota | Viridiplantae | Streptophyta | Streptophytina | Embryophyta | Tracheophyta | Euphyllophyta | Spermatophyta | Magnoliopsida
GO:0016174	cellular organisms	131567.0	root | cellular organisms
GO:0009593	cellular organisms	131567.0	root | cellular organisms
GO:0001680	root	1.0	root
GO:0010157	Eukaryota	2759.0	root | cellular organisms | Eukaryota
GO:0030150	cellular organisms	131567.0	root | cellular organisms
GO:0019563	cellular organisms	131567.0	root | cellular organisms
GO:0004740	cellular organisms	131567.0	root | cellular organisms
GO:2000694	Viridiplantae	33090.0	root | cellular organisms | Eukaryota | Viridiplantae
GO:0006370	root	1.0	root
GO:0046930	root	1.0	root
GO:0032784	root	1.0	root
GO:0006047	cellular organisms	131567.0	root | cellular organisms
GO:0090228	Streptophytina	131221.0	root | cellular organisms | Eukaryota | Viridiplantae | Streptophyta | Streptophytina
GO:0007568	Unknown		
GO:0000963	Eukaryota	2759.0	root | cellular organisms | Eukaryota
GO:0032502	cellular organisms	131567.0	root | cellular organisms
GO:0102488	Unknown		
GO:0005462	Eukaryota	2759.0	root | cellular organisms | Eukaryota
GO:0045489	Eukaryota	2759.0	root | cellular organisms | Eukaryota
GO:0016849	cellular organisms	131567.0	root | cellular organisms
GO:0044613	Eukaryota	2759.0	root | cellular organisms | Eukaryota
GO:0002020	root	1.0	root
GO:0102553	Unknown		
GO:1903426	Eukaryota	2759.0	root | cellular organisms | Eukaryota
GO:0047202	Mesangiospermae	1437183.0	root | cellular organisms | Eukaryota | Viridiplantae | Streptophyta | Streptophytina | Embryophyta | Tracheophyta | Euphyllophyta | Spermatophyta | Magnoliopsida | Mesangiospermae
GO:0043524	Eumetazoa	6072.0	root | cellular organisms | Eukaryota | Opisthokonta | Metazoa | Eumetazoa
GO:0140839	Unknown		
GO:0007043	cellular organisms	131567.0	root | cellular organisms
GO:0051569	Unknown		
GO:0010212	cellular organisms	131567.0	root | cellular organisms
GO:0019483	cellular organisms	131567.0	root | cellular organisms
GO:0005516	root	1.0	root
GO:0009662	Mesangiospermae	1437183.0	root | cellular organisms | Eukaryota | Viridiplantae | Streptophyta | Streptophytina | Embryophyta | Tracheophyta | Euphyllophyta | Spermatophyta | Magnoliopsida | Mesangiospermae
GO:0003925	root	1.0	root
GO:1904395	Euteleostomi	117571.0	root | cellular organisms | Eukaryota | Opisthokonta | Metazoa | Eumetazoa | Bilateria | Deuterostomia | Chordata | Craniata | Vertebrata | Gnathostomata | Teleostomi | Euteleostomi
GO:0102924	Unknown		
GO:0004725	root	1.0	root
GO:0048768	Viridiplantae	33090.0	root | cellular organisms | Eukaryota | Viridiplantae
GO:0043536	Eumetazoa	6072.0	root | cellular organisms | Eukaryota | Opisthokonta | Metazoa | Eumetazoa
GO:0007010	root	1.0	root
GO:0051233	cellular organisms	131567.0	root | cellular organisms
GO:0008146	root	1.0	root
GO:0042277	root	1.0	root
GO:0039501	Unknown		
GO:0009742	Eukaryota	2759.0	root | cellular organisms | Eukaryota
GO:0032995	Ascomycota	4890.0	root | cellular organisms | Eukaryota | Opisthokonta | Fungi | Dikarya | Ascomycota
GO:0034089	Eukaryota	2759.0	root | cellular organisms | Eukaryota
GO:0103077	Unknown		
GO:0006145	cellular organisms	131567.0	root | cellular organisms
GO:0008693	Unknown		
GO:0044027	cellular organisms	131567.0	root | cellular organisms
GO:0035194	cellular organisms	131567.0	root | cellular organisms
GO:0001046	root	1.0	root
GO:0019212	Eukaryota	2759.0	root | cellular organisms | Eukaryota
GO:0045665	Bilateria	33213.0	root | cellular organisms | Eukaryota | Opisthokonta | Metazoa | Eumetazoa | Bilateria
GO:0033088	Amniota	32524.0	root | cellular organisms | Eukaryota | Opisthokonta | Metazoa | Eumetazoa | Bilateria | Deuterostomia | Chordata | Craniata | Vertebrata | Gnathostomata | Teleostomi | Euteleostomi | Sarcopterygii | Dipnotetrapodomorpha | Tetrapoda | Amniota
GO:0075732	Unknown		3470597
GO:0010229	Embryophyta	3193.0	root | cellular organisms | Eukaryota | Viridiplantae | Streptophyta | Streptophytina | Embryophyta
GO:0140374	Eukaryota	2759.0	root | cellular organisms | Eukaryota
GO:0052665	Unknown		
GO:0030660	cellular organisms	131567.0	root | cellular organisms
GO:0010222	Euphyllophyta	78536.0	root | cellular organisms | Eukaryota | Viridiplantae | Streptophyta | Streptophytina | Embryophyta | Tracheophyta | Euphyllophyta
GO:0006739	cellular organisms	131567.0	root | cellular organisms
GO:0006272	cellular organisms	131567.0	root | cellular organisms
GO:0055129	cellular organisms	131567.0	root | cellular organisms
GO:0044257	Unknown		
GO:0045669	Vertebrata	7742.0	root | cellular organisms | Eukaryota | Opisthokonta | Metazoa | Eumetazoa | Bilateria | Deuterostomia | Chordata | Craniata | Vertebrata
GO:0006450	root	1.0	root
GO:0010151	Brassicaceae	3700.0	root | cellular organisms | Eukaryota | Viridiplantae | Streptophyta | Streptophytina | Embryophyta | Tracheophyta | Euphyllophyta | Spermatophyta | Magnoliopsida | Mesangiospermae | eudicotyledons | Gunneridae | Pentapetalae | rosids | malvids | Brassicales | Brassicaceae
GO:0008193	root	1.0	root
GO:0032496	cellular organisms	131567.0	root | cellular organisms
GO:0048675	Eumetazoa	6072.0	root | cellular organisms | Eukaryota | Opisthokonta | Metazoa | Eumetazoa
GO:0004377	cellular organisms	131567.0	root | cellular organisms
GO:2000194	Euteleostomi	117571.0	root | cellular organisms | Eukaryota | Opisthokonta | Metazoa | Eumetazoa | Bilateria | Deuterostomia | Chordata | Craniata | Vertebrata | Gnathostomata | Teleostomi | Euteleostomi
GO:0090352	cellular organisms	131567.0	root | cellular organisms
GO:0070568	root	1.0	root
GO:0010833	Eukaryota	2759.0	root | cellular organisms | Eukaryota
GO:0003842	cellular organisms	131567.0	root | cellular organisms
GO:0080165	Arabidopsis thaliana	3702.0	root | cellular organisms | Eukaryota | Viridiplantae | Streptophyta | Streptophytina | Embryophyta | Tracheophyta | Euphyllophyta | Spermatophyta | Magnoliopsida | Mesangiospermae | eudicotyledons | Gunneridae | Pentapetalae | rosids | malvids | Brassicales | Brassicaceae | Camelineae | Arabidopsis | Arabidopsis thaliana
GO:1905146	Bilateria	33213.0	root | cellular organisms | Eukaryota | Opisthokonta | Metazoa | Eumetazoa | Bilateria
GO:1990244	Bilateria	33213.0	root | cellular organisms | Eukaryota | Opisthokonta | Metazoa | Eumetazoa | Bilateria
GO:0048156	Bilateria	33213.0	root | cellular organisms | Eukaryota | Opisthokonta | Metazoa | Eumetazoa | Bilateria
GO:0002151	root	1.0	root
GO:0034626	Eukaryota	2759.0	root | cellular organisms | Eukaryota
GO:0018822	cellular organisms	131567.0	root | cellular organisms
GO:1905897	Eukaryota	2759.0	root | cellular organisms | Eukaryota
GO:0051643	Bilateria	33213.0	root | cellular organisms | Eukaryota | Opisthokonta | Metazoa | Eumetazoa | Bilateria
GO:0044175	Unknown		3470597
GO:0047884	cellular organisms	131567.0	root | cellular organisms
GO:0070382	Eukaryota	2759.0	root | cellular organisms | Eukaryota
GO:0030532	Eukaryota	2759.0	root | cellular organisms | Eukaryota
GO:0015208	cellular organisms	131567.0	root | cellular organisms
GO:1902389	Eukaryota	2759.0	root | cellular organisms | Eukaryota
GO:0043235	cellular organisms	131567.0	root | cellular organisms
GO:0019156	cellular organisms	131567.0	root | cellular organisms
GO:0004776	cellular organisms	131567.0	root | cellular organisms
GO:0046322	Eukaryota	2759.0	root | cellular organisms | Eukaryota
GO:0033041	Bilateria	33213.0	root | cellular organisms | Eukaryota | Opisthokonta | Metazoa | Eumetazoa | Bilateria
GO:0022617	Tetrapoda	32523.0	root | cellular organisms | Eukaryota | Opisthokonta | Metazoa | Eumetazoa | Bilateria | Deuterostomia | Chordata | Craniata | Vertebrata | Gnathostomata | Teleostomi | Euteleostomi | Sarcopterygii | Dipnotetrapodomorpha | Tetrapoda
GO:0015938	cellular organisms	131567.0	root | cellular organisms
GO:0005253	cellular organisms	131567.0	root | cellular organisms
GO:0003849	root	1.0	root
GO:0072720	Eukaryota	2759.0	root | cellular organisms | Eukaryota
GO:0140463	Eukaryota	2759.0	root | cellular organisms | Eukaryota
GO:0042545	cellular organisms	131567.0	root | cellular organisms
GO:0016760	root	1.0	root
GO:0036003	Unknown		
GO:0009954	Eukaryota	2759.0	root | cellular organisms | Eukaryota
GO:0019867	root	1.0	root
GO:1904585	malvids	91836.0	root | cellular organisms | Eukaryota | Viridiplantae | Streptophyta | Streptophytina | Embryophyta | Tracheophyta | Euphyllophyta | Spermatophyta | Magnoliopsida | Mesangiospermae | eudicotyledons | Gunneridae | Pentapetalae | rosids | malvids
GO:0010064	Arabidopsis thaliana	3702.0	root | cellular organisms | Eukaryota | Viridiplantae | Streptophyta | Streptophytina | Embryophyta | Tracheophyta | Euphyllophyta | Spermatophyta | Magnoliopsida | Mesangiospermae | eudicotyledons | Gunneridae | Pentapetalae | rosids | malvids | Brassicales | Brassicaceae | Camelineae | Arabidopsis | Arabidopsis thaliana
GO:0015204	cellular organisms	131567.0	root | cellular organisms
GO:0004843	Unknown		3470597
GO:0009341	cellular organisms	131567.0	root | cellular organisms
GO:0044200	Viruses	10239.0	root | Viruses
GO:0004640	root	1.0	root
GO:1902066	Solanum lycopersicum	4081.0	root | cellular organisms | Eukaryota | Viridiplantae | Streptophyta | Streptophytina | Embryophyta | Tracheophyta | Euphyllophyta | Spermatophyta | Magnoliopsida | Mesangiospermae | eudicotyledons | Gunneridae | Pentapetalae | asterids | lamiids | Solanales | Solanaceae | Solanoideae | Solaneae | Solanum | Solanum subgen. Lycopersicon | Solanum lycopersicum
GO:0045746	Eukaryota	2759.0	root | cellular organisms | Eukaryota
GO:0072545	root	1.0	root
GO:0019773	cellular organisms	131567.0	root | cellular organisms
GO:0070852	Euteleostomi	117571.0	root | cellular organisms | Eukaryota | Opisthokonta | Metazoa | Eumetazoa | Bilateria | Deuterostomia | Chordata | Craniata | Vertebrata | Gnathostomata | Teleostomi | Euteleostomi
GO:0006270	root	1.0	root
GO:0006376	Eukaryota	2759.0	root | cellular organisms | Eukaryota
GO:0090410	Eukaryota	2759.0	root | cellular organisms | Eukaryota
GO:2000177	Bilateria	33213.0	root | cellular organisms | Eukaryota | Opisthokonta | Metazoa | Eumetazoa | Bilateria
GO:0043015	cellular organisms	131567.0	root | cellular organisms
GO:1900151	Eukaryota	2759.0	root | cellular organisms | Eukaryota
GO:0005838	Eukaryota	2759.0	root | cellular organisms | Eukaryota
GO:0003688	root	1.0	root
GO:0140327	Eukaryota	2759.0	root | cellular organisms | Eukaryota
GO:0016082	Metazoa	33208.0	root | cellular organisms | Eukaryota | Opisthokonta | Metazoa
GO:0010073	Viridiplantae	33090.0	root | cellular organisms | Eukaryota | Viridiplantae
GO:0030476	Ascomycota	4890.0	root | cellular organisms | Eukaryota | Opisthokonta | Fungi | Dikarya | Ascomycota
GO:1900101	root	1.0	root
GO:0039503	Unknown		
GO:0050976	Bilateria	33213.0	root | cellular organisms | Eukaryota | Opisthokonta | Metazoa | Eumetazoa | Bilateria
GO:0031408	cellular organisms	131567.0	root | cellular organisms
GO:0051645	Eukaryota	2759.0	root | cellular organisms | Eukaryota
GO:0042391	cellular organisms	131567.0	root | cellular organisms
GO:0070940	Unknown		
GO:0005829	root	1.0	root
GO:0050113	root	1.0	root
GO:0009807	Tracheophyta	58023.0	root | cellular organisms | Eukaryota | Viridiplantae | Streptophyta | Streptophytina | Embryophyta | Tracheophyta
GO:0009705	Viridiplantae	33090.0	root | cellular organisms | Eukaryota | Viridiplantae
GO:0001516	root	1.0	root
GO:0042773	root	1.0	root
GO:0061137	Petrosaviidae	1437197.0	root | cellular organisms | Eukaryota | Viridiplantae | Streptophyta | Streptophytina | Embryophyta | Tracheophyta | Euphyllophyta | Spermatophyta | Magnoliopsida | Mesangiospermae | Liliopsida | Petrosaviidae
GO:0080023	cellular organisms	131567.0	root | cellular organisms
GO:0097422	Eukaryota	2759.0	root | cellular organisms | Eukaryota
GO:0046688	cellular organisms	131567.0	root | cellular organisms
GO:0015294	cellular organisms	131567.0	root | cellular organisms
GO:0010013	Pentapetalae	1437201.0	root | cellular organisms | Eukaryota | Viridiplantae | Streptophyta | Streptophytina | Embryophyta | Tracheophyta | Euphyllophyta | Spermatophyta | Magnoliopsida | Mesangiospermae | eudicotyledons | Gunneridae | Pentapetalae
GO:0030234	root	1.0	root
GO:0019424	Unknown		
GO:0030865	Eukaryota	2759.0	root | cellular organisms | Eukaryota
GO:0048132	Bilateria	33213.0	root | cellular organisms | Eukaryota | Opisthokonta | Metazoa | Eumetazoa | Bilateria
GO:0030520	Bilateria	33213.0	root | cellular organisms | Eukaryota | Opisthokonta | Metazoa | Eumetazoa | Bilateria
GO:0042575	root	1.0	root
GO:0120026	Moloney murine leukemia virus isolate Shinnick	928306.0	root | Viruses | Riboviria | Pararnavirae | Artverviricota | Revtraviricetes | Ortervirales | Retroviridae | Orthoretrovirinae | Gammaretrovirus | Gammaretrovirus murleu | Murine leukemia virus | Moloney murine leukemia virus | Moloney murine leukemia virus isolate Shinnick
GO:0034336	cellular organisms	131567.0	root | cellular organisms
GO:0008104	cellular organisms	131567.0	root | cellular organisms
GO:1903086	Arabidopsis thaliana	3702.0	root | cellular organisms | Eukaryota | Viridiplantae | Streptophyta | Streptophytina | Embryophyta | Tracheophyta | Euphyllophyta | Spermatophyta | Magnoliopsida | Mesangiospermae | eudicotyledons | Gunneridae | Pentapetalae | rosids | malvids | Brassicales | Brassicaceae | Camelineae | Arabidopsis | Arabidopsis thaliana
GO:0000220	Eukaryota	2759.0	root | cellular organisms | Eukaryota
GO:0008835	root	1.0	root
GO:1905171	Amniota	32524.0	root | cellular organisms | Eukaryota | Opisthokonta | Metazoa | Eumetazoa | Bilateria | Deuterostomia | Chordata | Craniata | Vertebrata | Gnathostomata | Teleostomi | Euteleostomi | Sarcopterygii | Dipnotetrapodomorpha | Tetrapoda | Amniota
GO:1902043	Amniota	32524.0	root | cellular organisms | Eukaryota | Opisthokonta | Metazoa | Eumetazoa | Bilateria | Deuterostomia | Chordata | Craniata | Vertebrata | Gnathostomata | Teleostomi | Euteleostomi | Sarcopterygii | Dipnotetrapodomorpha | Tetrapoda | Amniota
GO:0032580	Eukaryota	2759.0	root | cellular organisms | Eukaryota
GO:2000123	Tracheophyta	58023.0	root | cellular organisms | Eukaryota | Viridiplantae | Streptophyta | Streptophytina | Embryophyta | Tracheophyta
GO:0003986	cellular organisms	131567.0	root | cellular organisms
GO:1905499	Arabidopsis thaliana	3702.0	root | cellular organisms | Eukaryota | Viridiplantae | Streptophyta | Streptophytina | Embryophyta | Tracheophyta | Euphyllophyta | Spermatophyta | Magnoliopsida | Mesangiospermae | eudicotyledons | Gunneridae | Pentapetalae | rosids | malvids | Brassicales | Brassicaceae | Camelineae | Arabidopsis | Arabidopsis thaliana
GO:0006990	Unknown		
GO:0009020	Unknown		
GO:0000828	Eukaryota	2759.0	root | cellular organisms | Eukaryota
GO:0047787	Eukaryota	2759.0	root | cellular organisms | Eukaryota
GO:1990592	Eukaryota	2759.0	root | cellular organisms | Eukaryota
GO:0003885	root	1.0	root
GO:0060321	Streptophyta	35493.0	root | cellular organisms | Eukaryota | Viridiplantae | Streptophyta
GO:0009202	Eukaryota	2759.0	root | cellular organisms | Eukaryota
GO:0071044	cellular organisms	131567.0	root | cellular organisms
GO:0045703	cellular organisms	131567.0	root | cellular organisms
GO:0006225	cellular organisms	131567.0	root | cellular organisms
GO:0072318	cellular organisms	131567.0	root | cellular organisms
GO:0006592	cellular organisms	131567.0	root | cellular organisms
GO:0042747	Murinae	39107.0	root | cellular organisms | Eukaryota | Opisthokonta | Metazoa | Eumetazoa | Bilateria | Deuterostomia | Chordata | Craniata | Vertebrata | Gnathostomata | Teleostomi | Euteleostomi | Sarcopterygii | Dipnotetrapodomorpha | Tetrapoda | Amniota | Mammalia | Theria | Eutheria | Boreoeutheria | Euarchontoglires | Glires | Rodentia | Myomorpha | Muroidea | Muridae | Murinae
GO:1905627	Murinae	39107.0	root | cellular organisms | Eukaryota | Opisthokonta | Metazoa | Eumetazoa | Bilateria | Deuterostomia | Chordata | Craniata | Vertebrata | Gnathostomata | Teleostomi | Euteleostomi | Sarcopterygii | Dipnotetrapodomorpha | Tetrapoda | Amniota | Mammalia | Theria | Eutheria | Boreoeutheria | Euarchontoglires | Glires | Rodentia | Myomorpha | Muroidea | Muridae | Murinae
GO:1905538	Unknown		
GO:0040010	cellular organisms	131567.0	root | cellular organisms
GO:0045038	Viridiplantae	33090.0	root | cellular organisms | Eukaryota | Viridiplantae
GO:0006631	root	1.0	root
GO:0031023	cellular organisms	131567.0	root | cellular organisms
GO:0008460	root	1.0	root
GO:0014905	Euteleostomi	117571.0	root | cellular organisms | Eukaryota | Opisthokonta | Metazoa | Eumetazoa | Bilateria | Deuterostomia | Chordata | Craniata | Vertebrata | Gnathostomata | Teleostomi | Euteleostomi
GO:0010086	Arabidopsis thaliana	3702.0	root | cellular organisms | Eukaryota | Viridiplantae | Streptophyta | Streptophytina | Embryophyta | Tracheophyta | Euphyllophyta | Spermatophyta | Magnoliopsida | Mesangiospermae | eudicotyledons | Gunneridae | Pentapetalae | rosids | malvids | Brassicales | Brassicaceae | Camelineae | Arabidopsis | Arabidopsis thaliana
GO:0008114	cellular organisms	131567.0	root | cellular organisms
GO:0004714	root	1.0	root
GO:0009725	cellular organisms	131567.0	root | cellular organisms
GO:0010054	Arabidopsis thaliana	3702.0	root | cellular organisms | Eukaryota | Viridiplantae | Streptophyta | Streptophytina | Embryophyta | Tracheophyta | Euphyllophyta | Spermatophyta | Magnoliopsida | Mesangiospermae | eudicotyledons | Gunneridae | Pentapetalae | rosids | malvids | Brassicales | Brassicaceae | Camelineae | Arabidopsis | Arabidopsis thaliana
GO:0055073	Unknown		
GO:1904350	Arabidopsis thaliana	3702.0	root | cellular organisms | Eukaryota | Viridiplantae | Streptophyta | Streptophytina | Embryophyta | Tracheophyta | Euphyllophyta | Spermatophyta | Magnoliopsida | Mesangiospermae | eudicotyledons | Gunneridae | Pentapetalae | rosids | malvids | Brassicales | Brassicaceae | Camelineae | Arabidopsis | Arabidopsis thaliana
GO:0001952	cellular organisms	131567.0	root | cellular organisms
GO:0018114	cellular organisms	131567.0	root | cellular organisms
GO:0042882	cellular organisms	131567.0	root | cellular organisms
GO:0032783	Eukaryota	2759.0	root | cellular organisms | Eukaryota
GO:0060964	Eukaryota	2759.0	root | cellular organisms | Eukaryota
GO:0045880	Eukaryota	2759.0	root | cellular organisms | Eukaryota
GO:0090315	Amniota	32524.0	root | cellular organisms | Eukaryota | Opisthokonta | Metazoa | Eumetazoa | Bilateria | Deuterostomia | Chordata | Craniata | Vertebrata | Gnathostomata | Teleostomi | Euteleostomi | Sarcopterygii | Dipnotetrapodomorpha | Tetrapoda | Amniota
GO:0016719	cellular organisms	131567.0	root | cellular organisms
GO:0004128	cellular organisms	131567.0	root | cellular organisms
GO:0039545	Orthornavirae	2732396.0	root | Viruses | Riboviria | Orthornavirae
GO:0019632	cellular organisms	131567.0	root | cellular organisms
GO:0002062	Chordata	7711.0	root | cellular organisms | Eukaryota | Opisthokonta | Metazoa | Eumetazoa | Bilateria | Deuterostomia | Chordata
GO:1903251	Euteleostomi	117571.0	root | cellular organisms | Eukaryota | Opisthokonta | Metazoa | Eumetazoa | Bilateria | Deuterostomia | Chordata | Craniata | Vertebrata | Gnathostomata | Teleostomi | Euteleostomi
GO:0071529	Amniota	32524.0	root | cellular organisms | Eukaryota | Opisthokonta | Metazoa | Eumetazoa | Bilateria | Deuterostomia | Chordata | Craniata | Vertebrata | Gnathostomata | Teleostomi | Euteleostomi | Sarcopterygii | Dipnotetrapodomorpha | Tetrapoda | Amniota
GO:0051026	Eukaryota	2759.0	root | cellular organisms | Eukaryota
GO:0005732	Eukaryota	2759.0	root | cellular organisms | Eukaryota
GO:0071424	cellular organisms	131567.0	root | cellular organisms
GO:0009272	Fungi	4751.0	root | cellular organisms | Eukaryota | Opisthokonta | Fungi
GO:0043157	cellular organisms	131567.0	root | cellular organisms
GO:0032868	Eukaryota	2759.0	root | cellular organisms | Eukaryota
GO:0110152	Eukaryota	2759.0	root | cellular organisms | Eukaryota
GO:0034715	cellular organisms	131567.0	root | cellular organisms
GO:1990745	Eukaryota	2759.0	root | cellular organisms | Eukaryota
GO:0000171	Eukaryota	2759.0	root | cellular organisms | Eukaryota
GO:0042834	root	1.0	root
GO:0030553	Eukaryota	2759.0	root | cellular organisms | Eukaryota
GO:0016706	root	1.0	root
GO:0000938	Eukaryota	2759.0	root | cellular organisms | Eukaryota
GO:0097359	Eukaryota	2759.0	root | cellular organisms | Eukaryota
GO:0045600	Eumetazoa	6072.0	root | cellular organisms | Eukaryota | Opisthokonta | Metazoa | Eumetazoa
GO:0006222	root	1.0	root
GO:0002239	Embryophyta	3193.0	root | cellular organisms | Eukaryota | Viridiplantae | Streptophyta | Streptophytina | Embryophyta
GO:0008746	Unknown		
GO:0042736	Eukaryota	2759.0	root | cellular organisms | Eukaryota
GO:0004032	cellular organisms	131567.0	root | cellular organisms
GO:0047107	cellular organisms	131567.0	root | cellular organisms
GO:0010353	Eukaryota	2759.0	root | cellular organisms | Eukaryota
GO:0006378	Unknown		
GO:0047213	Eukaryota	2759.0	root | cellular organisms | Eukaryota
GO:0010028	Eukaryota	2759.0	root | cellular organisms | Eukaryota
GO:0033063	Eukaryota	2759.0	root | cellular organisms | Eukaryota
GO:0045191	Amniota	32524.0	root | cellular organisms | Eukaryota | Opisthokonta | Metazoa | Eumetazoa | Bilateria | Deuterostomia | Chordata | Craniata | Vertebrata | Gnathostomata | Teleostomi | Euteleostomi | Sarcopterygii | Dipnotetrapodomorpha | Tetrapoda | Amniota
GO:0032196	root	1.0	root
GO:0018105	cellular organisms	131567.0	root | cellular organisms
GO:1903329	Eukaryota	2759.0	root | cellular organisms | Eukaryota
GO:0090220	Metazoa	33208.0	root | cellular organisms | Eukaryota | Opisthokonta | Metazoa
GO:0061666	Eukaryota	2759.0	root | cellular organisms | Eukaryota
GO:0009082	cellular organisms	131567.0	root | cellular organisms
GO:0010197	Magnoliopsida	3398.0	root | cellular organisms | Eukaryota | Viridiplantae | Streptophyta | Streptophytina | Embryophyta | Tracheophyta | Euphyllophyta | Spermatophyta | Magnoliopsida
GO:0008527	Eumetazoa	6072.0	root | cellular organisms | Eukaryota | Opisthokonta | Metazoa | Eumetazoa
GO:0080121	Eukaryota	2759.0	root | cellular organisms | Eukaryota
GO:0032865	Eukaryota	2759.0	root | cellular organisms | Eukaryota
GO:0000146	cellular organisms	131567.0	root | cellular organisms
GO:0000836	Eukaryota	2759.0	root | cellular organisms | Eukaryota
GO:0034498	cellular organisms	131567.0	root | cellular organisms
GO:0070199	Opisthokonta	33154.0	root | cellular organisms | Eukaryota | Opisthokonta
GO:0062064	Eukaryota	2759.0	root | cellular organisms | Eukaryota
GO:0034455	Eukaryota	2759.0	root | cellular organisms | Eukaryota
GO:0008810	root	1.0	root
GO:1902749	Eukaryota	2759.0	root | cellular organisms | Eukaryota
GO:0017015	Bilateria	33213.0	root | cellular organisms | Eukaryota | Opisthokonta | Metazoa | Eumetazoa | Bilateria
GO:0042628	Bilateria	33213.0	root | cellular organisms | Eukaryota | Opisthokonta | Metazoa | Eumetazoa | Bilateria
GO:0103066	Unknown		
GO:0004013	cellular organisms	131567.0	root | cellular organisms
GO:1990259	cellular organisms	131567.0	root | cellular organisms
GO:0010729	Eukaryota	2759.0	root | cellular organisms | Eukaryota
GO:0102655	Unknown		
GO:0048657	Mesangiospermae	1437183.0	root | cellular organisms | Eukaryota | Viridiplantae | Streptophyta | Streptophytina | Embryophyta | Tracheophyta | Euphyllophyta | Spermatophyta | Magnoliopsida | Mesangiospermae
GO:0035524	cellular organisms	131567.0	root | cellular organisms
GO:0075733	Unknown		3470597
GO:0004034	cellular organisms	131567.0	root | cellular organisms
GO:0070062	root	1.0	root
GO:2000060	Eukaryota	2759.0	root | cellular organisms | Eukaryota
GO:0006880	Unknown		
GO:0180047	cellular organisms	131567.0	root | cellular organisms
GO:0008667	cellular organisms	131567.0	root | cellular organisms
GO:0006790	root	1.0	root
GO:0016052	root	1.0	root
GO:0008690	root	1.0	root
GO:0004148	cellular organisms	131567.0	root | cellular organisms
GO:0080073	Pentapetalae	1437201.0	root | cellular organisms | Eukaryota | Viridiplantae | Streptophyta | Streptophytina | Embryophyta | Tracheophyta | Euphyllophyta | Spermatophyta | Magnoliopsida | Mesangiospermae | eudicotyledons | Gunneridae | Pentapetalae
GO:0090050	Gnathostomata	7776.0	root | cellular organisms | Eukaryota | Opisthokonta | Metazoa | Eumetazoa | Bilateria | Deuterostomia | Chordata | Craniata | Vertebrata | Gnathostomata
GO:0010950	Bilateria	33213.0	root | cellular organisms | Eukaryota | Opisthokonta | Metazoa | Eumetazoa | Bilateria
GO:0050680	Bilateria	33213.0	root | cellular organisms | Eukaryota | Opisthokonta | Metazoa | Eumetazoa | Bilateria
GO:0000810	cellular organisms	131567.0	root | cellular organisms
GO:0047100	cellular organisms	131567.0	root | cellular organisms
GO:0000045	Eukaryota	2759.0	root | cellular organisms | Eukaryota
GO:0033097	Mesangiospermae	1437183.0	root | cellular organisms | Eukaryota | Viridiplantae | Streptophyta | Streptophytina | Embryophyta | Tracheophyta | Euphyllophyta | Spermatophyta | Magnoliopsida | Mesangiospermae
GO:0019933	Unknown		
GO:0004753	cellular organisms	131567.0	root | cellular organisms
GO:0052902	Unknown		
GO:0051973	Unknown		
GO:0044165	root	1.0	root
GO:0052740	Unknown		
GO:0015800	Eukaryota	2759.0	root | cellular organisms | Eukaryota
GO:0002182	cellular organisms	131567.0	root | cellular organisms
GO:0140823	Amniota	32524.0	root | cellular organisms | Eukaryota | Opisthokonta | Metazoa | Eumetazoa | Bilateria | Deuterostomia | Chordata | Craniata | Vertebrata | Gnathostomata | Teleostomi | Euteleostomi | Sarcopterygii | Dipnotetrapodomorpha | Tetrapoda | Amniota
GO:0016176	Eukaryota	2759.0	root | cellular organisms | Eukaryota
GO:0005471	cellular organisms	131567.0	root | cellular organisms
GO:0070336	cellular organisms	131567.0	root | cellular organisms
GO:0008139	cellular organisms	131567.0	root | cellular organisms
GO:0061632	cellular organisms	131567.0	root | cellular organisms
GO:0048023	cellular organisms	131567.0	root | cellular organisms
GO:0006895	cellular organisms	131567.0	root | cellular organisms
GO:0010039	root	1.0	root
GO:0034184	Euteleostomi	117571.0	root | cellular organisms | Eukaryota | Opisthokonta | Metazoa | Eumetazoa | Bilateria | Deuterostomia | Chordata | Craniata | Vertebrata | Gnathostomata | Teleostomi | Euteleostomi
GO:0052544	Pentapetalae	1437201.0	root | cellular organisms | Eukaryota | Viridiplantae | Streptophyta | Streptophytina | Embryophyta | Tracheophyta | Euphyllophyta | Spermatophyta | Magnoliopsida | Mesangiospermae | eudicotyledons | Gunneridae | Pentapetalae
GO:0016742	root	1.0	root
GO:0004831	root	1.0	root
GO:1902182	Arabidopsis thaliana	3702.0	root | cellular organisms | Eukaryota | Viridiplantae | Streptophyta | Streptophytina | Embryophyta | Tracheophyta | Euphyllophyta | Spermatophyta | Magnoliopsida | Mesangiospermae | eudicotyledons | Gunneridae | Pentapetalae | rosids | malvids | Brassicales | Brassicaceae | Camelineae | Arabidopsis | Arabidopsis thaliana
GO:0061689	Bilateria	33213.0	root | cellular organisms | Eukaryota | Opisthokonta | Metazoa | Eumetazoa | Bilateria
GO:0005385	cellular organisms	131567.0	root | cellular organisms
GO:0009666	Arabidopsis thaliana	3702.0	root | cellular organisms | Eukaryota | Viridiplantae | Streptophyta | Streptophytina | Embryophyta | Tracheophyta | Euphyllophyta | Spermatophyta | Magnoliopsida | Mesangiospermae | eudicotyledons | Gunneridae | Pentapetalae | rosids | malvids | Brassicales | Brassicaceae | Camelineae | Arabidopsis | Arabidopsis thaliana
GO:0032461	Opisthokonta	33154.0	root | cellular organisms | Eukaryota | Opisthokonta
GO:0005952	cellular organisms	131567.0	root | cellular organisms
GO:0035578	Boreoeutheria	1437010.0	root | cellular organisms | Eukaryota | Opisthokonta | Metazoa | Eumetazoa | Bilateria | Deuterostomia | Chordata | Craniata | Vertebrata | Gnathostomata | Teleostomi | Euteleostomi | Sarcopterygii | Dipnotetrapodomorpha | Tetrapoda | Amniota | Mammalia | Theria | Eutheria | Boreoeutheria
GO:0045281	Unknown		
GO:0008203	root	1.0	root
GO:2000010	Eukaryota	2759.0	root | cellular organisms | Eukaryota
GO:0004413	cellular organisms	131567.0	root | cellular organisms
GO:0030125	Eukaryota	2759.0	root | cellular organisms | Eukaryota
GO:0009553	Magnoliopsida	3398.0	root | cellular organisms | Eukaryota | Viridiplantae | Streptophyta | Streptophytina | Embryophyta | Tracheophyta | Euphyllophyta | Spermatophyta | Magnoliopsida
GO:0009819	Pentapetalae	1437201.0	root | cellular organisms | Eukaryota | Viridiplantae | Streptophyta | Streptophytina | Embryophyta | Tracheophyta | Euphyllophyta | Spermatophyta | Magnoliopsida | Mesangiospermae | eudicotyledons | Gunneridae | Pentapetalae
GO:0097176	cellular organisms	131567.0	root | cellular organisms
GO:0062049	Eukaryota	2759.0	root | cellular organisms | Eukaryota
GO:0005784	Eukaryota	2759.0	root | cellular organisms | Eukaryota
GO:0010274	Eukaryota	2759.0	root | cellular organisms | Eukaryota
GO:0016597	root	1.0	root
GO:0072709	Eukaryota	2759.0	root | cellular organisms | Eukaryota
GO:0006465	Unknown		
GO:0008157	cellular organisms	131567.0	root | cellular organisms
GO:0044528	cellular organisms	131567.0	root | cellular organisms
GO:0019882	cellular organisms	131567.0	root | cellular organisms
GO:0071942	Eukaryota	2759.0	root | cellular organisms | Eukaryota
GO:0047334	cellular organisms	131567.0	root | cellular organisms
GO:0032869	Eukaryota	2759.0	root | cellular organisms | Eukaryota
GO:0019388	cellular organisms	131567.0	root | cellular organisms
GO:0006353	root	1.0	root
GO:0040016	Bilateria	33213.0	root | cellular organisms | Eukaryota | Opisthokonta | Metazoa | Eumetazoa | Bilateria
GO:0006915	Eukaryota	2759.0	root | cellular organisms | Eukaryota
GO:1990452	Amniota	32524.0	root | cellular organisms | Eukaryota | Opisthokonta | Metazoa | Eumetazoa | Bilateria | Deuterostomia | Chordata | Craniata | Vertebrata | Gnathostomata | Teleostomi | Euteleostomi | Sarcopterygii | Dipnotetrapodomorpha | Tetrapoda | Amniota
GO:0045436	cellular organisms	131567.0	root | cellular organisms
GO:0102550	cellular organisms	131567.0	root | cellular organisms
GO:0090430	Embryophyta	3193.0	root | cellular organisms | Eukaryota | Viridiplantae | Streptophyta | Streptophytina | Embryophyta
GO:0032955	cellular organisms	131567.0	root | cellular organisms
GO:1903478	Unknown		
GO:0043001	cellular organisms	131567.0	root | cellular organisms
GO:1900745	Opisthokonta	33154.0	root | cellular organisms | Eukaryota | Opisthokonta
GO:0043528	cellular organisms	131567.0	root | cellular organisms
GO:0004157	cellular organisms	131567.0	root | cellular organisms
GO:0048575	Magnoliopsida	3398.0	root | cellular organisms | Eukaryota | Viridiplantae | Streptophyta | Streptophytina | Embryophyta | Tracheophyta | Euphyllophyta | Spermatophyta | Magnoliopsida
GO:0052096	Arabidopsis thaliana	3702.0	root | cellular organisms | Eukaryota | Viridiplantae | Streptophyta | Streptophytina | Embryophyta | Tracheophyta | Euphyllophyta | Spermatophyta | Magnoliopsida | Mesangiospermae | eudicotyledons | Gunneridae | Pentapetalae | rosids | malvids | Brassicales | Brassicaceae | Camelineae | Arabidopsis | Arabidopsis thaliana
GO:0034245	Eukaryota	2759.0	root | cellular organisms | Eukaryota
GO:0010328	Magnoliopsida	3398.0	root | cellular organisms | Eukaryota | Viridiplantae | Streptophyta | Streptophytina | Embryophyta | Tracheophyta | Euphyllophyta | Spermatophyta | Magnoliopsida
GO:0035254	Bilateria	33213.0	root | cellular organisms | Eukaryota | Opisthokonta | Metazoa | Eumetazoa | Bilateria
GO:0051968	Bilateria	33213.0	root | cellular organisms | Eukaryota | Opisthokonta | Metazoa | Eumetazoa | Bilateria
GO:0050693	Eukaryota	2759.0	root | cellular organisms | Eukaryota
GO:0000014	cellular organisms	131567.0	root | cellular organisms
GO:0099636	Eukaryota	2759.0	root | cellular organisms | Eukaryota
GO:0071363	Eukaryota	2759.0	root | cellular organisms | Eukaryota
GO:0045261	Unknown		
GO:0004866	cellular organisms	131567.0	root | cellular organisms
GO:0030002	Eukaryota	2759.0	root | cellular organisms | Eukaryota
GO:1903448	Spermatophyta	58024.0	root | cellular organisms | Eukaryota | Viridiplantae | Streptophyta | Streptophytina | Embryophyta | Tracheophyta | Euphyllophyta | Spermatophyta
GO:0062092	Saccharomycotina	147537.0	root | cellular organisms | Eukaryota | Opisthokonta | Fungi | Dikarya | Ascomycota | saccharomyceta | Saccharomycotina
GO:0140835	Unknown		
GO:0032757	cellular organisms	131567.0	root | cellular organisms
GO:0019058	root	1.0	root
GO:0042939	cellular organisms	131567.0	root | cellular organisms
GO:0030336	Eukaryota	2759.0	root | cellular organisms | Eukaryota
GO:0000184	Eukaryota	2759.0	root | cellular organisms | Eukaryota
GO:0006812	root	1.0	root
GO:0045332	cellular organisms	131567.0	root | cellular organisms
GO:0051365	cellular organisms	131567.0	root | cellular organisms
GO:1900244	Bilateria	33213.0	root | cellular organisms | Eukaryota | Opisthokonta | Metazoa | Eumetazoa | Bilateria
GO:0042119	Gnathostomata	7776.0	root | cellular organisms | Eukaryota | Opisthokonta | Metazoa | Eumetazoa | Bilateria | Deuterostomia | Chordata | Craniata | Vertebrata | Gnathostomata
GO:0050135	root	1.0	root
GO:0016791	root	1.0	root
GO:1904845	Euarchontoglires	314146.0	root | cellular organisms | Eukaryota | Opisthokonta | Metazoa | Eumetazoa | Bilateria | Deuterostomia | Chordata | Craniata | Vertebrata | Gnathostomata | Teleostomi | Euteleostomi | Sarcopterygii | Dipnotetrapodomorpha | Tetrapoda | Amniota | Mammalia | Theria | Eutheria | Boreoeutheria | Euarchontoglires
GO:0045918	root	1.0	root
GO:0030139	Eukaryota	2759.0	root | cellular organisms | Eukaryota
GO:0009636	root	1.0	root
GO:0034597	cellular organisms	131567.0	root | cellular organisms
GO:0048467	Magnoliopsida	3398.0	root | cellular organisms | Eukaryota | Viridiplantae | Streptophyta | Streptophytina | Embryophyta | Tracheophyta | Euphyllophyta | Spermatophyta | Magnoliopsida
GO:0018444	cellular organisms	131567.0	root | cellular organisms
GO:0034062	root	1.0	root
GO:0004766	cellular organisms	131567.0	root | cellular organisms
GO:0006656	cellular organisms	131567.0	root | cellular organisms
GO:0051510	Eukaryota	2759.0	root | cellular organisms | Eukaryota
GO:0005375	cellular organisms	131567.0	root | cellular organisms
GO:0015790	Eukaryota	2759.0	root | cellular organisms | Eukaryota
GO:1903691	Amniota	32524.0	root | cellular organisms | Eukaryota | Opisthokonta | Metazoa | Eumetazoa | Bilateria | Deuterostomia | Chordata | Craniata | Vertebrata | Gnathostomata | Teleostomi | Euteleostomi | Sarcopterygii | Dipnotetrapodomorpha | Tetrapoda | Amniota
GO:0140680	Eukaryota	2759.0	root | cellular organisms | Eukaryota
GO:0005537	root	1.0	root
GO:2000343	Bilateria	33213.0	root | cellular organisms | Eukaryota | Opisthokonta | Metazoa | Eumetazoa | Bilateria
GO:0050885	Gnathostomata	7776.0	root | cellular organisms | Eukaryota | Opisthokonta | Metazoa | Eumetazoa | Bilateria | Deuterostomia | Chordata | Craniata | Vertebrata | Gnathostomata
GO:1903427	Eukaryota	2759.0	root | cellular organisms | Eukaryota
GO:0035672	root	1.0	root
GO:0010468	root	1.0	root
GO:0010322	Eukaryota	2759.0	root | cellular organisms | Eukaryota
GO:1904881	Amniota	32524.0	root | cellular organisms | Eukaryota | Opisthokonta | Metazoa | Eumetazoa | Bilateria | Deuterostomia | Chordata | Craniata | Vertebrata | Gnathostomata | Teleostomi | Euteleostomi | Sarcopterygii | Dipnotetrapodomorpha | Tetrapoda | Amniota
GO:0060073	Amniota	32524.0	root | cellular organisms | Eukaryota | Opisthokonta | Metazoa | Eumetazoa | Bilateria | Deuterostomia | Chordata | Craniata | Vertebrata | Gnathostomata | Teleostomi | Euteleostomi | Sarcopterygii | Dipnotetrapodomorpha | Tetrapoda | Amniota
GO:0004633	cellular organisms	131567.0	root | cellular organisms
GO:0007140	Eukaryota	2759.0	root | cellular organisms | Eukaryota
GO:0000773	cellular organisms	131567.0	root | cellular organisms
GO:0060195	Eukaryota	2759.0	root | cellular organisms | Eukaryota
GO:0051123	Eukaryota	2759.0	root | cellular organisms | Eukaryota
GO:0080167	Mesangiospermae	1437183.0	root | cellular organisms | Eukaryota | Viridiplantae | Streptophyta | Streptophytina | Embryophyta | Tracheophyta | Euphyllophyta | Spermatophyta | Magnoliopsida | Mesangiospermae
GO:0045263	Unknown		
GO:2001253	Unknown		
GO:0051777	Spermatophyta	58024.0	root | cellular organisms | Eukaryota | Viridiplantae | Streptophyta | Streptophytina | Embryophyta | Tracheophyta | Euphyllophyta | Spermatophyta
GO:0007216	Opisthokonta	33154.0	root | cellular organisms | Eukaryota | Opisthokonta
GO:0016985	root	1.0	root
GO:2000480	Boreoeutheria	1437010.0	root | cellular organisms | Eukaryota | Opisthokonta | Metazoa | Eumetazoa | Bilateria | Deuterostomia | Chordata | Craniata | Vertebrata | Gnathostomata | Teleostomi | Euteleostomi | Sarcopterygii | Dipnotetrapodomorpha | Tetrapoda | Amniota | Mammalia | Theria | Eutheria | Boreoeutheria
GO:0051287	root	1.0	root
GO:0033799	Pentapetalae	1437201.0	root | cellular organisms | Eukaryota | Viridiplantae | Streptophyta | Streptophytina | Embryophyta | Tracheophyta | Euphyllophyta | Spermatophyta | Magnoliopsida | Mesangiospermae | eudicotyledons | Gunneridae | Pentapetalae
GO:0032991	root	1.0	root
GO:0099041	Eukaryota	2759.0	root | cellular organisms | Eukaryota
GO:0044818	Eukaryota	2759.0	root | cellular organisms | Eukaryota
GO:0047209	Mesangiospermae	1437183.0	root | cellular organisms | Eukaryota | Viridiplantae | Streptophyta | Streptophytina | Embryophyta | Tracheophyta | Euphyllophyta | Spermatophyta | Magnoliopsida | Mesangiospermae
GO:0008623	Eukaryota	2759.0	root | cellular organisms | Eukaryota
GO:0030728	Bilateria	33213.0	root | cellular organisms | Eukaryota | Opisthokonta | Metazoa | Eumetazoa | Bilateria
GO:0075522	root	1.0	root
GO:0015226	cellular organisms	131567.0	root | cellular organisms
GO:0032194	Unknown		
GO:0010883	Eukaryota	2759.0	root | cellular organisms | Eukaryota
GO:2000042	cellular organisms	131567.0	root | cellular organisms
GO:0004760	cellular organisms	131567.0	root | cellular organisms
GO:0005641	Eukaryota	2759.0	root | cellular organisms | Eukaryota
GO:0044208	root	1.0	root
GO:0061739	Opisthokonta	33154.0	root | cellular organisms | Eukaryota | Opisthokonta
GO:0044199	Viruses	10239.0	root | Viruses
GO:0080048	cellular organisms	131567.0	root | cellular organisms
GO:0043269	Eukaryota	2759.0	root | cellular organisms | Eukaryota
GO:0010244	Magnoliopsida	3398.0	root | cellular organisms | Eukaryota | Viridiplantae | Streptophyta | Streptophytina | Embryophyta | Tracheophyta | Euphyllophyta | Spermatophyta | Magnoliopsida
GO:0051204	Opisthokonta	33154.0	root | cellular organisms | Eukaryota | Opisthokonta
GO:0004675	cellular organisms	131567.0	root | cellular organisms
GO:1990180	Eukaryota	2759.0	root | cellular organisms | Eukaryota
GO:0007135	Eukaryota	2759.0	root | cellular organisms | Eukaryota
GO:0019373	Eukaryota	2759.0	root | cellular organisms | Eukaryota
GO:0033862	cellular organisms	131567.0	root | cellular organisms
GO:0009913	Eumetazoa	6072.0	root | cellular organisms | Eukaryota | Opisthokonta | Metazoa | Eumetazoa
GO:2000736	Bilateria	33213.0	root | cellular organisms | Eukaryota | Opisthokonta | Metazoa | Eumetazoa | Bilateria
GO:0006081	cellular organisms	131567.0	root | cellular organisms
GO:0061806	Unknown		
GO:0015677	cellular organisms	131567.0	root | cellular organisms
GO:1901536	Unknown		
GO:0090280	Bilateria	33213.0	root | cellular organisms | Eukaryota | Opisthokonta | Metazoa | Eumetazoa | Bilateria
GO:0000160	root	1.0	root
GO:0001735	cellular organisms	131567.0	root | cellular organisms
GO:1900458	Viridiplantae	33090.0	root | cellular organisms | Eukaryota | Viridiplantae
GO:0016460	cellular organisms	131567.0	root | cellular organisms
GO:0140704	Drosophila	7215.0	root | cellular organisms | Eukaryota | Opisthokonta | Metazoa | Eumetazoa | Bilateria | Protostomia | Ecdysozoa | Panarthropoda | Arthropoda | Mandibulata | Pancrustacea | Altocrustacea | Allotriocarida | Hexapoda | Insecta | Dicondylia | Pterygota | Neoptera | Eumetabola | Endopterygota | Aparaglossata | Panorpida | Diptera | Brachycera | Muscomorpha | Eremoneura | Cyclorrhapha | Schizophora | Acalyptratae | Ephydroidea | Drosophilidae | Drosophilinae | Drosophilini | Drosophila
GO:0090309	Unknown		
GO:0008419	cellular organisms	131567.0	root | cellular organisms
GO:0030295	root	1.0	root
GO:0003839	root	1.0	root
GO:0009977	cellular organisms	131567.0	root | cellular organisms
GO:0033281	cellular organisms	131567.0	root | cellular organisms
GO:0008721	cellular organisms	131567.0	root | cellular organisms
GO:1902730	Amniota	32524.0	root | cellular organisms | Eukaryota | Opisthokonta | Metazoa | Eumetazoa | Bilateria | Deuterostomia | Chordata | Craniata | Vertebrata | Gnathostomata | Teleostomi | Euteleostomi | Sarcopterygii | Dipnotetrapodomorpha | Tetrapoda | Amniota
GO:0001501	Bilateria	33213.0	root | cellular organisms | Eukaryota | Opisthokonta | Metazoa | Eumetazoa | Bilateria
GO:0004055	cellular organisms	131567.0	root | cellular organisms
GO:2000073	Unknown		
GO:0046100	cellular organisms	131567.0	root | cellular organisms
GO:0007613	Eumetazoa	6072.0	root | cellular organisms | Eukaryota | Opisthokonta | Metazoa | Eumetazoa
GO:0006301	root	1.0	root
GO:0102250	Unknown		
GO:0048451	Arabidopsis thaliana	3702.0	root | cellular organisms | Eukaryota | Viridiplantae | Streptophyta | Streptophytina | Embryophyta | Tracheophyta | Euphyllophyta | Spermatophyta | Magnoliopsida | Mesangiospermae | eudicotyledons | Gunneridae | Pentapetalae | rosids | malvids | Brassicales | Brassicaceae | Camelineae | Arabidopsis | Arabidopsis thaliana
GO:0000003	Unknown		
GO:0033192	cellular organisms	131567.0	root | cellular organisms
GO:0036085	Eukaryota	2759.0	root | cellular organisms | Eukaryota
GO:0070883	Eukaryota	2759.0	root | cellular organisms | Eukaryota
GO:0080006	Mesangiospermae	1437183.0	root | cellular organisms | Eukaryota | Viridiplantae | Streptophyta | Streptophytina | Embryophyta | Tracheophyta | Euphyllophyta | Spermatophyta | Magnoliopsida | Mesangiospermae
GO:0036258	Eukaryota	2759.0	root | cellular organisms | Eukaryota
GO:0015709	cellular organisms	131567.0	root | cellular organisms
GO:0045739	cellular organisms	131567.0	root | cellular organisms
GO:0004830	root	1.0	root
GO:0001817	root	1.0	root
GO:0014004	Euteleostomi	117571.0	root | cellular organisms | Eukaryota | Opisthokonta | Metazoa | Eumetazoa | Bilateria | Deuterostomia | Chordata | Craniata | Vertebrata | Gnathostomata | Teleostomi | Euteleostomi
GO:0042110	Vertebrata	7742.0	root | cellular organisms | Eukaryota | Opisthokonta | Metazoa | Eumetazoa | Bilateria | Deuterostomia | Chordata | Craniata | Vertebrata
GO:0048367	Viridiplantae	33090.0	root | cellular organisms | Eukaryota | Viridiplantae
GO:0006744	cellular organisms	131567.0	root | cellular organisms
GO:0060037	Euteleostomi	117571.0	root | cellular organisms | Eukaryota | Opisthokonta | Metazoa | Eumetazoa | Bilateria | Deuterostomia | Chordata | Craniata | Vertebrata | Gnathostomata | Teleostomi | Euteleostomi
GO:0140582	Eukaryota	2759.0	root | cellular organisms | Eukaryota
GO:0005997	cellular organisms	131567.0	root | cellular organisms
GO:0008179	Eukaryota	2759.0	root | cellular organisms | Eukaryota
GO:0043240	Eukaryota	2759.0	root | cellular organisms | Eukaryota
GO:0009735	Streptophytina	131221.0	root | cellular organisms | Eukaryota | Viridiplantae | Streptophyta | Streptophytina
GO:1901741	Euteleostomi	117571.0	root | cellular organisms | Eukaryota | Opisthokonta | Metazoa | Eumetazoa | Bilateria | Deuterostomia | Chordata | Craniata | Vertebrata | Gnathostomata | Teleostomi | Euteleostomi
GO:0047429	root	1.0	root
GO:0046204	Amniota	32524.0	root | cellular organisms | Eukaryota | Opisthokonta | Metazoa | Eumetazoa | Bilateria | Deuterostomia | Chordata | Craniata | Vertebrata | Gnathostomata | Teleostomi | Euteleostomi | Sarcopterygii | Dipnotetrapodomorpha | Tetrapoda | Amniota
GO:0033843	Embryophyta	3193.0	root | cellular organisms | Eukaryota | Viridiplantae | Streptophyta | Streptophytina | Embryophyta
GO:0009116	root	1.0	root
GO:0004601	root	1.0	root
GO:0018738	root	1.0	root
GO:0046428	cellular organisms	131567.0	root | cellular organisms
GO:0010330	Embryophyta	3193.0	root | cellular organisms | Eukaryota | Viridiplantae | Streptophyta | Streptophytina | Embryophyta
GO:0039592	Viruses	10239.0	root | Viruses
GO:0007033	cellular organisms	131567.0	root | cellular organisms
GO:0042761	cellular organisms	131567.0	root | cellular organisms
GO:0033721	cellular organisms	131567.0	root | cellular organisms
GO:0004568	root	1.0	root
GO:0046422	Eukaryota	2759.0	root | cellular organisms | Eukaryota
GO:0048011	Eukaryota	2759.0	root | cellular organisms | Eukaryota
GO:0006390	Eukaryota	2759.0	root | cellular organisms | Eukaryota
GO:0031072	root	1.0	root
GO:0009885	Mesangiospermae	1437183.0	root | cellular organisms | Eukaryota | Viridiplantae | Streptophyta | Streptophytina | Embryophyta | Tracheophyta | Euphyllophyta | Spermatophyta | Magnoliopsida | Mesangiospermae
GO:0007268	Opisthokonta	33154.0	root | cellular organisms | Eukaryota | Opisthokonta
GO:0110077	Bilateria	33213.0	root | cellular organisms | Eukaryota | Opisthokonta | Metazoa | Eumetazoa | Bilateria
GO:0055056	cellular organisms	131567.0	root | cellular organisms
GO:0102136	Unknown		
GO:0019778	Eukaryota	2759.0	root | cellular organisms | Eukaryota
GO:0031492	cellular organisms	131567.0	root | cellular organisms
GO:0061045	Bilateria	33213.0	root | cellular organisms | Eukaryota | Opisthokonta | Metazoa | Eumetazoa | Bilateria
GO:0046512	cellular organisms	131567.0	root | cellular organisms
GO:0008584	Bilateria	33213.0	root | cellular organisms | Eukaryota | Opisthokonta | Metazoa | Eumetazoa | Bilateria
GO:0006529	Unknown		
GO:0043268	Eukaryota	2759.0	root | cellular organisms | Eukaryota
GO:1990916	Schizosaccharomyces pombe 972h-	284812.0	root | cellular organisms | Eukaryota | Opisthokonta | Fungi | Dikarya | Ascomycota | Taphrinomycotina | Schizosaccharomycetes | Schizosaccharomycetales | Schizosaccharomycetaceae | Schizosaccharomyces | Schizosaccharomyces pombe | Schizosaccharomyces pombe 972h-
GO:0019135	cellular organisms	131567.0	root | cellular organisms
GO:0015803	cellular organisms	131567.0	root | cellular organisms
GO:0003681	cellular organisms	131567.0	root | cellular organisms
GO:0033514	Unknown		
GO:0019512	Bacteria	2.0	root | cellular organisms | Bacteria
GO:1903441	Amniota	32524.0	root | cellular organisms | Eukaryota | Opisthokonta | Metazoa | Eumetazoa | Bilateria | Deuterostomia | Chordata | Craniata | Vertebrata | Gnathostomata | Teleostomi | Euteleostomi | Sarcopterygii | Dipnotetrapodomorpha | Tetrapoda | Amniota
GO:1902325	Arabidopsis thaliana	3702.0	root | cellular organisms | Eukaryota | Viridiplantae | Streptophyta | Streptophytina | Embryophyta | Tracheophyta | Euphyllophyta | Spermatophyta | Magnoliopsida | Mesangiospermae | eudicotyledons | Gunneridae | Pentapetalae | rosids | malvids | Brassicales | Brassicaceae | Camelineae | Arabidopsis | Arabidopsis thaliana
GO:0018773	cellular organisms	131567.0	root | cellular organisms
GO:0003009	Metazoa	33208.0	root | cellular organisms | Eukaryota | Opisthokonta | Metazoa
GO:0046316	cellular organisms	131567.0	root | cellular organisms
GO:0004555	root	1.0	root
GO:0036094	root	1.0	root
GO:0032402	Deuterostomia	33511.0	root | cellular organisms | Eukaryota | Opisthokonta | Metazoa | Eumetazoa | Bilateria | Deuterostomia
GO:0001655	Bilateria	33213.0	root | cellular organisms | Eukaryota | Opisthokonta | Metazoa | Eumetazoa | Bilateria
GO:0043167	Gallus gallus	9031.0	root | cellular organisms | Eukaryota | Opisthokonta | Metazoa | Eumetazoa | Bilateria | Deuterostomia | Chordata | Craniata | Vertebrata | Gnathostomata | Teleostomi | Euteleostomi | Sarcopterygii | Dipnotetrapodomorpha | Tetrapoda | Amniota | Sauropsida | Sauria | Archelosauria | Archosauria | Dinosauria | Saurischia | Theropoda | Coelurosauria | Aves | Neognathae | Galloanserae | Galliformes | Phasianidae | Phasianinae | Gallus | Gallus gallus
GO:0030620	Eukaryota	2759.0	root | cellular organisms | Eukaryota
GO:0008126	cellular organisms	131567.0	root | cellular organisms
GO:1903006	Bilateria	33213.0	root | cellular organisms | Eukaryota | Opisthokonta | Metazoa | Eumetazoa | Bilateria
GO:0055028	cellular organisms	131567.0	root | cellular organisms
GO:1901836	Euteleostomi	117571.0	root | cellular organisms | Eukaryota | Opisthokonta | Metazoa | Eumetazoa | Bilateria | Deuterostomia | Chordata | Craniata | Vertebrata | Gnathostomata | Teleostomi | Euteleostomi
GO:0009511	Magnoliopsida	3398.0	root | cellular organisms | Eukaryota | Viridiplantae | Streptophyta | Streptophytina | Embryophyta | Tracheophyta | Euphyllophyta | Spermatophyta | Magnoliopsida
GO:1901096	Eukaryota	2759.0	root | cellular organisms | Eukaryota
GO:1990573	cellular organisms	131567.0	root | cellular organisms
GO:0070513	Metazoa	33208.0	root | cellular organisms | Eukaryota | Opisthokonta | Metazoa
GO:0033179	cellular organisms	131567.0	root | cellular organisms
GO:0003725	root	1.0	root
GO:0048671	Bilateria	33213.0	root | cellular organisms | Eukaryota | Opisthokonta | Metazoa | Eumetazoa | Bilateria
GO:2000058	Eukaryota	2759.0	root | cellular organisms | Eukaryota
GO:0060039	Tetrapoda	32523.0	root | cellular organisms | Eukaryota | Opisthokonta | Metazoa | Eumetazoa | Bilateria | Deuterostomia | Chordata | Craniata | Vertebrata | Gnathostomata | Teleostomi | Euteleostomi | Sarcopterygii | Dipnotetrapodomorpha | Tetrapoda
GO:0006587	Unknown		
GO:0045541	Chordata	7711.0	root | cellular organisms | Eukaryota | Opisthokonta | Metazoa | Eumetazoa | Bilateria | Deuterostomia | Chordata
GO:0018685	cellular organisms	131567.0	root | cellular organisms
GO:0042733	Tetrapoda	32523.0	root | cellular organisms | Eukaryota | Opisthokonta | Metazoa | Eumetazoa | Bilateria | Deuterostomia | Chordata | Craniata | Vertebrata | Gnathostomata | Teleostomi | Euteleostomi | Sarcopterygii | Dipnotetrapodomorpha | Tetrapoda
GO:0009664	Viridiplantae	33090.0	root | cellular organisms | Eukaryota | Viridiplantae
GO:1901333	Magnoliopsida	3398.0	root | cellular organisms | Eukaryota | Viridiplantae | Streptophyta | Streptophytina | Embryophyta | Tracheophyta | Euphyllophyta | Spermatophyta | Magnoliopsida
GO:0008780	cellular organisms	131567.0	root | cellular organisms
GO:0072518	Opisthokonta	33154.0	root | cellular organisms | Eukaryota | Opisthokonta
GO:1905103	Unknown		
GO:0008830	root	1.0	root
GO:0090398	Gnathostomata	7776.0	root | cellular organisms | Eukaryota | Opisthokonta | Metazoa | Eumetazoa | Bilateria | Deuterostomia | Chordata | Craniata | Vertebrata | Gnathostomata
GO:0003743	cellular organisms	131567.0	root | cellular organisms
GO:0034214	root	1.0	root
GO:0006518	cellular organisms	131567.0	root | cellular organisms
GO:0002758	Eukaryota	2759.0	root | cellular organisms | Eukaryota
GO:0051082	Unknown		
GO:0033539	cellular organisms	131567.0	root | cellular organisms
GO:0017161	Euarchontoglires	314146.0	root | cellular organisms | Eukaryota | Opisthokonta | Metazoa | Eumetazoa | Bilateria | Deuterostomia | Chordata | Craniata | Vertebrata | Gnathostomata | Teleostomi | Euteleostomi | Sarcopterygii | Dipnotetrapodomorpha | Tetrapoda | Amniota | Mammalia | Theria | Eutheria | Boreoeutheria | Euarchontoglires
GO:0034472	Eukaryota	2759.0	root | cellular organisms | Eukaryota
GO:0033650	Unknown		3470597
GO:1990381	Bilateria	33213.0	root | cellular organisms | Eukaryota | Opisthokonta | Metazoa | Eumetazoa | Bilateria
GO:0005313	cellular organisms	131567.0	root | cellular organisms
GO:0019902	Eukaryota	2759.0	root | cellular organisms | Eukaryota
GO:0019133	cellular organisms	131567.0	root | cellular organisms
GO:1901259	cellular organisms	131567.0	root | cellular organisms
GO:0090522	Eukaryota	2759.0	root | cellular organisms | Eukaryota
GO:1904182	Unknown		
GO:0008127	cellular organisms	131567.0	root | cellular organisms
GO:0097218	Magnoliopsida	3398.0	root | cellular organisms | Eukaryota | Viridiplantae | Streptophyta | Streptophytina | Embryophyta | Tracheophyta | Euphyllophyta | Spermatophyta | Magnoliopsida
GO:0010596	Amniota	32524.0	root | cellular organisms | Eukaryota | Opisthokonta | Metazoa | Eumetazoa | Bilateria | Deuterostomia | Chordata | Craniata | Vertebrata | Gnathostomata | Teleostomi | Euteleostomi | Sarcopterygii | Dipnotetrapodomorpha | Tetrapoda | Amniota
GO:0090471	cellular organisms	131567.0	root | cellular organisms
GO:0015575	Eukaryota	2759.0	root | cellular organisms | Eukaryota
GO:0140681	Eukaryota	2759.0	root | cellular organisms | Eukaryota
GO:0046148	cellular organisms	131567.0	root | cellular organisms
GO:1902017	Eukaryota	2759.0	root | cellular organisms | Eukaryota
GO:0022618	Eukaryota	2759.0	root | cellular organisms | Eukaryota
GO:0030089	cellular organisms	131567.0	root | cellular organisms
GO:0006563	cellular organisms	131567.0	root | cellular organisms
GO:0051266	cellular organisms	131567.0	root | cellular organisms
GO:0001555	Bilateria	33213.0	root | cellular organisms | Eukaryota | Opisthokonta | Metazoa | Eumetazoa | Bilateria
GO:0034203	cellular organisms	131567.0	root | cellular organisms
GO:0110001	root	1.0	root
GO:0050655	cellular organisms	131567.0	root | cellular organisms
GO:0003837	cellular organisms	131567.0	root | cellular organisms
GO:0016790	root	1.0	root
GO:0001823	Gnathostomata	7776.0	root | cellular organisms | Eukaryota | Opisthokonta | Metazoa | Eumetazoa | Bilateria | Deuterostomia | Chordata | Craniata | Vertebrata | Gnathostomata
GO:0009767	root	1.0	root
GO:0015450	cellular organisms	131567.0	root | cellular organisms
GO:0006302	root	1.0	root
GO:0006893	cellular organisms	131567.0	root | cellular organisms
GO:0016235	Eukaryota	2759.0	root | cellular organisms | Eukaryota
GO:0034237	cellular organisms	131567.0	root | cellular organisms
GO:0010617	Mesangiospermae	1437183.0	root | cellular organisms | Eukaryota | Viridiplantae | Streptophyta | Streptophytina | Embryophyta | Tracheophyta | Euphyllophyta | Spermatophyta | Magnoliopsida | Mesangiospermae
GO:0033310	Brassicaceae	3700.0	root | cellular organisms | Eukaryota | Viridiplantae | Streptophyta | Streptophytina | Embryophyta | Tracheophyta | Euphyllophyta | Spermatophyta | Magnoliopsida | Mesangiospermae | eudicotyledons | Gunneridae | Pentapetalae | rosids | malvids | Brassicales | Brassicaceae
GO:0051966	Eumetazoa	6072.0	root | cellular organisms | Eukaryota | Opisthokonta | Metazoa | Eumetazoa
GO:0015706	root	1.0	root
GO:0003887	Unknown		3470597
GO:0045836	Eukaryota	2759.0	root | cellular organisms | Eukaryota
GO:0002237	Eukaryota	2759.0	root | cellular organisms | Eukaryota
GO:0030378	cellular organisms	131567.0	root | cellular organisms
GO:0051920	cellular organisms	131567.0	root | cellular organisms
GO:0039540	Viruses	10239.0	root | Viruses
GO:0005669	Eukaryota	2759.0	root | cellular organisms | Eukaryota
GO:0071561	Eukaryota	2759.0	root | cellular organisms | Eukaryota
GO:0006476	cellular organisms	131567.0	root | cellular organisms
GO:0004719	root	1.0	root
GO:0047341	cellular organisms	131567.0	root | cellular organisms
GO:0001401	Eukaryota	2759.0	root | cellular organisms | Eukaryota
GO:0051723	cellular organisms	131567.0	root | cellular organisms
GO:0010965	Eukaryota	2759.0	root | cellular organisms | Eukaryota
GO:0003774	cellular organisms	131567.0	root | cellular organisms
GO:0019008	Unknown		
GO:0007173	cellular organisms	131567.0	root | cellular organisms
GO:0031765	Euteleostomi	117571.0	root | cellular organisms | Eukaryota | Opisthokonta | Metazoa | Eumetazoa | Bilateria | Deuterostomia | Chordata | Craniata | Vertebrata | Gnathostomata | Teleostomi | Euteleostomi
GO:0071107	Amniota	32524.0	root | cellular organisms | Eukaryota | Opisthokonta | Metazoa | Eumetazoa | Bilateria | Deuterostomia | Chordata | Craniata | Vertebrata | Gnathostomata | Teleostomi | Euteleostomi | Sarcopterygii | Dipnotetrapodomorpha | Tetrapoda | Amniota
GO:0009769	rosids	71275.0	root | cellular organisms | Eukaryota | Viridiplantae | Streptophyta | Streptophytina | Embryophyta | Tracheophyta | Euphyllophyta | Spermatophyta | Magnoliopsida | Mesangiospermae | eudicotyledons | Gunneridae | Pentapetalae | rosids
GO:0046776	Viruses	10239.0	root | Viruses
GO:1903459	Fungi	4751.0	root | cellular organisms | Eukaryota | Opisthokonta | Fungi
GO:0061157	cellular organisms	131567.0	root | cellular organisms
GO:0140581	cellular organisms	131567.0	root | cellular organisms
GO:0042565	Eukaryota	2759.0	root | cellular organisms | Eukaryota
GO:0007610	Unknown		
GO:0060918	Magnoliopsida	3398.0	root | cellular organisms | Eukaryota | Viridiplantae | Streptophyta | Streptophytina | Embryophyta | Tracheophyta | Euphyllophyta | Spermatophyta | Magnoliopsida
GO:0010223	Magnoliopsida	3398.0	root | cellular organisms | Eukaryota | Viridiplantae | Streptophyta | Streptophytina | Embryophyta | Tracheophyta | Euphyllophyta | Spermatophyta | Magnoliopsida
GO:1901684	cellular organisms	131567.0	root | cellular organisms
GO:0102251	Viridiplantae	33090.0	root | cellular organisms | Eukaryota | Viridiplantae
GO:0010822	Unknown		
GO:0032441	cellular organisms	131567.0	root | cellular organisms
GO:0102872	Unknown		
GO:0046784	Unknown		
GO:0050421	root	1.0	root
GO:0045860	Opisthokonta	33154.0	root | cellular organisms | Eukaryota | Opisthokonta
GO:0018026	Eukaryota	2759.0	root | cellular organisms | Eukaryota
GO:0006084	cellular organisms	131567.0	root | cellular organisms
GO:0019236	Eukaryota	2759.0	root | cellular organisms | Eukaryota
GO:0050882	Amniota	32524.0	root | cellular organisms | Eukaryota | Opisthokonta | Metazoa | Eumetazoa | Bilateria | Deuterostomia | Chordata | Craniata | Vertebrata | Gnathostomata | Teleostomi | Euteleostomi | Sarcopterygii | Dipnotetrapodomorpha | Tetrapoda | Amniota
GO:0016310	root	1.0	root
GO:0015279	Eukaryota	2759.0	root | cellular organisms | Eukaryota
GO:1901957	Embryophyta	3193.0	root | cellular organisms | Eukaryota | Viridiplantae | Streptophyta | Streptophytina | Embryophyta
GO:0030514	Opisthokonta	33154.0	root | cellular organisms | Eukaryota | Opisthokonta
GO:0034088	Eukaryota	2759.0	root | cellular organisms | Eukaryota
GO:0005925	cellular organisms	131567.0	root | cellular organisms
GO:1901562	cellular organisms	131567.0	root | cellular organisms
GO:0098686	Mammalia	40674.0	root | cellular organisms | Eukaryota | Opisthokonta | Metazoa | Eumetazoa | Bilateria | Deuterostomia | Chordata | Craniata | Vertebrata | Gnathostomata | Teleostomi | Euteleostomi | Sarcopterygii | Dipnotetrapodomorpha | Tetrapoda | Amniota | Mammalia
GO:0009948	Eukaryota	2759.0	root | cellular organisms | Eukaryota
GO:0090691	Arabidopsis thaliana	3702.0	root | cellular organisms | Eukaryota | Viridiplantae | Streptophyta | Streptophytina | Embryophyta | Tracheophyta | Euphyllophyta | Spermatophyta | Magnoliopsida | Mesangiospermae | eudicotyledons | Gunneridae | Pentapetalae | rosids | malvids | Brassicales | Brassicaceae | Camelineae | Arabidopsis | Arabidopsis thaliana
GO:0032480	root	1.0	root
GO:0006778	cellular organisms	131567.0	root | cellular organisms
GO:1904980	Bilateria	33213.0	root | cellular organisms | Eukaryota | Opisthokonta | Metazoa | Eumetazoa | Bilateria
GO:0044571	cellular organisms	131567.0	root | cellular organisms
GO:0061179	Amniota	32524.0	root | cellular organisms | Eukaryota | Opisthokonta | Metazoa | Eumetazoa | Bilateria | Deuterostomia | Chordata | Craniata | Vertebrata | Gnathostomata | Teleostomi | Euteleostomi | Sarcopterygii | Dipnotetrapodomorpha | Tetrapoda | Amniota
GO:0010518	cellular organisms	131567.0	root | cellular organisms
GO:0009555	Embryophyta	3193.0	root | cellular organisms | Eukaryota | Viridiplantae | Streptophyta | Streptophytina | Embryophyta
GO:0000306	Unknown		
GO:0052895	Unknown		
GO:0031087	cellular organisms	131567.0	root | cellular organisms
GO:0003044	Amniota	32524.0	root | cellular organisms | Eukaryota | Opisthokonta | Metazoa | Eumetazoa | Bilateria | Deuterostomia | Chordata | Craniata | Vertebrata | Gnathostomata | Teleostomi | Euteleostomi | Sarcopterygii | Dipnotetrapodomorpha | Tetrapoda | Amniota
GO:0120161	Amniota	32524.0	root | cellular organisms | Eukaryota | Opisthokonta | Metazoa | Eumetazoa | Bilateria | Deuterostomia | Chordata | Craniata | Vertebrata | Gnathostomata | Teleostomi | Euteleostomi | Sarcopterygii | Dipnotetrapodomorpha | Tetrapoda | Amniota
GO:0000736	Eukaryota	2759.0	root | cellular organisms | Eukaryota
GO:0050992	cellular organisms	131567.0	root | cellular organisms
GO:0046103	cellular organisms	131567.0	root | cellular organisms
GO:0048608	Eukaryota	2759.0	root | cellular organisms | Eukaryota
GO:0006836	Metazoa	33208.0	root | cellular organisms | Eukaryota | Opisthokonta | Metazoa
GO:0015780	Eukaryota	2759.0	root | cellular organisms | Eukaryota
GO:0042299	Pentapetalae	1437201.0	root | cellular organisms | Eukaryota | Viridiplantae | Streptophyta | Streptophytina | Embryophyta | Tracheophyta | Euphyllophyta | Spermatophyta | Magnoliopsida | Mesangiospermae | eudicotyledons | Gunneridae | Pentapetalae
GO:0006306	Unknown		
GO:0032993	root	1.0	root
GO:0045239	Unknown		
GO:0007271	Eumetazoa	6072.0	root | cellular organisms | Eukaryota | Opisthokonta | Metazoa | Eumetazoa
GO:0010206	cellular organisms	131567.0	root | cellular organisms
GO:0000266	cellular organisms	131567.0	root | cellular organisms
GO:1901430	Arabidopsis thaliana	3702.0	root | cellular organisms | Eukaryota | Viridiplantae | Streptophyta | Streptophytina | Embryophyta | Tracheophyta | Euphyllophyta | Spermatophyta | Magnoliopsida | Mesangiospermae | eudicotyledons | Gunneridae | Pentapetalae | rosids | malvids | Brassicales | Brassicaceae | Camelineae | Arabidopsis | Arabidopsis thaliana
GO:0005262	cellular organisms	131567.0	root | cellular organisms
GO:0015079	root	1.0	root
GO:0098015	Caudoviricetes	2731619.0	root | Viruses | Duplodnaviria | Heunggongvirae | Uroviricota | Caudoviricetes
GO:0006513	root	1.0	root
GO:0033553	cellular organisms	131567.0	root | cellular organisms
GO:0033185	Eukaryota	2759.0	root | cellular organisms | Eukaryota
GO:0035511	Unknown		
GO:0072711	cellular organisms	131567.0	root | cellular organisms
GO:1990547	cellular organisms	131567.0	root | cellular organisms
GO:1903175	Magnoliopsida	3398.0	root | cellular organisms | Eukaryota | Viridiplantae | Streptophyta | Streptophytina | Embryophyta | Tracheophyta | Euphyllophyta | Spermatophyta | Magnoliopsida
GO:0047958	Eukaryota	2759.0	root | cellular organisms | Eukaryota
GO:0051500	cellular organisms	131567.0	root | cellular organisms
GO:0043325	cellular organisms	131567.0	root | cellular organisms
GO:0000323	Eukaryota	2759.0	root | cellular organisms | Eukaryota
GO:0015145	cellular organisms	131567.0	root | cellular organisms
GO:0071556	Unknown		
GO:0006635	root	1.0	root
GO:0018879	Euarchontoglires	314146.0	root | cellular organisms | Eukaryota | Opisthokonta | Metazoa | Eumetazoa | Bilateria | Deuterostomia | Chordata | Craniata | Vertebrata | Gnathostomata | Teleostomi | Euteleostomi | Sarcopterygii | Dipnotetrapodomorpha | Tetrapoda | Amniota | Mammalia | Theria | Eutheria | Boreoeutheria | Euarchontoglires
GO:0009957	Bilateria	33213.0	root | cellular organisms | Eukaryota | Opisthokonta | Metazoa | Eumetazoa | Bilateria
GO:0047130	cellular organisms	131567.0	root | cellular organisms
GO:0009312	cellular organisms	131567.0	root | cellular organisms
GO:0009557	Arabidopsis thaliana	3702.0	root | cellular organisms | Eukaryota | Viridiplantae | Streptophyta | Streptophytina | Embryophyta | Tracheophyta | Euphyllophyta | Spermatophyta | Magnoliopsida | Mesangiospermae | eudicotyledons | Gunneridae | Pentapetalae | rosids | malvids | Brassicales | Brassicaceae | Camelineae | Arabidopsis | Arabidopsis thaliana
GO:0007608	Eumetazoa	6072.0	root | cellular organisms | Eukaryota | Opisthokonta | Metazoa | Eumetazoa
GO:0008893	root	1.0	root
GO:0043266	Eukaryota	2759.0	root | cellular organisms | Eukaryota
GO:0140759	Amniota	32524.0	root | cellular organisms | Eukaryota | Opisthokonta | Metazoa | Eumetazoa | Bilateria | Deuterostomia | Chordata | Craniata | Vertebrata | Gnathostomata | Teleostomi | Euteleostomi | Sarcopterygii | Dipnotetrapodomorpha | Tetrapoda | Amniota
GO:0046540	Eukaryota	2759.0	root | cellular organisms | Eukaryota
GO:0008057	Bilateria	33213.0	root | cellular organisms | Eukaryota | Opisthokonta | Metazoa | Eumetazoa | Bilateria
GO:0110050	cellular organisms	131567.0	root | cellular organisms
GO:0010521	Eukaryota	2759.0	root | cellular organisms | Eukaryota
GO:0008703	root	1.0	root
GO:0045487	Mesangiospermae	1437183.0	root | cellular organisms | Eukaryota | Viridiplantae | Streptophyta | Streptophytina | Embryophyta | Tracheophyta | Euphyllophyta | Spermatophyta | Magnoliopsida | Mesangiospermae
GO:0080148	Magnoliopsida	3398.0	root | cellular organisms | Eukaryota | Viridiplantae | Streptophyta | Streptophytina | Embryophyta | Tracheophyta | Euphyllophyta | Spermatophyta | Magnoliopsida
GO:0045785	cellular organisms	131567.0	root | cellular organisms
GO:0003755	root	1.0	root
GO:0015995	cellular organisms	131567.0	root | cellular organisms
GO:1903026	Homo sapiens	9606.0	root | cellular organisms | Eukaryota | Opisthokonta | Metazoa | Eumetazoa | Bilateria | Deuterostomia | Chordata | Craniata | Vertebrata | Gnathostomata | Teleostomi | Euteleostomi | Sarcopterygii | Dipnotetrapodomorpha | Tetrapoda | Amniota | Mammalia | Theria | Eutheria | Boreoeutheria | Euarchontoglires | Primates | Haplorrhini | Simiiformes | Catarrhini | Hominoidea | Hominidae | Homininae | Homo | Homo sapiens
GO:0005686	Eukaryota	2759.0	root | cellular organisms | Eukaryota
GO:0016899	root	1.0	root
GO:0046825	Eukaryota	2759.0	root | cellular organisms | Eukaryota
GO:0016783	cellular organisms	131567.0	root | cellular organisms
GO:0042583	Gnathostomata	7776.0	root | cellular organisms | Eukaryota | Opisthokonta | Metazoa | Eumetazoa | Bilateria | Deuterostomia | Chordata | Craniata | Vertebrata | Gnathostomata
GO:0006311	Opisthokonta	33154.0	root | cellular organisms | Eukaryota | Opisthokonta
GO:0009831	Brassicaceae	3700.0	root | cellular organisms | Eukaryota | Viridiplantae | Streptophyta | Streptophytina | Embryophyta | Tracheophyta | Euphyllophyta | Spermatophyta | Magnoliopsida | Mesangiospermae | eudicotyledons | Gunneridae | Pentapetalae | rosids | malvids | Brassicales | Brassicaceae
GO:0048260	Opisthokonta	33154.0	root | cellular organisms | Eukaryota | Opisthokonta
GO:0004823	root	1.0	root
GO:0031942	Eukaryota	2759.0	root | cellular organisms | Eukaryota
GO:0031076	Euteleostomi	117571.0	root | cellular organisms | Eukaryota | Opisthokonta | Metazoa | Eumetazoa | Bilateria | Deuterostomia | Chordata | Craniata | Vertebrata | Gnathostomata | Teleostomi | Euteleostomi
GO:2000069	Arabidopsis thaliana	3702.0	root | cellular organisms | Eukaryota | Viridiplantae | Streptophyta | Streptophytina | Embryophyta | Tracheophyta | Euphyllophyta | Spermatophyta | Magnoliopsida | Mesangiospermae | eudicotyledons | Gunneridae | Pentapetalae | rosids | malvids | Brassicales | Brassicaceae | Camelineae | Arabidopsis | Arabidopsis thaliana
GO:0034719	Eukaryota	2759.0	root | cellular organisms | Eukaryota
GO:0045770	Arabidopsis thaliana	3702.0	root | cellular organisms | Eukaryota | Viridiplantae | Streptophyta | Streptophytina | Embryophyta | Tracheophyta | Euphyllophyta | Spermatophyta | Magnoliopsida | Mesangiospermae | eudicotyledons | Gunneridae | Pentapetalae | rosids | malvids | Brassicales | Brassicaceae | Camelineae | Arabidopsis | Arabidopsis thaliana
GO:0004124	root	1.0	root
GO:0009258	cellular organisms	131567.0	root | cellular organisms
GO:0001729	cellular organisms	131567.0	root | cellular organisms
GO:0000444	cellular organisms	131567.0	root | cellular organisms
GO:0045540	Eukaryota	2759.0	root | cellular organisms | Eukaryota
GO:0010155	Eukaryota	2759.0	root | cellular organisms | Eukaryota
GO:0034775	cellular organisms	131567.0	root | cellular organisms
GO:0000302	root	1.0	root
GO:0039693	Unknown		3470597
GO:0090058	Mesangiospermae	1437183.0	root | cellular organisms | Eukaryota | Viridiplantae | Streptophyta | Streptophytina | Embryophyta | Tracheophyta | Euphyllophyta | Spermatophyta | Magnoliopsida | Mesangiospermae
GO:0006614	cellular organisms	131567.0	root | cellular organisms
GO:0017124	root	1.0	root
GO:0031461	cellular organisms	131567.0	root | cellular organisms
GO:0009926	Streptophyta	35493.0	root | cellular organisms | Eukaryota | Viridiplantae | Streptophyta
GO:0003094	Eumetazoa	6072.0	root | cellular organisms | Eukaryota | Opisthokonta | Metazoa | Eumetazoa
GO:1904750	Opisthokonta	33154.0	root | cellular organisms | Eukaryota | Opisthokonta
GO:1904274	Bilateria	33213.0	root | cellular organisms | Eukaryota | Opisthokonta | Metazoa | Eumetazoa | Bilateria
GO:0005747	Unknown		
GO:0006189	root	1.0	root
GO:0030880	cellular organisms	131567.0	root | cellular organisms
GO:0016323	Eukaryota	2759.0	root | cellular organisms | Eukaryota
GO:0030513	Eumetazoa	6072.0	root | cellular organisms | Eukaryota | Opisthokonta | Metazoa | Eumetazoa
GO:1904757	Caenorhabditis elegans	6239.0	root | cellular organisms | Eukaryota | Opisthokonta | Metazoa | Eumetazoa | Bilateria | Protostomia | Ecdysozoa | Nematoda | Chromadorea | Rhabditida | Rhabditina | Rhabditomorpha | Rhabditoidea | Rhabditidae | Peloderinae | Caenorhabditis | Caenorhabditis elegans
GO:0070813	cellular organisms	131567.0	root | cellular organisms
GO:0030917	Euteleostomi	117571.0	root | cellular organisms | Eukaryota | Opisthokonta | Metazoa | Eumetazoa | Bilateria | Deuterostomia | Chordata | Craniata | Vertebrata | Gnathostomata | Teleostomi | Euteleostomi
GO:0035515	cellular organisms	131567.0	root | cellular organisms
GO:0051851	Eukaryota	2759.0	root | cellular organisms | Eukaryota
GO:0007030	cellular organisms	131567.0	root | cellular organisms
GO:0070646	cellular organisms	131567.0	root | cellular organisms
GO:0042562	cellular organisms	131567.0	root | cellular organisms
GO:0050833	Eukaryota	2759.0	root | cellular organisms | Eukaryota
GO:0004651	root	1.0	root
GO:0035925	root	1.0	root
GO:0052861	cellular organisms	131567.0	root | cellular organisms
GO:1904049	Amniota	32524.0	root | cellular organisms | Eukaryota | Opisthokonta | Metazoa | Eumetazoa | Bilateria | Deuterostomia | Chordata | Craniata | Vertebrata | Gnathostomata | Teleostomi | Euteleostomi | Sarcopterygii | Dipnotetrapodomorpha | Tetrapoda | Amniota
GO:0004048	cellular organisms	131567.0	root | cellular organisms
GO:0030149	cellular organisms	131567.0	root | cellular organisms
GO:0036104	cellular organisms	131567.0	root | cellular organisms
GO:0032570	Euteleostomi	117571.0	root | cellular organisms | Eukaryota | Opisthokonta | Metazoa | Eumetazoa | Bilateria | Deuterostomia | Chordata | Craniata | Vertebrata | Gnathostomata | Teleostomi | Euteleostomi
GO:0015693	cellular organisms	131567.0	root | cellular organisms
GO:0009649	cellular organisms	131567.0	root | cellular organisms
GO:0051719	Eukaryota	2759.0	root | cellular organisms | Eukaryota
GO:0008843	root	1.0	root
GO:0009782	Embryophyta	3193.0	root | cellular organisms | Eukaryota | Viridiplantae | Streptophyta | Streptophytina | Embryophyta
GO:0038084	Vertebrata	7742.0	root | cellular organisms | Eukaryota | Opisthokonta | Metazoa | Eumetazoa | Bilateria | Deuterostomia | Chordata | Craniata | Vertebrata
GO:0071339	Eukaryota	2759.0	root | cellular organisms | Eukaryota
GO:0031012	root	1.0	root
GO:0045787	cellular organisms	131567.0	root | cellular organisms
GO:0000331	Eukaryota	2759.0	root | cellular organisms | Eukaryota
GO:0000055	Eukaryota	2759.0	root | cellular organisms | Eukaryota
GO:0009972	Unknown		
GO:0042343	Arabidopsis thaliana	3702.0	root | cellular organisms | Eukaryota | Viridiplantae | Streptophyta | Streptophytina | Embryophyta | Tracheophyta | Euphyllophyta | Spermatophyta | Magnoliopsida | Mesangiospermae | eudicotyledons | Gunneridae | Pentapetalae | rosids | malvids | Brassicales | Brassicaceae | Camelineae | Arabidopsis | Arabidopsis thaliana
GO:1900067	Streptophytina	131221.0	root | cellular organisms | Eukaryota | Viridiplantae | Streptophyta | Streptophytina
GO:0042307	Eukaryota	2759.0	root | cellular organisms | Eukaryota
GO:0001099	Unknown		
GO:0018859	cellular organisms	131567.0	root | cellular organisms
GO:0110102	cellular organisms	131567.0	root | cellular organisms
GO:0009723	Eukaryota	2759.0	root | cellular organisms | Eukaryota
GO:0102009	root	1.0	root
GO:0050218	cellular organisms	131567.0	root | cellular organisms
GO:1905789	Rhabditida	6236.0	root | cellular organisms | Eukaryota | Opisthokonta | Metazoa | Eumetazoa | Bilateria | Protostomia | Ecdysozoa | Nematoda | Chromadorea | Rhabditida
GO:0046862	Mesangiospermae	1437183.0	root | cellular organisms | Eukaryota | Viridiplantae | Streptophyta | Streptophytina | Embryophyta | Tracheophyta | Euphyllophyta | Spermatophyta | Magnoliopsida | Mesangiospermae
GO:0034497	Eukaryota	2759.0	root | cellular organisms | Eukaryota
GO:0090603	Arabidopsis thaliana	3702.0	root | cellular organisms | Eukaryota | Viridiplantae | Streptophyta | Streptophytina | Embryophyta | Tracheophyta | Euphyllophyta | Spermatophyta | Magnoliopsida | Mesangiospermae | eudicotyledons | Gunneridae | Pentapetalae | rosids | malvids | Brassicales | Brassicaceae | Camelineae | Arabidopsis | Arabidopsis thaliana
GO:0004367	Unknown		
GO:0097655	root	1.0	root
GO:0051219	cellular organisms	131567.0	root | cellular organisms
GO:0043630	Unknown		
GO:0021869	Amniota	32524.0	root | cellular organisms | Eukaryota | Opisthokonta | Metazoa | Eumetazoa | Bilateria | Deuterostomia | Chordata | Craniata | Vertebrata | Gnathostomata | Teleostomi | Euteleostomi | Sarcopterygii | Dipnotetrapodomorpha | Tetrapoda | Amniota
GO:1900111	Unknown		
GO:0006874	cellular organisms	131567.0	root | cellular organisms
GO:0008081	root	1.0	root
GO:0048738	Bilateria	33213.0	root | cellular organisms | Eukaryota | Opisthokonta | Metazoa | Eumetazoa | Bilateria
GO:0046718	Unknown		3470597
GO:0060965	root	1.0	root
GO:0044719	Drosophila	7215.0	root | cellular organisms | Eukaryota | Opisthokonta | Metazoa | Eumetazoa | Bilateria | Protostomia | Ecdysozoa | Panarthropoda | Arthropoda | Mandibulata | Pancrustacea | Altocrustacea | Allotriocarida | Hexapoda | Insecta | Dicondylia | Pterygota | Neoptera | Eumetabola | Endopterygota | Aparaglossata | Panorpida | Diptera | Brachycera | Muscomorpha | Eremoneura | Cyclorrhapha | Schizophora | Acalyptratae | Ephydroidea | Drosophilidae | Drosophilinae | Drosophilini | Drosophila
GO:0000906	root	1.0	root
GO:0071323	Mesangiospermae	1437183.0	root | cellular organisms | Eukaryota | Viridiplantae | Streptophyta | Streptophytina | Embryophyta | Tracheophyta | Euphyllophyta | Spermatophyta | Magnoliopsida | Mesangiospermae
GO:0039523	Viruses	10239.0	root | Viruses
GO:0047215	Mesangiospermae	1437183.0	root | cellular organisms | Eukaryota | Viridiplantae | Streptophyta | Streptophytina | Embryophyta | Tracheophyta | Euphyllophyta | Spermatophyta | Magnoliopsida | Mesangiospermae
GO:0046905	cellular organisms	131567.0	root | cellular organisms
GO:0031505	Fungi	4751.0	root | cellular organisms | Eukaryota | Opisthokonta | Fungi
GO:0051967	Bilateria	33213.0	root | cellular organisms | Eukaryota | Opisthokonta | Metazoa | Eumetazoa | Bilateria
GO:0003341	Eukaryota	2759.0	root | cellular organisms | Eukaryota
GO:0000151	root	1.0	root
GO:0031016	Vertebrata	7742.0	root | cellular organisms | Eukaryota | Opisthokonta | Metazoa | Eumetazoa | Bilateria | Deuterostomia | Chordata | Craniata | Vertebrata
GO:0006742	cellular organisms	131567.0	root | cellular organisms
GO:0051428	Eukaryota	2759.0	root | cellular organisms | Eukaryota
GO:0051209	Eukaryota	2759.0	root | cellular organisms | Eukaryota
GO:0002953	root	1.0	root
GO:0006555	cellular organisms	131567.0	root | cellular organisms
GO:0016423	cellular organisms	131567.0	root | cellular organisms
GO:0009901	Magnoliopsida	3398.0	root | cellular organisms | Eukaryota | Viridiplantae | Streptophyta | Streptophytina | Embryophyta | Tracheophyta | Euphyllophyta | Spermatophyta | Magnoliopsida
GO:0035034	root	1.0	root
GO:0043138	root	1.0	root
GO:0000304	cellular organisms	131567.0	root | cellular organisms
GO:0043972	Unknown		
GO:1990575	Eukaryota	2759.0	root | cellular organisms | Eukaryota
GO:0008502	Eukaryota	2759.0	root | cellular organisms | Eukaryota
GO:0043626	Eukaryota	2759.0	root | cellular organisms | Eukaryota
GO:0080172	Arabidopsis thaliana	3702.0	root | cellular organisms | Eukaryota | Viridiplantae | Streptophyta | Streptophytina | Embryophyta | Tracheophyta | Euphyllophyta | Spermatophyta | Magnoliopsida | Mesangiospermae | eudicotyledons | Gunneridae | Pentapetalae | rosids | malvids | Brassicales | Brassicaceae | Camelineae | Arabidopsis | Arabidopsis thaliana
GO:0016233	Eukaryota	2759.0	root | cellular organisms | Eukaryota
GO:0070262	cellular organisms	131567.0	root | cellular organisms
GO:1905037	Eukaryota	2759.0	root | cellular organisms | Eukaryota
GO:0031957	cellular organisms	131567.0	root | cellular organisms
GO:1902857	Bilateria	33213.0	root | cellular organisms | Eukaryota | Opisthokonta | Metazoa | Eumetazoa | Bilateria
GO:0009674	Pentapetalae	1437201.0	root | cellular organisms | Eukaryota | Viridiplantae | Streptophyta | Streptophytina | Embryophyta | Tracheophyta | Euphyllophyta | Spermatophyta | Magnoliopsida | Mesangiospermae | eudicotyledons | Gunneridae | Pentapetalae
GO:0034067	cellular organisms	131567.0	root | cellular organisms
GO:0051391	cellular organisms	131567.0	root | cellular organisms
GO:0042464	Ecdysozoa	1206794.0	root | cellular organisms | Eukaryota | Opisthokonta | Metazoa | Eumetazoa | Bilateria | Protostomia | Ecdysozoa
GO:0003992	cellular organisms	131567.0	root | cellular organisms
GO:0007369	Eumetazoa	6072.0	root | cellular organisms | Eukaryota | Opisthokonta | Metazoa | Eumetazoa
GO:0004527	Unknown		3470597
GO:0007129	Eukaryota	2759.0	root | cellular organisms | Eukaryota
GO:0006782	Unknown		
GO:0097157	Eukaryota	2759.0	root | cellular organisms | Eukaryota
GO:0004317	Unknown		
GO:0010880	Eukaryota	2759.0	root | cellular organisms | Eukaryota
GO:0008595	Bilateria	33213.0	root | cellular organisms | Eukaryota | Opisthokonta | Metazoa | Eumetazoa | Bilateria
GO:0015211	cellular organisms	131567.0	root | cellular organisms
GO:0042254	root	1.0	root
GO:0051351	cellular organisms	131567.0	root | cellular organisms
GO:0070139	cellular organisms	131567.0	root | cellular organisms
GO:0071806	root	1.0	root
GO:0031511	cellular organisms	131567.0	root | cellular organisms
GO:0048016	Unknown		
GO:1902803	Bilateria	33213.0	root | cellular organisms | Eukaryota | Opisthokonta | Metazoa | Eumetazoa | Bilateria
GO:0000028	cellular organisms	131567.0	root | cellular organisms
GO:0010422	Brassicaceae	3700.0	root | cellular organisms | Eukaryota | Viridiplantae | Streptophyta | Streptophytina | Embryophyta | Tracheophyta | Euphyllophyta | Spermatophyta | Magnoliopsida | Mesangiospermae | eudicotyledons | Gunneridae | Pentapetalae | rosids | malvids | Brassicales | Brassicaceae
GO:0008889	root	1.0	root
GO:0033354	cellular organisms	131567.0	root | cellular organisms
GO:0000956	cellular organisms	131567.0	root | cellular organisms
GO:0015591	cellular organisms	131567.0	root | cellular organisms
GO:0008794	cellular organisms	131567.0	root | cellular organisms
GO:0042288	root	1.0	root
GO:0032040	Eukaryota	2759.0	root | cellular organisms | Eukaryota
GO:0047322	Eukaryota	2759.0	root | cellular organisms | Eukaryota
GO:0003864	cellular organisms	131567.0	root | cellular organisms
GO:0106312	cellular organisms	131567.0	root | cellular organisms
GO:0032328	cellular organisms	131567.0	root | cellular organisms
GO:0035308	Unknown		
GO:0035653	Eukaryota	2759.0	root | cellular organisms | Eukaryota
GO:0003917	root	1.0	root
GO:0034355	cellular organisms	131567.0	root | cellular organisms
GO:0035514	Eukaryota	2759.0	root | cellular organisms | Eukaryota
GO:0044794	Eukaryota	2759.0	root | cellular organisms | Eukaryota
GO:0009945	Embryophyta	3193.0	root | cellular organisms | Eukaryota | Viridiplantae | Streptophyta | Streptophytina | Embryophyta
GO:0045596	cellular organisms	131567.0	root | cellular organisms
GO:0004962	Chordata	7711.0	root | cellular organisms | Eukaryota | Opisthokonta | Metazoa | Eumetazoa | Bilateria | Deuterostomia | Chordata
GO:0045471	cellular organisms	131567.0	root | cellular organisms
GO:0060271	Eukaryota	2759.0	root | cellular organisms | Eukaryota
GO:0039554	Viruses	10239.0	root | Viruses
GO:0042659	Eukaryota	2759.0	root | cellular organisms | Eukaryota
GO:0036377	Streptophytina	131221.0	root | cellular organisms | Eukaryota | Viridiplantae | Streptophyta | Streptophytina
GO:0001819	cellular organisms	131567.0	root | cellular organisms
GO:0001836	Opisthokonta	33154.0	root | cellular organisms | Eukaryota | Opisthokonta
GO:0010124	cellular organisms	131567.0	root | cellular organisms
GO:0031153	Dictyostelia	33083.0	root | cellular organisms | Eukaryota | Amoebozoa | Evosea | Eumycetozoa | Dictyostelia
GO:1905162	Eukaryota	2759.0	root | cellular organisms | Eukaryota
GO:0099159	Amniota	32524.0	root | cellular organisms | Eukaryota | Opisthokonta | Metazoa | Eumetazoa | Bilateria | Deuterostomia | Chordata | Craniata | Vertebrata | Gnathostomata | Teleostomi | Euteleostomi | Sarcopterygii | Dipnotetrapodomorpha | Tetrapoda | Amniota
GO:0034440	cellular organisms	131567.0	root | cellular organisms
GO:0050750	Eumetazoa	6072.0	root | cellular organisms | Eukaryota | Opisthokonta | Metazoa | Eumetazoa
GO:0061857	Euteleostomi	117571.0	root | cellular organisms | Eukaryota | Opisthokonta | Metazoa | Eumetazoa | Bilateria | Deuterostomia | Chordata | Craniata | Vertebrata | Gnathostomata | Teleostomi | Euteleostomi
GO:0010608	root	1.0	root
GO:0004791	root	1.0	root
GO:0019441	Unknown		
GO:0006617	cellular organisms	131567.0	root | cellular organisms
GO:1901347	Brassicaceae	3700.0	root | cellular organisms | Eukaryota | Viridiplantae | Streptophyta | Streptophytina | Embryophyta | Tracheophyta | Euphyllophyta | Spermatophyta | Magnoliopsida | Mesangiospermae | eudicotyledons | Gunneridae | Pentapetalae | rosids | malvids | Brassicales | Brassicaceae
GO:0048440	Magnoliopsida	3398.0	root | cellular organisms | Eukaryota | Viridiplantae | Streptophyta | Streptophytina | Embryophyta | Tracheophyta | Euphyllophyta | Spermatophyta | Magnoliopsida
GO:0010256	Eukaryota	2759.0	root | cellular organisms | Eukaryota
GO:0006383	cellular organisms	131567.0	root | cellular organisms
GO:0043009	Chordata	7711.0	root | cellular organisms | Eukaryota | Opisthokonta | Metazoa | Eumetazoa | Bilateria | Deuterostomia | Chordata
GO:1904115	Eumetazoa	6072.0	root | cellular organisms | Eukaryota | Opisthokonta | Metazoa | Eumetazoa
GO:0106286	cellular organisms	131567.0	root | cellular organisms
GO:0004742	cellular organisms	131567.0	root | cellular organisms
GO:0061749	cellular organisms	131567.0	root | cellular organisms
GO:0000940	Eukaryota	2759.0	root | cellular organisms | Eukaryota
GO:0008705	cellular organisms	131567.0	root | cellular organisms
GO:0070402	root	1.0	root
GO:0001936	Amniota	32524.0	root | cellular organisms | Eukaryota | Opisthokonta | Metazoa | Eumetazoa | Bilateria | Deuterostomia | Chordata | Craniata | Vertebrata | Gnathostomata | Teleostomi | Euteleostomi | Sarcopterygii | Dipnotetrapodomorpha | Tetrapoda | Amniota
GO:0102420	Unknown		
GO:0071592	Eukaryota	2759.0	root | cellular organisms | Eukaryota
GO:0005662	Eukaryota	2759.0	root | cellular organisms | Eukaryota
GO:0043966	Unknown		
GO:0046429	cellular organisms	131567.0	root | cellular organisms
GO:0090416	Eukaryota	2759.0	root | cellular organisms | Eukaryota
GO:0071105	Amniota	32524.0	root | cellular organisms | Eukaryota | Opisthokonta | Metazoa | Eumetazoa | Bilateria | Deuterostomia | Chordata | Craniata | Vertebrata | Gnathostomata | Teleostomi | Euteleostomi | Sarcopterygii | Dipnotetrapodomorpha | Tetrapoda | Amniota
GO:0070569	root	1.0	root
GO:0001760	root	1.0	root
GO:0140312	Eukaryota	2759.0	root | cellular organisms | Eukaryota
GO:0010255	Eukaryota	2759.0	root | cellular organisms | Eukaryota
GO:0033105	Bacteria	2.0	root | cellular organisms | Bacteria
GO:0070198	cellular organisms	131567.0	root | cellular organisms
GO:0030177	Eukaryota	2759.0	root | cellular organisms | Eukaryota
GO:0045910	cellular organisms	131567.0	root | cellular organisms
GO:0004581	cellular organisms	131567.0	root | cellular organisms
GO:1901753	Amniota	32524.0	root | cellular organisms | Eukaryota | Opisthokonta | Metazoa | Eumetazoa | Bilateria | Deuterostomia | Chordata | Craniata | Vertebrata | Gnathostomata | Teleostomi | Euteleostomi | Sarcopterygii | Dipnotetrapodomorpha | Tetrapoda | Amniota
GO:0102293	Unknown		
GO:0010198	Arabidopsis thaliana	3702.0	root | cellular organisms | Eukaryota | Viridiplantae | Streptophyta | Streptophytina | Embryophyta | Tracheophyta | Euphyllophyta | Spermatophyta | Magnoliopsida | Mesangiospermae | eudicotyledons | Gunneridae | Pentapetalae | rosids | malvids | Brassicales | Brassicaceae | Camelineae | Arabidopsis | Arabidopsis thaliana
GO:0032006	cellular organisms	131567.0	root | cellular organisms
GO:0032131	cellular organisms	131567.0	root | cellular organisms
GO:0007596	Chordata	7711.0	root | cellular organisms | Eukaryota | Opisthokonta | Metazoa | Eumetazoa | Bilateria | Deuterostomia | Chordata
GO:0106313	cellular organisms	131567.0	root | cellular organisms
GO:0006397	root	1.0	root
GO:0048438	Arabidopsis thaliana	3702.0	root | cellular organisms | Eukaryota | Viridiplantae | Streptophyta | Streptophytina | Embryophyta | Tracheophyta | Euphyllophyta | Spermatophyta | Magnoliopsida | Mesangiospermae | eudicotyledons | Gunneridae | Pentapetalae | rosids | malvids | Brassicales | Brassicaceae | Camelineae | Arabidopsis | Arabidopsis thaliana
GO:0016102	cellular organisms	131567.0	root | cellular organisms
GO:0061605	cellular organisms	131567.0	root | cellular organisms
GO:0010872	Unknown		
GO:0033557	Eukaryota	2759.0	root | cellular organisms | Eukaryota
GO:0038007	Eukaryota	2759.0	root | cellular organisms | Eukaryota
GO:0016074	Eukaryota	2759.0	root | cellular organisms | Eukaryota
GO:0010445	Streptophytina	131221.0	root | cellular organisms | Eukaryota | Viridiplantae | Streptophyta | Streptophytina
GO:0043204	Eumetazoa	6072.0	root | cellular organisms | Eukaryota | Opisthokonta | Metazoa | Eumetazoa
GO:1990391	cellular organisms	131567.0	root | cellular organisms
GO:0070990	Eukaryota	2759.0	root | cellular organisms | Eukaryota
GO:0002082	cellular organisms	131567.0	root | cellular organisms
GO:0008515	Eukaryota	2759.0	root | cellular organisms | Eukaryota
GO:0043765	cellular organisms	131567.0	root | cellular organisms
GO:0071040	Eukaryota	2759.0	root | cellular organisms | Eukaryota
GO:0048046	Viridiplantae	33090.0	root | cellular organisms | Eukaryota | Viridiplantae
GO:0045335	cellular organisms	131567.0	root | cellular organisms
GO:0008760	cellular organisms	131567.0	root | cellular organisms
GO:1903409	Eukaryota	2759.0	root | cellular organisms | Eukaryota
GO:0090693	Mesangiospermae	1437183.0	root | cellular organisms | Eukaryota | Viridiplantae | Streptophyta | Streptophytina | Embryophyta | Tracheophyta | Euphyllophyta | Spermatophyta | Magnoliopsida | Mesangiospermae
GO:0004737	cellular organisms	131567.0	root | cellular organisms
GO:0034614	cellular organisms	131567.0	root | cellular organisms
GO:0001139	Unknown		
GO:0072687	Opisthokonta	33154.0	root | cellular organisms | Eukaryota | Opisthokonta
GO:0042450	Unknown		
GO:0033730	cellular organisms	131567.0	root | cellular organisms
GO:0043562	cellular organisms	131567.0	root | cellular organisms
GO:0051106	Unknown		
GO:0006974	root	1.0	root
GO:0008272	Unknown		
GO:1905011	Mesangiospermae	1437183.0	root | cellular organisms | Eukaryota | Viridiplantae | Streptophyta | Streptophytina | Embryophyta | Tracheophyta | Euphyllophyta | Spermatophyta | Magnoliopsida | Mesangiospermae
GO:0030964	cellular organisms	131567.0	root | cellular organisms
GO:0019674	root	1.0	root
GO:0010288	cellular organisms	131567.0	root | cellular organisms
GO:0030735	cellular organisms	131567.0	root | cellular organisms
GO:0035459	cellular organisms	131567.0	root | cellular organisms
GO:0005691	Eukaryota	2759.0	root | cellular organisms | Eukaryota
GO:0009368	cellular organisms	131567.0	root | cellular organisms
GO:0016574	Unknown		
GO:0061760	Eukaryota	2759.0	root | cellular organisms | Eukaryota
GO:0045130	Bilateria	33213.0	root | cellular organisms | Eukaryota | Opisthokonta | Metazoa | Eumetazoa | Bilateria
GO:0009331	cellular organisms	131567.0	root | cellular organisms
GO:0031666	Euteleostomi	117571.0	root | cellular organisms | Eukaryota | Opisthokonta | Metazoa | Eumetazoa | Bilateria | Deuterostomia | Chordata | Craniata | Vertebrata | Gnathostomata | Teleostomi | Euteleostomi
GO:0010183	Viridiplantae	33090.0	root | cellular organisms | Eukaryota | Viridiplantae
GO:0017017	root	1.0	root
GO:0042587	Opisthokonta	33154.0	root | cellular organisms | Eukaryota | Opisthokonta
GO:0060097	Eukaryota	2759.0	root | cellular organisms | Eukaryota
GO:0030170	root	1.0	root
GO:0000375	Eukaryota	2759.0	root | cellular organisms | Eukaryota
GO:0045273	cellular organisms	131567.0	root | cellular organisms
GO:0032509	cellular organisms	131567.0	root | cellular organisms
GO:0003735	root	1.0	root
GO:0008612	cellular organisms	131567.0	root | cellular organisms
GO:0055062	Eukaryota	2759.0	root | cellular organisms | Eukaryota
GO:0021854	Euteleostomi	117571.0	root | cellular organisms | Eukaryota | Opisthokonta | Metazoa | Eumetazoa | Bilateria | Deuterostomia | Chordata | Craniata | Vertebrata | Gnathostomata | Teleostomi | Euteleostomi
GO:0070404	cellular organisms	131567.0	root | cellular organisms
GO:0039648	Unknown		3470597
GO:0032010	Eukaryota	2759.0	root | cellular organisms | Eukaryota
GO:0004877	Euarchontoglires	314146.0	root | cellular organisms | Eukaryota | Opisthokonta | Metazoa | Eumetazoa | Bilateria | Deuterostomia | Chordata | Craniata | Vertebrata | Gnathostomata | Teleostomi | Euteleostomi | Sarcopterygii | Dipnotetrapodomorpha | Tetrapoda | Amniota | Mammalia | Theria | Eutheria | Boreoeutheria | Euarchontoglires
GO:0098505	Eukaryota	2759.0	root | cellular organisms | Eukaryota
GO:0006678	Euteleostomi	117571.0	root | cellular organisms | Eukaryota | Opisthokonta | Metazoa | Eumetazoa | Bilateria | Deuterostomia | Chordata | Craniata | Vertebrata | Gnathostomata | Teleostomi | Euteleostomi
GO:0070285	Bilateria	33213.0	root | cellular organisms | Eukaryota | Opisthokonta | Metazoa | Eumetazoa | Bilateria
GO:0070922	Bilateria	33213.0	root | cellular organisms | Eukaryota | Opisthokonta | Metazoa | Eumetazoa | Bilateria
GO:0006314	root	1.0	root
GO:0032210	Eukaryota	2759.0	root | cellular organisms | Eukaryota
GO:0000801	Eukaryota	2759.0	root | cellular organisms | Eukaryota
GO:0006166	root	1.0	root
GO:0001002	Eukaryota	2759.0	root | cellular organisms | Eukaryota
GO:0036009	cellular organisms	131567.0	root | cellular organisms
GO:0050918	cellular organisms	131567.0	root | cellular organisms
GO:0004386	Unknown		1554481
GO:0004239	cellular organisms	131567.0	root | cellular organisms
GO:0072201	Euteleostomi	117571.0	root | cellular organisms | Eukaryota | Opisthokonta | Metazoa | Eumetazoa | Bilateria | Deuterostomia | Chordata | Craniata | Vertebrata | Gnathostomata | Teleostomi | Euteleostomi
GO:0044829	Bilateria	33213.0	root | cellular organisms | Eukaryota | Opisthokonta | Metazoa | Eumetazoa | Bilateria
GO:0070318	Chordata	7711.0	root | cellular organisms | Eukaryota | Opisthokonta | Metazoa | Eumetazoa | Bilateria | Deuterostomia | Chordata
GO:0051574	Unknown		
GO:0044204	Unknown		3470597
GO:0060866	Arabidopsis thaliana	3702.0	root | cellular organisms | Eukaryota | Viridiplantae | Streptophyta | Streptophytina | Embryophyta | Tracheophyta | Euphyllophyta | Spermatophyta | Magnoliopsida | Mesangiospermae | eudicotyledons | Gunneridae | Pentapetalae | rosids | malvids | Brassicales | Brassicaceae | Camelineae | Arabidopsis | Arabidopsis thaliana
GO:0045735	cellular organisms	131567.0	root | cellular organisms
GO:0008808	cellular organisms	131567.0	root | cellular organisms
GO:0005975	root	1.0	root
GO:0042775	Eukaryota	2759.0	root | cellular organisms | Eukaryota
GO:0035065	Unknown		
GO:0010686	Tracheophyta	58023.0	root | cellular organisms | Eukaryota | Viridiplantae | Streptophyta | Streptophytina | Embryophyta | Tracheophyta
GO:0010669	Eukaryota	2759.0	root | cellular organisms | Eukaryota
GO:0090376	Gossypium	3633.0	root | cellular organisms | Eukaryota | Viridiplantae | Streptophyta | Streptophytina | Embryophyta | Tracheophyta | Euphyllophyta | Spermatophyta | Magnoliopsida | Mesangiospermae | eudicotyledons | Gunneridae | Pentapetalae | rosids | malvids | Malvales | Malvaceae | Malvoideae | Gossypium
GO:0042758	cellular organisms	131567.0	root | cellular organisms
GO:0001709	Eukaryota	2759.0	root | cellular organisms | Eukaryota
GO:0060339	Euteleostomi	117571.0	root | cellular organisms | Eukaryota | Opisthokonta | Metazoa | Eumetazoa | Bilateria | Deuterostomia | Chordata | Craniata | Vertebrata | Gnathostomata | Teleostomi | Euteleostomi
GO:0043419	cellular organisms	131567.0	root | cellular organisms
GO:0051281	Eukaryota	2759.0	root | cellular organisms | Eukaryota
GO:0016444	Eukaryota	2759.0	root | cellular organisms | Eukaryota
GO:0001553	Tetrapoda	32523.0	root | cellular organisms | Eukaryota | Opisthokonta | Metazoa | Eumetazoa | Bilateria | Deuterostomia | Chordata | Craniata | Vertebrata | Gnathostomata | Teleostomi | Euteleostomi | Sarcopterygii | Dipnotetrapodomorpha | Tetrapoda
GO:0035485	cellular organisms	131567.0	root | cellular organisms
GO:0006421	cellular organisms	131567.0	root | cellular organisms
GO:0001786	cellular organisms	131567.0	root | cellular organisms
GO:0000827	Eukaryota	2759.0	root | cellular organisms | Eukaryota
GO:0070577	Unknown		
GO:0016311	cellular organisms	131567.0	root | cellular organisms
GO:0070574	cellular organisms	131567.0	root | cellular organisms
GO:1903224	Danio rerio	7955.0	root | cellular organisms | Eukaryota | Opisthokonta | Metazoa | Eumetazoa | Bilateria | Deuterostomia | Chordata | Craniata | Vertebrata | Gnathostomata | Teleostomi | Euteleostomi | Actinopterygii | Actinopteri | Neopterygii | Teleostei | Osteoglossocephalai | Clupeocephala | Otomorpha | Ostariophysi | Otophysi | Cypriniphysae | Cypriniformes | Cyprinoidei | Danionidae | Danioninae | Danio | Danio rerio
GO:0009880	Eukaryota	2759.0	root | cellular organisms | Eukaryota
GO:0071588	Magnoliopsida	3398.0	root | cellular organisms | Eukaryota | Viridiplantae | Streptophyta | Streptophytina | Embryophyta | Tracheophyta | Euphyllophyta | Spermatophyta | Magnoliopsida
GO:0002184	cellular organisms	131567.0	root | cellular organisms
GO:0006183	root	1.0	root
GO:0098655	root	1.0	root
GO:0102786	Unknown		
GO:0048586	Magnoliopsida	3398.0	root | cellular organisms | Eukaryota | Viridiplantae | Streptophyta | Streptophytina | Embryophyta | Tracheophyta | Euphyllophyta | Spermatophyta | Magnoliopsida
GO:0034379	Amniota	32524.0	root | cellular organisms | Eukaryota | Opisthokonta | Metazoa | Eumetazoa | Bilateria | Deuterostomia | Chordata | Craniata | Vertebrata | Gnathostomata | Teleostomi | Euteleostomi | Sarcopterygii | Dipnotetrapodomorpha | Tetrapoda | Amniota
GO:0045740	root	1.0	root
GO:0038039	Eukaryota	2759.0	root | cellular organisms | Eukaryota
GO:0010940	Unknown		
GO:0039646	Unknown		3470597
GO:0007065	Eukaryota	2759.0	root | cellular organisms | Eukaryota
GO:0048479	Magnoliopsida	3398.0	root | cellular organisms | Eukaryota | Viridiplantae | Streptophyta | Streptophytina | Embryophyta | Tracheophyta | Euphyllophyta | Spermatophyta | Magnoliopsida
GO:0093002	Rhabditida	6236.0	root | cellular organisms | Eukaryota | Opisthokonta | Metazoa | Eumetazoa | Bilateria | Protostomia | Ecdysozoa | Nematoda | Chromadorea | Rhabditida
GO:0004160	cellular organisms	131567.0	root | cellular organisms
GO:0045490	root	1.0	root
GO:0000390	cellular organisms	131567.0	root | cellular organisms
GO:0071025	cellular organisms	131567.0	root | cellular organisms
GO:0009617	cellular organisms	131567.0	root | cellular organisms
GO:0009113	root	1.0	root
GO:0015854	cellular organisms	131567.0	root | cellular organisms
GO:0102841	Unknown		
GO:0071006	Eukaryota	2759.0	root | cellular organisms | Eukaryota
GO:0043651	Eukaryota	2759.0	root | cellular organisms | Eukaryota
GO:0016407	root	1.0	root
GO:0000053	Unknown		
GO:0005703	Diptera	7147.0	root | cellular organisms | Eukaryota | Opisthokonta | Metazoa | Eumetazoa | Bilateria | Protostomia | Ecdysozoa | Panarthropoda | Arthropoda | Mandibulata | Pancrustacea | Altocrustacea | Allotriocarida | Hexapoda | Insecta | Dicondylia | Pterygota | Neoptera | Eumetabola | Endopterygota | Aparaglossata | Panorpida | Diptera
GO:0018149	Eumetazoa	6072.0	root | cellular organisms | Eukaryota | Opisthokonta | Metazoa | Eumetazoa
GO:0010364	Mesangiospermae	1437183.0	root | cellular organisms | Eukaryota | Viridiplantae | Streptophyta | Streptophytina | Embryophyta | Tracheophyta | Euphyllophyta | Spermatophyta | Magnoliopsida | Mesangiospermae
GO:0102406	Eukaryota	2759.0	root | cellular organisms | Eukaryota
GO:0043186	cellular organisms	131567.0	root | cellular organisms
GO:0048576	Mesangiospermae	1437183.0	root | cellular organisms | Eukaryota | Viridiplantae | Streptophyta | Streptophytina | Embryophyta | Tracheophyta | Euphyllophyta | Spermatophyta | Magnoliopsida | Mesangiospermae
GO:0009884	Pentapetalae	1437201.0	root | cellular organisms | Eukaryota | Viridiplantae | Streptophyta | Streptophytina | Embryophyta | Tracheophyta | Euphyllophyta | Spermatophyta | Magnoliopsida | Mesangiospermae | eudicotyledons | Gunneridae | Pentapetalae
GO:0031588	cellular organisms	131567.0	root | cellular organisms
GO:0006412	cellular organisms	131567.0	root | cellular organisms
GO:0016607	Eukaryota	2759.0	root | cellular organisms | Eukaryota
GO:0060211	Eukaryota	2759.0	root | cellular organisms | Eukaryota
GO:0004035	root	1.0	root
GO:0007202	Unknown		
GO:1904090	Amniota	32524.0	root | cellular organisms | Eukaryota | Opisthokonta | Metazoa | Eumetazoa | Bilateria | Deuterostomia | Chordata | Craniata | Vertebrata | Gnathostomata | Teleostomi | Euteleostomi | Sarcopterygii | Dipnotetrapodomorpha | Tetrapoda | Amniota
GO:0000153	Amniota	32524.0	root | cellular organisms | Eukaryota | Opisthokonta | Metazoa | Eumetazoa | Bilateria | Deuterostomia | Chordata | Craniata | Vertebrata | Gnathostomata | Teleostomi | Euteleostomi | Sarcopterygii | Dipnotetrapodomorpha | Tetrapoda | Amniota
GO:0043995	Eukaryota	2759.0	root | cellular organisms | Eukaryota
GO:0032790	root	1.0	root
GO:0042753	cellular organisms	131567.0	root | cellular organisms
GO:0044853	Eukaryota	2759.0	root | cellular organisms | Eukaryota
GO:0015141	cellular organisms	131567.0	root | cellular organisms
GO:0019752	cellular organisms	131567.0	root | cellular organisms
GO:0047066	Eukaryota	2759.0	root | cellular organisms | Eukaryota
GO:0001700	Endopterygota	33392.0	root | cellular organisms | Eukaryota | Opisthokonta | Metazoa | Eumetazoa | Bilateria | Protostomia | Ecdysozoa | Panarthropoda | Arthropoda | Mandibulata | Pancrustacea | Altocrustacea | Allotriocarida | Hexapoda | Insecta | Dicondylia | Pterygota | Neoptera | Eumetabola | Endopterygota
GO:0007306	Bilateria	33213.0	root | cellular organisms | Eukaryota | Opisthokonta | Metazoa | Eumetazoa | Bilateria
GO:0071425	Chordata	7711.0	root | cellular organisms | Eukaryota | Opisthokonta | Metazoa | Eumetazoa | Bilateria | Deuterostomia | Chordata
GO:1904812	cellular organisms	131567.0	root | cellular organisms
GO:0102056	Unknown		
GO:0009738	cellular organisms	131567.0	root | cellular organisms
GO:2000905	Unknown		
GO:0031902	Eukaryota	2759.0	root | cellular organisms | Eukaryota
GO:0031167	root	1.0	root
GO:1905912	Euarchontoglires	314146.0	root | cellular organisms | Eukaryota | Opisthokonta | Metazoa | Eumetazoa | Bilateria | Deuterostomia | Chordata | Craniata | Vertebrata | Gnathostomata | Teleostomi | Euteleostomi | Sarcopterygii | Dipnotetrapodomorpha | Tetrapoda | Amniota | Mammalia | Theria | Eutheria | Boreoeutheria | Euarchontoglires
GO:0071037	Eukaryota	2759.0	root | cellular organisms | Eukaryota
GO:0009982	root	1.0	root
GO:0044648	Unknown		
GO:0030335	cellular organisms	131567.0	root | cellular organisms
GO:0002526	Euteleostomi	117571.0	root | cellular organisms | Eukaryota | Opisthokonta | Metazoa | Eumetazoa | Bilateria | Deuterostomia | Chordata | Craniata | Vertebrata | Gnathostomata | Teleostomi | Euteleostomi
GO:0004735	cellular organisms	131567.0	root | cellular organisms
GO:0006265	root	1.0	root
GO:0035064	Unknown		
GO:0035195	root	1.0	root
GO:0016126	root	1.0	root
GO:0047918	cellular organisms	131567.0	root | cellular organisms
GO:0042126	root	1.0	root
GO:0004795	root	1.0	root
GO:0015810	cellular organisms	131567.0	root | cellular organisms
GO:2000845	Euteleostomi	117571.0	root | cellular organisms | Eukaryota | Opisthokonta | Metazoa | Eumetazoa | Bilateria | Deuterostomia | Chordata | Craniata | Vertebrata | Gnathostomata | Teleostomi | Euteleostomi
GO:1901509	Amniota	32524.0	root | cellular organisms | Eukaryota | Opisthokonta | Metazoa | Eumetazoa | Bilateria | Deuterostomia | Chordata | Craniata | Vertebrata | Gnathostomata | Teleostomi | Euteleostomi | Sarcopterygii | Dipnotetrapodomorpha | Tetrapoda | Amniota
GO:0080140	Arabidopsis thaliana	3702.0	root | cellular organisms | Eukaryota | Viridiplantae | Streptophyta | Streptophytina | Embryophyta | Tracheophyta | Euphyllophyta | Spermatophyta | Magnoliopsida | Mesangiospermae | eudicotyledons | Gunneridae | Pentapetalae | rosids | malvids | Brassicales | Brassicaceae | Camelineae | Arabidopsis | Arabidopsis thaliana
GO:0034720	Unknown		
GO:0008930	cellular organisms	131567.0	root | cellular organisms
GO:0045821	Eukaryota	2759.0	root | cellular organisms | Eukaryota
GO:0003747	cellular organisms	131567.0	root | cellular organisms
GO:0004176	root	1.0	root
GO:0061136	cellular organisms	131567.0	root | cellular organisms
GO:0006264	Eukaryota	2759.0	root | cellular organisms | Eukaryota
GO:0102965	cellular organisms	131567.0	root | cellular organisms
GO:2000147	cellular organisms	131567.0	root | cellular organisms
GO:0009501	Viridiplantae	33090.0	root | cellular organisms | Eukaryota | Viridiplantae
GO:0019787	cellular organisms	131567.0	root | cellular organisms
GO:0006405	cellular organisms	131567.0	root | cellular organisms
GO:0061715	Unknown		
GO:0045792	Eukaryota	2759.0	root | cellular organisms | Eukaryota
GO:0033611	cellular organisms	131567.0	root | cellular organisms
GO:0061387	Eukaryota	2759.0	root | cellular organisms | Eukaryota
GO:0043253	Viridiplantae	33090.0	root | cellular organisms | Eukaryota | Viridiplantae
GO:0048856	Unknown		
GO:0000124	Eukaryota	2759.0	root | cellular organisms | Eukaryota
GO:0043254	cellular organisms	131567.0	root | cellular organisms
GO:1904744	Unknown		
GO:0071031	Eukaryota	2759.0	root | cellular organisms | Eukaryota
GO:0008445	cellular organisms	131567.0	root | cellular organisms
GO:0102351	Unknown		
GO:0016811	root	1.0	root
GO:0015802	cellular organisms	131567.0	root | cellular organisms
GO:0031267	root	1.0	root
GO:1901038	Arabidopsis thaliana	3702.0	root | cellular organisms | Eukaryota | Viridiplantae | Streptophyta | Streptophytina | Embryophyta | Tracheophyta | Euphyllophyta | Spermatophyta | Magnoliopsida | Mesangiospermae | eudicotyledons | Gunneridae | Pentapetalae | rosids | malvids | Brassicales | Brassicaceae | Camelineae | Arabidopsis | Arabidopsis thaliana
GO:0010172	Bilateria	33213.0	root | cellular organisms | Eukaryota | Opisthokonta | Metazoa | Eumetazoa | Bilateria
GO:0031380	Eukaryota	2759.0	root | cellular organisms | Eukaryota
GO:0004075	cellular organisms	131567.0	root | cellular organisms
GO:1901329	Euteleostomi	117571.0	root | cellular organisms | Eukaryota | Opisthokonta | Metazoa | Eumetazoa | Bilateria | Deuterostomia | Chordata | Craniata | Vertebrata | Gnathostomata | Teleostomi | Euteleostomi
GO:0016480	Eukaryota	2759.0	root | cellular organisms | Eukaryota
GO:0010390	Unknown		
GO:0031000	Eukaryota	2759.0	root | cellular organisms | Eukaryota
GO:0009102	cellular organisms	131567.0	root | cellular organisms
GO:0008544	Metazoa	33208.0	root | cellular organisms | Eukaryota | Opisthokonta | Metazoa
GO:0007178	cellular organisms	131567.0	root | cellular organisms
GO:0010479	Arabidopsis thaliana	3702.0	root | cellular organisms | Eukaryota | Viridiplantae | Streptophyta | Streptophytina | Embryophyta | Tracheophyta | Euphyllophyta | Spermatophyta | Magnoliopsida | Mesangiospermae | eudicotyledons | Gunneridae | Pentapetalae | rosids | malvids | Brassicales | Brassicaceae | Camelineae | Arabidopsis | Arabidopsis thaliana
GO:0004818	cellular organisms	131567.0	root | cellular organisms
GO:0016843	cellular organisms	131567.0	root | cellular organisms
GO:0047763	Eukaryota	2759.0	root | cellular organisms | Eukaryota
GO:0032743	Tetrapoda	32523.0	root | cellular organisms | Eukaryota | Opisthokonta | Metazoa | Eumetazoa | Bilateria | Deuterostomia | Chordata | Craniata | Vertebrata | Gnathostomata | Teleostomi | Euteleostomi | Sarcopterygii | Dipnotetrapodomorpha | Tetrapoda
GO:0140647	cellular organisms	131567.0	root | cellular organisms
GO:0045814	root	1.0	root
GO:0009513	Streptophytina	131221.0	root | cellular organisms | Eukaryota | Viridiplantae | Streptophyta | Streptophytina
GO:0030574	cellular organisms	131567.0	root | cellular organisms
GO:0016558	cellular organisms	131567.0	root | cellular organisms
GO:0044220	Unknown		3470597
GO:0071256	Opisthokonta	33154.0	root | cellular organisms | Eukaryota | Opisthokonta
GO:0043409	cellular organisms	131567.0	root | cellular organisms
GO:0008589	Eumetazoa	6072.0	root | cellular organisms | Eukaryota | Opisthokonta | Metazoa | Eumetazoa
GO:0042285	cellular organisms	131567.0	root | cellular organisms
GO:0061927	Eukaryota	2759.0	root | cellular organisms | Eukaryota
GO:0006382	cellular organisms	131567.0	root | cellular organisms
GO:0009253	root	1.0	root
GO:0006679	cellular organisms	131567.0	root | cellular organisms
GO:0019276	Eukaryota	2759.0	root | cellular organisms | Eukaryota
GO:0140496	Eukaryota	2759.0	root | cellular organisms | Eukaryota
GO:0006398	root	1.0	root
GO:0039593	Viruses	10239.0	root | Viruses
GO:0043456	cellular organisms	131567.0	root | cellular organisms
GO:0030688	cellular organisms	131567.0	root | cellular organisms
GO:0042813	cellular organisms	131567.0	root | cellular organisms
GO:0051019	Eukaryota	2759.0	root | cellular organisms | Eukaryota
GO:0015867	cellular organisms	131567.0	root | cellular organisms
GO:0006884	cellular organisms	131567.0	root | cellular organisms
GO:0055037	Eukaryota	2759.0	root | cellular organisms | Eukaryota
GO:0004499	cellular organisms	131567.0	root | cellular organisms
GO:0030126	Eukaryota	2759.0	root | cellular organisms | Eukaryota
GO:0005845	Unknown		
GO:0051315	Eukaryota	2759.0	root | cellular organisms | Eukaryota
GO:0004834	cellular organisms	131567.0	root | cellular organisms
GO:0016316	Eukaryota	2759.0	root | cellular organisms | Eukaryota
GO:0010452	Unknown		
GO:0070260	cellular organisms	131567.0	root | cellular organisms
GO:0102342	Unknown		
GO:1990879	Eukaryota	2759.0	root | cellular organisms | Eukaryota
GO:0036408	Opisthokonta	33154.0	root | cellular organisms | Eukaryota | Opisthokonta
GO:0002098	cellular organisms	131567.0	root | cellular organisms
GO:0070987	cellular organisms	131567.0	root | cellular organisms
GO:0005672	Eukaryota	2759.0	root | cellular organisms | Eukaryota
GO:0007528	cellular organisms	131567.0	root | cellular organisms
GO:0019896	Eumetazoa	6072.0	root | cellular organisms | Eukaryota | Opisthokonta | Metazoa | Eumetazoa
GO:0071257	Eukaryota	2759.0	root | cellular organisms | Eukaryota
GO:0030277	Eukaryota	2759.0	root | cellular organisms | Eukaryota
GO:0004400	cellular organisms	131567.0	root | cellular organisms
GO:0042574	cellular organisms	131567.0	root | cellular organisms
GO:0032177	Saccharomycotina	147537.0	root | cellular organisms | Eukaryota | Opisthokonta | Fungi | Dikarya | Ascomycota | saccharomyceta | Saccharomycotina
GO:0004180	root	1.0	root
GO:0035005	Eukaryota	2759.0	root | cellular organisms | Eukaryota
GO:0032574	root	1.0	root
GO:0004056	cellular organisms	131567.0	root | cellular organisms
GO:0042729	Eukaryota	2759.0	root | cellular organisms | Eukaryota
GO:0018312	Unknown		
GO:0046076	cellular organisms	131567.0	root | cellular organisms
GO:0002018	Euarchontoglires	314146.0	root | cellular organisms | Eukaryota | Opisthokonta | Metazoa | Eumetazoa | Bilateria | Deuterostomia | Chordata | Craniata | Vertebrata | Gnathostomata | Teleostomi | Euteleostomi | Sarcopterygii | Dipnotetrapodomorpha | Tetrapoda | Amniota | Mammalia | Theria | Eutheria | Boreoeutheria | Euarchontoglires
GO:0032593	Gnathostomata	7776.0	root | cellular organisms | Eukaryota | Opisthokonta | Metazoa | Eumetazoa | Bilateria | Deuterostomia | Chordata | Craniata | Vertebrata | Gnathostomata
GO:0009067	cellular organisms	131567.0	root | cellular organisms
GO:0032974	Eukaryota	2759.0	root | cellular organisms | Eukaryota
GO:0003919	cellular organisms	131567.0	root | cellular organisms
GO:0005689	Eukaryota	2759.0	root | cellular organisms | Eukaryota
GO:0031359	Unknown		
GO:0010120	malvids	91836.0	root | cellular organisms | Eukaryota | Viridiplantae | Streptophyta | Streptophytina | Embryophyta | Tracheophyta | Euphyllophyta | Spermatophyta | Magnoliopsida | Mesangiospermae | eudicotyledons | Gunneridae | Pentapetalae | rosids | malvids
GO:0036292	Unknown		
GO:0098876	Eukaryota	2759.0	root | cellular organisms | Eukaryota
GO:0090023	cellular organisms	131567.0	root | cellular organisms
GO:0005773	cellular organisms	131567.0	root | cellular organisms
GO:1903614	Unknown		
GO:1905301	Dictyostelia	33083.0	root | cellular organisms | Eukaryota | Amoebozoa | Evosea | Eumycetozoa | Dictyostelia
GO:0042128	root	1.0	root
GO:0009515	Viridiplantae	33090.0	root | cellular organisms | Eukaryota | Viridiplantae
GO:0047484	Eukaryota	2759.0	root | cellular organisms | Eukaryota
GO:0061484	Eukaryota	2759.0	root | cellular organisms | Eukaryota
GO:0008734	cellular organisms	131567.0	root | cellular organisms
GO:0033617	Eukaryota	2759.0	root | cellular organisms | Eukaryota
GO:0033014	cellular organisms	131567.0	root | cellular organisms
GO:0019279	Unknown		
GO:0006278	root	1.0	root
GO:0031116	Eukaryota	2759.0	root | cellular organisms | Eukaryota
GO:0005095	Eukaryota	2759.0	root | cellular organisms | Eukaryota
GO:0043111	cellular organisms	131567.0	root | cellular organisms
GO:0046676	Bilateria	33213.0	root | cellular organisms | Eukaryota | Opisthokonta | Metazoa | Eumetazoa | Bilateria
GO:0071333	cellular organisms	131567.0	root | cellular organisms
GO:1903444	Tetrapoda	32523.0	root | cellular organisms | Eukaryota | Opisthokonta | Metazoa | Eumetazoa | Bilateria | Deuterostomia | Chordata | Craniata | Vertebrata | Gnathostomata | Teleostomi | Euteleostomi | Sarcopterygii | Dipnotetrapodomorpha | Tetrapoda
GO:0140933	root	1.0	root
GO:0010586	Eukaryota	2759.0	root | cellular organisms | Eukaryota
GO:0001676	root	1.0	root
GO:0009101	root	1.0	root
GO:0005464	Eukaryota	2759.0	root | cellular organisms | Eukaryota
GO:0004551	Opisthokonta	33154.0	root | cellular organisms | Eukaryota | Opisthokonta
GO:0035891	root	1.0	root
GO:0034272	cellular organisms	131567.0	root | cellular organisms
GO:0005319	cellular organisms	131567.0	root | cellular organisms
GO:0031048	cellular organisms	131567.0	root | cellular organisms
GO:1901141	Magnoliopsida	3398.0	root | cellular organisms | Eukaryota | Viridiplantae | Streptophyta | Streptophytina | Embryophyta | Tracheophyta | Euphyllophyta | Spermatophyta | Magnoliopsida
GO:0015786	Eukaryota	2759.0	root | cellular organisms | Eukaryota
GO:0006511	root	1.0	root
GO:0052654	cellular organisms	131567.0	root | cellular organisms
GO:0071230	cellular organisms	131567.0	root | cellular organisms
GO:1902081	Gnathostomata	7776.0	root | cellular organisms | Eukaryota | Opisthokonta | Metazoa | Eumetazoa | Bilateria | Deuterostomia | Chordata | Craniata | Vertebrata | Gnathostomata
GO:0019050	Unknown		
GO:0090322	Eukaryota	2759.0	root | cellular organisms | Eukaryota
GO:0003830	root	1.0	root
GO:0019056	Unknown		
GO:0004679	Eukaryota	2759.0	root | cellular organisms | Eukaryota
GO:0030684	Eukaryota	2759.0	root | cellular organisms | Eukaryota
GO:0051882	Amniota	32524.0	root | cellular organisms | Eukaryota | Opisthokonta | Metazoa | Eumetazoa | Bilateria | Deuterostomia | Chordata | Craniata | Vertebrata | Gnathostomata | Teleostomi | Euteleostomi | Sarcopterygii | Dipnotetrapodomorpha | Tetrapoda | Amniota
GO:0050328	Mesangiospermae	1437183.0	root | cellular organisms | Eukaryota | Viridiplantae | Streptophyta | Streptophytina | Embryophyta | Tracheophyta | Euphyllophyta | Spermatophyta | Magnoliopsida | Mesangiospermae
GO:0045544	Mesangiospermae	1437183.0	root | cellular organisms | Eukaryota | Viridiplantae | Streptophyta | Streptophytina | Embryophyta | Tracheophyta | Euphyllophyta | Spermatophyta | Magnoliopsida | Mesangiospermae
GO:1905469	Unknown		
GO:0047345	Arabidopsis thaliana	3702.0	root | cellular organisms | Eukaryota | Viridiplantae | Streptophyta | Streptophytina | Embryophyta | Tracheophyta | Euphyllophyta | Spermatophyta | Magnoliopsida | Mesangiospermae | eudicotyledons | Gunneridae | Pentapetalae | rosids | malvids | Brassicales | Brassicaceae | Camelineae | Arabidopsis | Arabidopsis thaliana
GO:0052662	cellular organisms	131567.0	root | cellular organisms
GO:0045550	cellular organisms	131567.0	root | cellular organisms
GO:0035061	Eukaryota	2759.0	root | cellular organisms | Eukaryota
GO:1990714	Eukaryota	2759.0	root | cellular organisms | Eukaryota
GO:0051497	cellular organisms	131567.0	root | cellular organisms
GO:0002687	Vertebrata	7742.0	root | cellular organisms | Eukaryota | Opisthokonta | Metazoa | Eumetazoa | Bilateria | Deuterostomia | Chordata | Craniata | Vertebrata
GO:0045779	Gnathostomata	7776.0	root | cellular organisms | Eukaryota | Opisthokonta | Metazoa | Eumetazoa | Bilateria | Deuterostomia | Chordata | Craniata | Vertebrata | Gnathostomata
GO:0080025	cellular organisms	131567.0	root | cellular organisms
GO:0022625	cellular organisms	131567.0	root | cellular organisms
GO:0031210	cellular organisms	131567.0	root | cellular organisms
GO:0005154	root	1.0	root
GO:1901016	Unknown		
GO:0008233	Unknown		3470597
GO:0015018	cellular organisms	131567.0	root | cellular organisms
GO:0033386	root	1.0	root
GO:1901177	Eukaryota	2759.0	root | cellular organisms | Eukaryota
GO:0010350	cellular organisms	131567.0	root | cellular organisms
GO:0033644	Unknown		1554481
GO:0007040	Eukaryota	2759.0	root | cellular organisms | Eukaryota
GO:0039652	Unknown		
GO:0031422	Eukaryota	2759.0	root | cellular organisms | Eukaryota
GO:0048544	Eukaryota	2759.0	root | cellular organisms | Eukaryota
GO:0106292	Eukaryota	2759.0	root | cellular organisms | Eukaryota
GO:0032435	cellular organisms	131567.0	root | cellular organisms
GO:0043154	Unknown		
GO:0051571	Unknown		
GO:0016586	Eukaryota	2759.0	root | cellular organisms | Eukaryota
GO:0006366	root	1.0	root
GO:1990748	cellular organisms	131567.0	root | cellular organisms
GO:0120009	cellular organisms	131567.0	root | cellular organisms
GO:0047172	cellular organisms	131567.0	root | cellular organisms
GO:0019239	root	1.0	root
GO:0046037	root	1.0	root
GO:0004984	Eumetazoa	6072.0	root | cellular organisms | Eukaryota | Opisthokonta | Metazoa | Eumetazoa
GO:0033677	cellular organisms	131567.0	root | cellular organisms
GO:0015871	root	1.0	root
GO:0009060	Unknown		330876
GO:0032703	Opisthokonta	33154.0	root | cellular organisms | Eukaryota | Opisthokonta
GO:0046055	Amniota	32524.0	root | cellular organisms | Eukaryota | Opisthokonta | Metazoa | Eumetazoa | Bilateria | Deuterostomia | Chordata | Craniata | Vertebrata | Gnathostomata | Teleostomi | Euteleostomi | Sarcopterygii | Dipnotetrapodomorpha | Tetrapoda | Amniota
GO:0016805	root	1.0	root
GO:0015121	Embryophyta	3193.0	root | cellular organisms | Eukaryota | Viridiplantae | Streptophyta | Streptophytina | Embryophyta
GO:0009824	root	1.0	root
GO:0004420	root	1.0	root
GO:0004167	cellular organisms	131567.0	root | cellular organisms
GO:0016881	root	1.0	root
GO:0099558	Bilateria	33213.0	root | cellular organisms | Eukaryota | Opisthokonta | Metazoa | Eumetazoa | Bilateria
GO:0017168	cellular organisms	131567.0	root | cellular organisms
GO:1900226	root	1.0	root
GO:0030124	Eukaryota	2759.0	root | cellular organisms | Eukaryota
GO:0022904	Unknown		330876
GO:0033506	Brassicaceae	3700.0	root | cellular organisms | Eukaryota | Viridiplantae | Streptophyta | Streptophytina | Embryophyta | Tracheophyta | Euphyllophyta | Spermatophyta | Magnoliopsida | Mesangiospermae | eudicotyledons | Gunneridae | Pentapetalae | rosids | malvids | Brassicales | Brassicaceae
GO:0070452	Fungi	4751.0	root | cellular organisms | Eukaryota | Opisthokonta | Fungi
GO:0009975	cellular organisms	131567.0	root | cellular organisms
GO:0016262	cellular organisms	131567.0	root | cellular organisms
GO:0043403	Euteleostomi	117571.0	root | cellular organisms | Eukaryota | Opisthokonta | Metazoa | Eumetazoa | Bilateria | Deuterostomia | Chordata | Craniata | Vertebrata | Gnathostomata | Teleostomi | Euteleostomi
GO:0005751	Unknown		
GO:0090696	Mesangiospermae	1437183.0	root | cellular organisms | Eukaryota | Viridiplantae | Streptophyta | Streptophytina | Embryophyta | Tracheophyta | Euphyllophyta | Spermatophyta | Magnoliopsida | Mesangiospermae
GO:0070181	cellular organisms	131567.0	root | cellular organisms
GO:0047652	cellular organisms	131567.0	root | cellular organisms
GO:0008777	cellular organisms	131567.0	root | cellular organisms
GO:0017102	Eukaryota	2759.0	root | cellular organisms | Eukaryota
GO:0010067	Spermatophyta	58024.0	root | cellular organisms | Eukaryota | Viridiplantae | Streptophyta | Streptophytina | Embryophyta | Tracheophyta | Euphyllophyta | Spermatophyta
GO:0016301	Unknown		3470597
GO:2000023	Magnoliopsida	3398.0	root | cellular organisms | Eukaryota | Viridiplantae | Streptophyta | Streptophytina | Embryophyta | Tracheophyta | Euphyllophyta | Spermatophyta | Magnoliopsida
GO:0046480	Embryophyta	3193.0	root | cellular organisms | Eukaryota | Viridiplantae | Streptophyta | Streptophytina | Embryophyta
GO:0044772	Eukaryota	2759.0	root | cellular organisms | Eukaryota
GO:0032543	cellular organisms	131567.0	root | cellular organisms
GO:0048531	Eukaryota	2759.0	root | cellular organisms | Eukaryota
GO:0007534	Fungi	4751.0	root | cellular organisms | Eukaryota | Opisthokonta | Fungi
GO:0030286	cellular organisms	131567.0	root | cellular organisms
GO:0001113	Opisthokonta	33154.0	root | cellular organisms | Eukaryota | Opisthokonta
GO:0043182	Unknown		
GO:0006629	root	1.0	root
GO:0008275	Eukaryota	2759.0	root | cellular organisms | Eukaryota
GO:0010482	Eukaryota	2759.0	root | cellular organisms | Eukaryota
GO:0036403	Amniota	32524.0	root | cellular organisms | Eukaryota | Opisthokonta | Metazoa | Eumetazoa | Bilateria | Deuterostomia | Chordata | Craniata | Vertebrata | Gnathostomata | Teleostomi | Euteleostomi | Sarcopterygii | Dipnotetrapodomorpha | Tetrapoda | Amniota
GO:0061640	root	1.0	root
GO:0001727	cellular organisms	131567.0	root | cellular organisms
GO:0005762	cellular organisms	131567.0	root | cellular organisms
GO:0102217	Unknown		
GO:0048638	cellular organisms	131567.0	root | cellular organisms
GO:0047995	cellular organisms	131567.0	root | cellular organisms
GO:0052668	Unknown		
GO:0061630	root	1.0	root
GO:0032572	Rattus norvegicus	10116.0	root | cellular organisms | Eukaryota | Opisthokonta | Metazoa | Eumetazoa | Bilateria | Deuterostomia | Chordata | Craniata | Vertebrata | Gnathostomata | Teleostomi | Euteleostomi | Sarcopterygii | Dipnotetrapodomorpha | Tetrapoda | Amniota | Mammalia | Theria | Eutheria | Boreoeutheria | Euarchontoglires | Glires | Rodentia | Myomorpha | Muroidea | Muridae | Murinae | Rattus | Rattus norvegicus
GO:0004349	cellular organisms	131567.0	root | cellular organisms
GO:0047131	cellular organisms	131567.0	root | cellular organisms
GO:0009328	cellular organisms	131567.0	root | cellular organisms
GO:0080104	Arabidopsis	3701.0	root | cellular organisms | Eukaryota | Viridiplantae | Streptophyta | Streptophytina | Embryophyta | Tracheophyta | Euphyllophyta | Spermatophyta | Magnoliopsida | Mesangiospermae | eudicotyledons | Gunneridae | Pentapetalae | rosids | malvids | Brassicales | Brassicaceae | Camelineae | Arabidopsis
GO:0043953	cellular organisms	131567.0	root | cellular organisms
GO:0032103	Unknown		
GO:0072675	Vertebrata	7742.0	root | cellular organisms | Eukaryota | Opisthokonta | Metazoa | Eumetazoa | Bilateria | Deuterostomia | Chordata | Craniata | Vertebrata
GO:0018188	Eukaryota	2759.0	root | cellular organisms | Eukaryota
GO:0071332	Eukaryota	2759.0	root | cellular organisms | Eukaryota
GO:0060702	Euarchontoglires	314146.0	root | cellular organisms | Eukaryota | Opisthokonta | Metazoa | Eumetazoa | Bilateria | Deuterostomia | Chordata | Craniata | Vertebrata | Gnathostomata | Teleostomi | Euteleostomi | Sarcopterygii | Dipnotetrapodomorpha | Tetrapoda | Amniota | Mammalia | Theria | Eutheria | Boreoeutheria | Euarchontoglires
GO:0004750	cellular organisms	131567.0	root | cellular organisms
GO:0019788	Eukaryota	2759.0	root | cellular organisms | Eukaryota
GO:0045010	cellular organisms	131567.0	root | cellular organisms
GO:0045141	Opisthokonta	33154.0	root | cellular organisms | Eukaryota | Opisthokonta
GO:0071281	cellular organisms	131567.0	root | cellular organisms
GO:0009991	Unknown		
GO:0044594	cellular organisms	131567.0	root | cellular organisms
GO:0009299	root	1.0	root
GO:0007420	Bilateria	33213.0	root | cellular organisms | Eukaryota | Opisthokonta | Metazoa | Eumetazoa | Bilateria
GO:0005763	cellular organisms	131567.0	root | cellular organisms
GO:0042582	Amniota	32524.0	root | cellular organisms | Eukaryota | Opisthokonta | Metazoa | Eumetazoa | Bilateria | Deuterostomia | Chordata | Craniata | Vertebrata | Gnathostomata | Teleostomi | Euteleostomi | Sarcopterygii | Dipnotetrapodomorpha | Tetrapoda | Amniota
GO:0004595	root	1.0	root
GO:0030544	root	1.0	root
GO:0002926	cellular organisms	131567.0	root | cellular organisms
GO:0050688	cellular organisms	131567.0	root | cellular organisms
GO:0034004	cellular organisms	131567.0	root | cellular organisms
GO:0030409	cellular organisms	131567.0	root | cellular organisms
GO:0009832	Magnoliopsida	3398.0	root | cellular organisms | Eukaryota | Viridiplantae | Streptophyta | Streptophytina | Embryophyta | Tracheophyta | Euphyllophyta | Spermatophyta | Magnoliopsida
GO:0004089	root	1.0	root
GO:0007144	Eumetazoa	6072.0	root | cellular organisms | Eukaryota | Opisthokonta | Metazoa | Eumetazoa
GO:1902742	Eumetazoa	6072.0	root | cellular organisms | Eukaryota | Opisthokonta | Metazoa | Eumetazoa
GO:0097284	Amniota	32524.0	root | cellular organisms | Eukaryota | Opisthokonta | Metazoa | Eumetazoa | Bilateria | Deuterostomia | Chordata | Craniata | Vertebrata | Gnathostomata | Teleostomi | Euteleostomi | Sarcopterygii | Dipnotetrapodomorpha | Tetrapoda | Amniota
GO:0009294	root	1.0	root
GO:0010370	Eukaryota	2759.0	root | cellular organisms | Eukaryota
GO:0098719	root	1.0	root
GO:0004145	root	1.0	root
GO:0062131	Arabidopsis thaliana	3702.0	root | cellular organisms | Eukaryota | Viridiplantae | Streptophyta | Streptophytina | Embryophyta | Tracheophyta | Euphyllophyta | Spermatophyta | Magnoliopsida | Mesangiospermae | eudicotyledons | Gunneridae | Pentapetalae | rosids | malvids | Brassicales | Brassicaceae | Camelineae | Arabidopsis | Arabidopsis thaliana
GO:0032584	Eumetazoa	6072.0	root | cellular organisms | Eukaryota | Opisthokonta | Metazoa | Eumetazoa
GO:0017156	cellular organisms	131567.0	root | cellular organisms
GO:0106365	Eukaryota	2759.0	root | cellular organisms | Eukaryota
GO:0010068	Arabidopsis thaliana	3702.0	root | cellular organisms | Eukaryota | Viridiplantae | Streptophyta | Streptophytina | Embryophyta | Tracheophyta | Euphyllophyta | Spermatophyta | Magnoliopsida | Mesangiospermae | eudicotyledons | Gunneridae | Pentapetalae | rosids | malvids | Brassicales | Brassicaceae | Camelineae | Arabidopsis | Arabidopsis thaliana
GO:0016756	cellular organisms	131567.0	root | cellular organisms
GO:0046326	Gnathostomata	7776.0	root | cellular organisms | Eukaryota | Opisthokonta | Metazoa | Eumetazoa | Bilateria | Deuterostomia | Chordata | Craniata | Vertebrata | Gnathostomata
GO:0045120	Bilateria	33213.0	root | cellular organisms | Eukaryota | Opisthokonta | Metazoa | Eumetazoa | Bilateria
GO:0015247	Eukaryota	2759.0	root | cellular organisms | Eukaryota
GO:0003921	root	1.0	root
GO:0010283	Tracheophyta	58023.0	root | cellular organisms | Eukaryota | Viridiplantae | Streptophyta | Streptophytina | Embryophyta | Tracheophyta
GO:0009743	Eukaryota	2759.0	root | cellular organisms | Eukaryota
GO:0071577	cellular organisms	131567.0	root | cellular organisms
GO:0043488	root	1.0	root
GO:0110126	Arabidopsis thaliana	3702.0	root | cellular organisms | Eukaryota | Viridiplantae | Streptophyta | Streptophytina | Embryophyta | Tracheophyta | Euphyllophyta | Spermatophyta | Magnoliopsida | Mesangiospermae | eudicotyledons | Gunneridae | Pentapetalae | rosids | malvids | Brassicales | Brassicaceae | Camelineae | Arabidopsis | Arabidopsis thaliana
GO:0010019	Viridiplantae	33090.0	root | cellular organisms | Eukaryota | Viridiplantae
GO:1905281	Amniota	32524.0	root | cellular organisms | Eukaryota | Opisthokonta | Metazoa | Eumetazoa | Bilateria | Deuterostomia | Chordata | Craniata | Vertebrata | Gnathostomata | Teleostomi | Euteleostomi | Sarcopterygii | Dipnotetrapodomorpha | Tetrapoda | Amniota
GO:0102877	Eukaryota	2759.0	root | cellular organisms | Eukaryota
GO:0098662	Unknown		
GO:0006606	root	1.0	root
GO:0043594	Bacillaceae	186817.0	root | cellular organisms | Bacteria | Bacillati | Bacillota | Bacilli | Caryophanales | Bacillaceae
GO:0032483	Eukaryota	2759.0	root | cellular organisms | Eukaryota
GO:0006509	cellular organisms	131567.0	root | cellular organisms
GO:0008143	cellular organisms	131567.0	root | cellular organisms
GO:0060320	Mesangiospermae	1437183.0	root | cellular organisms | Eukaryota | Viridiplantae | Streptophyta | Streptophytina | Embryophyta | Tracheophyta | Euphyllophyta | Spermatophyta | Magnoliopsida | Mesangiospermae
GO:0004083	Unknown		
GO:0061827	Deuterostomia	33511.0	root | cellular organisms | Eukaryota | Opisthokonta | Metazoa | Eumetazoa | Bilateria | Deuterostomia
GO:0030206	Unknown		
GO:0005731	Eukaryota	2759.0	root | cellular organisms | Eukaryota
GO:0015185	cellular organisms	131567.0	root | cellular organisms
GO:0102843	cellular organisms	131567.0	root | cellular organisms
GO:0010245	Arabidopsis	3701.0	root | cellular organisms | Eukaryota | Viridiplantae | Streptophyta | Streptophytina | Embryophyta | Tracheophyta | Euphyllophyta | Spermatophyta | Magnoliopsida | Mesangiospermae | eudicotyledons | Gunneridae | Pentapetalae | rosids | malvids | Brassicales | Brassicaceae | Camelineae | Arabidopsis
GO:0004427	root	1.0	root
GO:0016339	cellular organisms	131567.0	root | cellular organisms
GO:0071916	cellular organisms	131567.0	root | cellular organisms
GO:0072593	cellular organisms	131567.0	root | cellular organisms
GO:0003726	root	1.0	root
GO:0047259	cellular organisms	131567.0	root | cellular organisms
GO:0140818	root	1.0	root
GO:0032266	cellular organisms	131567.0	root | cellular organisms
GO:0031425	Eukaryota	2759.0	root | cellular organisms | Eukaryota
GO:0042586	root	1.0	root
GO:0043666	Unknown		
GO:0043123	Eumetazoa	6072.0	root | cellular organisms | Eukaryota | Opisthokonta | Metazoa | Eumetazoa
GO:2000630	Eukaryota	2759.0	root | cellular organisms | Eukaryota
GO:0008301	cellular organisms	131567.0	root | cellular organisms
GO:0055076	Unknown		
GO:0097468	Eukaryota	2759.0	root | cellular organisms | Eukaryota
GO:0019843	root	1.0	root
GO:0001935	Eukaryota	2759.0	root | cellular organisms | Eukaryota
GO:0004506	cellular organisms	131567.0	root | cellular organisms
GO:0045478	Drosophila	7215.0	root | cellular organisms | Eukaryota | Opisthokonta | Metazoa | Eumetazoa | Bilateria | Protostomia | Ecdysozoa | Panarthropoda | Arthropoda | Mandibulata | Pancrustacea | Altocrustacea | Allotriocarida | Hexapoda | Insecta | Dicondylia | Pterygota | Neoptera | Eumetabola | Endopterygota | Aparaglossata | Panorpida | Diptera | Brachycera | Muscomorpha | Eremoneura | Cyclorrhapha | Schizophora | Acalyptratae | Ephydroidea | Drosophilidae | Drosophilinae | Drosophilini | Drosophila
GO:0046510	Streptophytina	131221.0	root | cellular organisms | Eukaryota | Viridiplantae | Streptophyta | Streptophytina
GO:0018146	Gnathostomata	7776.0	root | cellular organisms | Eukaryota | Opisthokonta | Metazoa | Eumetazoa | Bilateria | Deuterostomia | Chordata | Craniata | Vertebrata | Gnathostomata
GO:0010220	Mesangiospermae	1437183.0	root | cellular organisms | Eukaryota | Viridiplantae | Streptophyta | Streptophytina | Embryophyta | Tracheophyta | Euphyllophyta | Spermatophyta | Magnoliopsida | Mesangiospermae
GO:0018547	Unknown		
GO:0046898	Eukaryota	2759.0	root | cellular organisms | Eukaryota
GO:0051084	Metazoa	33208.0	root | cellular organisms | Eukaryota | Opisthokonta | Metazoa
GO:2000692	Arabidopsis thaliana	3702.0	root | cellular organisms | Eukaryota | Viridiplantae | Streptophyta | Streptophytina | Embryophyta | Tracheophyta | Euphyllophyta | Spermatophyta | Magnoliopsida | Mesangiospermae | eudicotyledons | Gunneridae | Pentapetalae | rosids | malvids | Brassicales | Brassicaceae | Camelineae | Arabidopsis | Arabidopsis thaliana
GO:0061635	root	1.0	root
GO:0071688	Bilateria	33213.0	root | cellular organisms | Eukaryota | Opisthokonta | Metazoa | Eumetazoa | Bilateria
GO:0016312	Eukaryota	2759.0	root | cellular organisms | Eukaryota
GO:0016807	cellular organisms	131567.0	root | cellular organisms
GO:0010189	cellular organisms	131567.0	root | cellular organisms
GO:0080186	Viridiplantae	33090.0	root | cellular organisms | Eukaryota | Viridiplantae
GO:0017126	Eukaryota	2759.0	root | cellular organisms | Eukaryota
GO:0102198	cellular organisms	131567.0	root | cellular organisms
GO:1902603	cellular organisms	131567.0	root | cellular organisms
GO:0046705	Eukaryota	2759.0	root | cellular organisms | Eukaryota
GO:0015755	cellular organisms	131567.0	root | cellular organisms
GO:0005771	Eukaryota	2759.0	root | cellular organisms | Eukaryota
GO:0022843	Eukaryota	2759.0	root | cellular organisms | Eukaryota
GO:0019199	Eukaryota	2759.0	root | cellular organisms | Eukaryota
GO:0071994	Brassicaceae	3700.0	root | cellular organisms | Eukaryota | Viridiplantae | Streptophyta | Streptophytina | Embryophyta | Tracheophyta | Euphyllophyta | Spermatophyta | Magnoliopsida | Mesangiospermae | eudicotyledons | Gunneridae | Pentapetalae | rosids | malvids | Brassicales | Brassicaceae
GO:0051965	Eumetazoa	6072.0	root | cellular organisms | Eukaryota | Opisthokonta | Metazoa | Eumetazoa
GO:0007064	cellular organisms	131567.0	root | cellular organisms
GO:0032000	Eukaryota	2759.0	root | cellular organisms | Eukaryota
GO:0055074	cellular organisms	131567.0	root | cellular organisms
GO:0003954	root	1.0	root
GO:0005534	cellular organisms	131567.0	root | cellular organisms
GO:0009834	Viridiplantae	33090.0	root | cellular organisms | Eukaryota | Viridiplantae
GO:0061780	Unknown		
GO:0051020	Eukaryota	2759.0	root | cellular organisms | Eukaryota
GO:1990625	cellular organisms	131567.0	root | cellular organisms
GO:0008988	cellular organisms	131567.0	root | cellular organisms
GO:0001164	cellular organisms	131567.0	root | cellular organisms
GO:0004604	root	1.0	root
GO:0006897	cellular organisms	131567.0	root | cellular organisms
GO:0033602	Bilateria	33213.0	root | cellular organisms | Eukaryota | Opisthokonta | Metazoa | Eumetazoa | Bilateria
GO:0035914	Vertebrata	7742.0	root | cellular organisms | Eukaryota | Opisthokonta | Metazoa | Eumetazoa | Bilateria | Deuterostomia | Chordata | Craniata | Vertebrata
GO:0004751	root	1.0	root
GO:0160107	cellular organisms	131567.0	root | cellular organisms
GO:0000914	Viridiplantae	33090.0	root | cellular organisms | Eukaryota | Viridiplantae
GO:0005048	root	1.0	root
GO:0051582	Amniota	32524.0	root | cellular organisms | Eukaryota | Opisthokonta | Metazoa | Eumetazoa | Bilateria | Deuterostomia | Chordata | Craniata | Vertebrata | Gnathostomata | Teleostomi | Euteleostomi | Sarcopterygii | Dipnotetrapodomorpha | Tetrapoda | Amniota
GO:0019452	Unknown		
GO:0036152	Opisthokonta	33154.0	root | cellular organisms | Eukaryota | Opisthokonta
GO:0090114	Eukaryota	2759.0	root | cellular organisms | Eukaryota
GO:0031428	cellular organisms	131567.0	root | cellular organisms
GO:0043817	cellular organisms	131567.0	root | cellular organisms
GO:0032504	Unknown		
GO:0030382	Bilateria	33213.0	root | cellular organisms | Eukaryota | Opisthokonta | Metazoa | Eumetazoa | Bilateria
GO:0015462	Eukaryota	2759.0	root | cellular organisms | Eukaryota
GO:0034426	Viridiplantae	33090.0	root | cellular organisms | Eukaryota | Viridiplantae
GO:1902609	Arabidopsis thaliana	3702.0	root | cellular organisms | Eukaryota | Viridiplantae | Streptophyta | Streptophytina | Embryophyta | Tracheophyta | Euphyllophyta | Spermatophyta | Magnoliopsida | Mesangiospermae | eudicotyledons | Gunneridae | Pentapetalae | rosids | malvids | Brassicales | Brassicaceae | Camelineae | Arabidopsis | Arabidopsis thaliana
GO:0000425	Eukaryota	2759.0	root | cellular organisms | Eukaryota
GO:0015927	cellular organisms	131567.0	root | cellular organisms
GO:0006557	Unknown		
GO:0003883	root	1.0	root
GO:0042056	Eumetazoa	6072.0	root | cellular organisms | Eukaryota | Opisthokonta | Metazoa | Eumetazoa
GO:0032942	Brassicaceae	3700.0	root | cellular organisms | Eukaryota | Viridiplantae | Streptophyta | Streptophytina | Embryophyta | Tracheophyta | Euphyllophyta | Spermatophyta | Magnoliopsida | Mesangiospermae | eudicotyledons | Gunneridae | Pentapetalae | rosids | malvids | Brassicales | Brassicaceae
GO:0004197	Unknown		1554481
GO:0042344	Arabidopsis thaliana	3702.0	root | cellular organisms | Eukaryota | Viridiplantae | Streptophyta | Streptophytina | Embryophyta | Tracheophyta | Euphyllophyta | Spermatophyta | Magnoliopsida | Mesangiospermae | eudicotyledons | Gunneridae | Pentapetalae | rosids | malvids | Brassicales | Brassicaceae | Camelineae | Arabidopsis | Arabidopsis thaliana
GO:1990883	cellular organisms	131567.0	root | cellular organisms
GO:0034605	cellular organisms	131567.0	root | cellular organisms
GO:0070179	cellular organisms	131567.0	root | cellular organisms
GO:0050355	root	1.0	root
GO:0046654	root	1.0	root
GO:0090207	Opisthokonta	33154.0	root | cellular organisms | Eukaryota | Opisthokonta
GO:0006761	cellular organisms	131567.0	root | cellular organisms
GO:0051647	Eukaryota	2759.0	root | cellular organisms | Eukaryota
GO:0010267	Embryophyta	3193.0	root | cellular organisms | Eukaryota | Viridiplantae | Streptophyta | Streptophytina | Embryophyta
GO:1905177	Pentapetalae	1437201.0	root | cellular organisms | Eukaryota | Viridiplantae | Streptophyta | Streptophytina | Embryophyta | Tracheophyta | Euphyllophyta | Spermatophyta | Magnoliopsida | Mesangiospermae | eudicotyledons | Gunneridae | Pentapetalae
GO:0032587	Eukaryota	2759.0	root | cellular organisms | Eukaryota
GO:0016363	Eukaryota	2759.0	root | cellular organisms | Eukaryota
GO:0000492	cellular organisms	131567.0	root | cellular organisms
GO:0052596	Unknown		
GO:0009086	Unknown		
GO:0036099	Bilateria	33213.0	root | cellular organisms | Eukaryota | Opisthokonta | Metazoa | Eumetazoa | Bilateria
GO:0016079	Metazoa	33208.0	root | cellular organisms | Eukaryota | Opisthokonta | Metazoa
GO:1904059	Bilateria	33213.0	root | cellular organisms | Eukaryota | Opisthokonta | Metazoa | Eumetazoa | Bilateria
GO:0001732	cellular organisms	131567.0	root | cellular organisms
GO:0030153	root	1.0	root
GO:0004438	cellular organisms	131567.0	root | cellular organisms
GO:0048461	Magnoliopsida	3398.0	root | cellular organisms | Eukaryota | Viridiplantae | Streptophyta | Streptophytina | Embryophyta | Tracheophyta | Euphyllophyta | Spermatophyta | Magnoliopsida
GO:0070449	Eukaryota	2759.0	root | cellular organisms | Eukaryota
GO:0005094	cellular organisms	131567.0	root | cellular organisms
GO:1900758	Unknown		
GO:0003987	cellular organisms	131567.0	root | cellular organisms
GO:0045169	Ecdysozoa	1206794.0	root | cellular organisms | Eukaryota | Opisthokonta | Metazoa | Eumetazoa | Bilateria | Protostomia | Ecdysozoa
GO:0009678	cellular organisms	131567.0	root | cellular organisms
GO:0001971	Amniota	32524.0	root | cellular organisms | Eukaryota | Opisthokonta | Metazoa | Eumetazoa | Bilateria | Deuterostomia | Chordata | Craniata | Vertebrata | Gnathostomata | Teleostomi | Euteleostomi | Sarcopterygii | Dipnotetrapodomorpha | Tetrapoda | Amniota
GO:0102659	Unknown		
GO:0017110	cellular organisms	131567.0	root | cellular organisms
GO:0102489	Unknown		
GO:0102859	Eukaryota	2759.0	root | cellular organisms | Eukaryota
GO:0009039	cellular organisms	131567.0	root | cellular organisms
GO:0046833	Bilateria	33213.0	root | cellular organisms | Eukaryota | Opisthokonta | Metazoa | Eumetazoa | Bilateria
GO:0007035	cellular organisms	131567.0	root | cellular organisms
GO:0102522	cellular organisms	131567.0	root | cellular organisms
GO:0032931	Eukaryota	2759.0	root | cellular organisms | Eukaryota
GO:1905392	Embryophyta	3193.0	root | cellular organisms | Eukaryota | Viridiplantae | Streptophyta | Streptophytina | Embryophyta
GO:0010633	Bilateria	33213.0	root | cellular organisms | Eukaryota | Opisthokonta | Metazoa | Eumetazoa | Bilateria
GO:1990052	Viridiplantae	33090.0	root | cellular organisms | Eukaryota | Viridiplantae
GO:0120242	cellular organisms	131567.0	root | cellular organisms
GO:1900186	Eukaryota	2759.0	root | cellular organisms | Eukaryota
GO:0050528	cellular organisms	131567.0	root | cellular organisms
GO:0050126	cellular organisms	131567.0	root | cellular organisms
GO:0009063	root	1.0	root
GO:0003882	cellular organisms	131567.0	root | cellular organisms
GO:0009667	Camelineae	980083.0	root | cellular organisms | Eukaryota | Viridiplantae | Streptophyta | Streptophytina | Embryophyta | Tracheophyta | Euphyllophyta | Spermatophyta | Magnoliopsida | Mesangiospermae | eudicotyledons | Gunneridae | Pentapetalae | rosids | malvids | Brassicales | Brassicaceae | Camelineae
GO:0004375	root	1.0	root
GO:0003785	cellular organisms	131567.0	root | cellular organisms
GO:0031426	Eukaryota	2759.0	root | cellular organisms | Eukaryota
GO:0051446	Eukaryota	2759.0	root | cellular organisms | Eukaryota
GO:0016836	root	1.0	root
GO:0009697	cellular organisms	131567.0	root | cellular organisms
GO:0060470	Gnathostomata	7776.0	root | cellular organisms | Eukaryota | Opisthokonta | Metazoa | Eumetazoa | Bilateria | Deuterostomia | Chordata | Craniata | Vertebrata | Gnathostomata
GO:1990062	Opisthokonta	33154.0	root | cellular organisms | Eukaryota | Opisthokonta
GO:0007317	Drosophila	7215.0	root | cellular organisms | Eukaryota | Opisthokonta | Metazoa | Eumetazoa | Bilateria | Protostomia | Ecdysozoa | Panarthropoda | Arthropoda | Mandibulata | Pancrustacea | Altocrustacea | Allotriocarida | Hexapoda | Insecta | Dicondylia | Pterygota | Neoptera | Eumetabola | Endopterygota | Aparaglossata | Panorpida | Diptera | Brachycera | Muscomorpha | Eremoneura | Cyclorrhapha | Schizophora | Acalyptratae | Ephydroidea | Drosophilidae | Drosophilinae | Drosophilini | Drosophila
GO:0002943	cellular organisms	131567.0	root | cellular organisms
GO:0040029	cellular organisms	131567.0	root | cellular organisms
GO:0090042	Eukaryota	2759.0	root | cellular organisms | Eukaryota
GO:0048574	Magnoliopsida	3398.0	root | cellular organisms | Eukaryota | Viridiplantae | Streptophyta | Streptophytina | Embryophyta | Tracheophyta | Euphyllophyta | Spermatophyta | Magnoliopsida
GO:0080163	Unknown		
GO:2001009	Pentapetalae	1437201.0	root | cellular organisms | Eukaryota | Viridiplantae | Streptophyta | Streptophytina | Embryophyta | Tracheophyta | Euphyllophyta | Spermatophyta | Magnoliopsida | Mesangiospermae | eudicotyledons | Gunneridae | Pentapetalae
GO:0006490	Unknown		
GO:0090627	Viridiplantae	33090.0	root | cellular organisms | Eukaryota | Viridiplantae
GO:0055003	Vertebrata	7742.0	root | cellular organisms | Eukaryota | Opisthokonta | Metazoa | Eumetazoa | Bilateria | Deuterostomia | Chordata | Craniata | Vertebrata
GO:0008177	cellular organisms	131567.0	root | cellular organisms
GO:0033698	Eukaryota	2759.0	root | cellular organisms | Eukaryota
GO:0080027	Magnoliopsida	3398.0	root | cellular organisms | Eukaryota | Viridiplantae | Streptophyta | Streptophytina | Embryophyta | Tracheophyta | Euphyllophyta | Spermatophyta | Magnoliopsida
GO:0007020	cellular organisms	131567.0	root | cellular organisms
GO:0018258	Unknown		
GO:0005869	cellular organisms	131567.0	root | cellular organisms
GO:0018826	cellular organisms	131567.0	root | cellular organisms
GO:0102991	Unknown		
GO:0071774	Amniota	32524.0	root | cellular organisms | Eukaryota | Opisthokonta | Metazoa | Eumetazoa | Bilateria | Deuterostomia | Chordata | Craniata | Vertebrata | Gnathostomata | Teleostomi | Euteleostomi | Sarcopterygii | Dipnotetrapodomorpha | Tetrapoda | Amniota
GO:0016410	Unknown		
GO:0006998	cellular organisms	131567.0	root | cellular organisms
GO:2000544	Amniota	32524.0	root | cellular organisms | Eukaryota | Opisthokonta | Metazoa | Eumetazoa | Bilateria | Deuterostomia | Chordata | Craniata | Vertebrata | Gnathostomata | Teleostomi | Euteleostomi | Sarcopterygii | Dipnotetrapodomorpha | Tetrapoda | Amniota
GO:0061697	Eukaryota	2759.0	root | cellular organisms | Eukaryota
GO:0030846	Fungi	4751.0	root | cellular organisms | Eukaryota | Opisthokonta | Fungi
GO:0034451	Eukaryota	2759.0	root | cellular organisms | Eukaryota
GO:0140658	cellular organisms	131567.0	root | cellular organisms
GO:0102057	Unknown		
GO:0060392	Bilateria	33213.0	root | cellular organisms | Eukaryota | Opisthokonta | Metazoa | Eumetazoa | Bilateria
GO:0004416	cellular organisms	131567.0	root | cellular organisms
GO:0005515	Unknown		3470597
GO:0016525	Bilateria	33213.0	root | cellular organisms | Eukaryota | Opisthokonta | Metazoa | Eumetazoa | Bilateria
GO:0006178	cellular organisms	131567.0	root | cellular organisms
GO:0033150	Amniota	32524.0	root | cellular organisms | Eukaryota | Opisthokonta | Metazoa | Eumetazoa | Bilateria | Deuterostomia | Chordata | Craniata | Vertebrata | Gnathostomata | Teleostomi | Euteleostomi | Sarcopterygii | Dipnotetrapodomorpha | Tetrapoda | Amniota
GO:0071926	Euteleostomi	117571.0	root | cellular organisms | Eukaryota | Opisthokonta | Metazoa | Eumetazoa | Bilateria | Deuterostomia | Chordata | Craniata | Vertebrata | Gnathostomata | Teleostomi | Euteleostomi
GO:0031357	Unknown		
GO:0043328	cellular organisms	131567.0	root | cellular organisms
GO:1904216	Arabidopsis thaliana	3702.0	root | cellular organisms | Eukaryota | Viridiplantae | Streptophyta | Streptophytina | Embryophyta | Tracheophyta | Euphyllophyta | Spermatophyta | Magnoliopsida | Mesangiospermae | eudicotyledons | Gunneridae | Pentapetalae | rosids | malvids | Brassicales | Brassicaceae | Camelineae | Arabidopsis | Arabidopsis thaliana
GO:0016871	cellular organisms	131567.0	root | cellular organisms
GO:0042246	cellular organisms	131567.0	root | cellular organisms
GO:0009663	Embryophyta	3193.0	root | cellular organisms | Eukaryota | Viridiplantae | Streptophyta | Streptophytina | Embryophyta
GO:0050850	Eukaryota	2759.0	root | cellular organisms | Eukaryota
GO:0060026	Bilateria	33213.0	root | cellular organisms | Eukaryota | Opisthokonta | Metazoa | Eumetazoa | Bilateria
GO:1990756	root	1.0	root
GO:0031573	Eukaryota	2759.0	root | cellular organisms | Eukaryota
GO:0001060	Unknown		
GO:0005977	cellular organisms	131567.0	root | cellular organisms
GO:0000792	Eukaryota	2759.0	root | cellular organisms | Eukaryota
GO:0019538	Eukaryota	2759.0	root | cellular organisms | Eukaryota
GO:0005496	cellular organisms	131567.0	root | cellular organisms
GO:1990948	Opisthokonta	33154.0	root | cellular organisms | Eukaryota | Opisthokonta
GO:0042590	Vertebrata	7742.0	root | cellular organisms | Eukaryota | Opisthokonta | Metazoa | Eumetazoa | Bilateria | Deuterostomia | Chordata | Craniata | Vertebrata
GO:0015630	cellular organisms	131567.0	root | cellular organisms
GO:0098755	Arabidopsis thaliana	3702.0	root | cellular organisms | Eukaryota | Viridiplantae | Streptophyta | Streptophytina | Embryophyta | Tracheophyta | Euphyllophyta | Spermatophyta | Magnoliopsida | Mesangiospermae | eudicotyledons | Gunneridae | Pentapetalae | rosids | malvids | Brassicales | Brassicaceae | Camelineae | Arabidopsis | Arabidopsis thaliana
GO:0070505	Spermatophyta	58024.0	root | cellular organisms | Eukaryota | Viridiplantae | Streptophyta | Streptophytina | Embryophyta | Tracheophyta | Euphyllophyta | Spermatophyta
GO:0044726	Amniota	32524.0	root | cellular organisms | Eukaryota | Opisthokonta | Metazoa | Eumetazoa | Bilateria | Deuterostomia | Chordata | Craniata | Vertebrata | Gnathostomata | Teleostomi | Euteleostomi | Sarcopterygii | Dipnotetrapodomorpha | Tetrapoda | Amniota
GO:0071480	cellular organisms	131567.0	root | cellular organisms
GO:2000013	Unknown		
GO:1902542	Fungi	4751.0	root | cellular organisms | Eukaryota | Opisthokonta | Fungi
GO:0070070	Eukaryota	2759.0	root | cellular organisms | Eukaryota
GO:2001066	cellular organisms	131567.0	root | cellular organisms
GO:0006231	root	1.0	root
GO:0102500	Unknown		
GO:0048462	Arabidopsis thaliana	3702.0	root | cellular organisms | Eukaryota | Viridiplantae | Streptophyta | Streptophytina | Embryophyta | Tracheophyta | Euphyllophyta | Spermatophyta | Magnoliopsida | Mesangiospermae | eudicotyledons | Gunneridae | Pentapetalae | rosids | malvids | Brassicales | Brassicaceae | Camelineae | Arabidopsis | Arabidopsis thaliana
GO:0006829	cellular organisms	131567.0	root | cellular organisms
GO:0046873	root	1.0	root
GO:0004636	root	1.0	root
GO:0035262	Bilateria	33213.0	root | cellular organisms | Eukaryota | Opisthokonta | Metazoa | Eumetazoa | Bilateria
GO:0007623	cellular organisms	131567.0	root | cellular organisms
GO:0050505	Mesangiospermae	1437183.0	root | cellular organisms | Eukaryota | Viridiplantae | Streptophyta | Streptophytina | Embryophyta | Tracheophyta | Euphyllophyta | Spermatophyta | Magnoliopsida | Mesangiospermae
GO:0061081	Amniota	32524.0	root | cellular organisms | Eukaryota | Opisthokonta | Metazoa | Eumetazoa | Bilateria | Deuterostomia | Chordata | Craniata | Vertebrata | Gnathostomata | Teleostomi | Euteleostomi | Sarcopterygii | Dipnotetrapodomorpha | Tetrapoda | Amniota
GO:0033615	Eukaryota	2759.0	root | cellular organisms | Eukaryota
GO:0015367	Eukaryota	2759.0	root | cellular organisms | Eukaryota
GO:0080026	Arabidopsis thaliana	3702.0	root | cellular organisms | Eukaryota | Viridiplantae | Streptophyta | Streptophytina | Embryophyta | Tracheophyta | Euphyllophyta | Spermatophyta | Magnoliopsida | Mesangiospermae | eudicotyledons | Gunneridae | Pentapetalae | rosids | malvids | Brassicales | Brassicaceae | Camelineae | Arabidopsis | Arabidopsis thaliana
GO:0055005	Euteleostomi	117571.0	root | cellular organisms | Eukaryota | Opisthokonta | Metazoa | Eumetazoa | Bilateria | Deuterostomia | Chordata | Craniata | Vertebrata | Gnathostomata | Teleostomi | Euteleostomi
GO:0016101	Eukaryota	2759.0	root | cellular organisms | Eukaryota
GO:0030322	root	1.0	root
GO:0006567	root	1.0	root
GO:0033762	Amniota	32524.0	root | cellular organisms | Eukaryota | Opisthokonta | Metazoa | Eumetazoa | Bilateria | Deuterostomia | Chordata | Craniata | Vertebrata | Gnathostomata | Teleostomi | Euteleostomi | Sarcopterygii | Dipnotetrapodomorpha | Tetrapoda | Amniota
GO:1990446	Eukaryota	2759.0	root | cellular organisms | Eukaryota
GO:0102987	Unknown		
GO:0051538	cellular organisms	131567.0	root | cellular organisms
GO:0009759	Arabidopsis thaliana	3702.0	root | cellular organisms | Eukaryota | Viridiplantae | Streptophyta | Streptophytina | Embryophyta | Tracheophyta | Euphyllophyta | Spermatophyta | Magnoliopsida | Mesangiospermae | eudicotyledons | Gunneridae | Pentapetalae | rosids | malvids | Brassicales | Brassicaceae | Camelineae | Arabidopsis | Arabidopsis thaliana
GO:0010105	cellular organisms	131567.0	root | cellular organisms
GO:0004558	cellular organisms	131567.0	root | cellular organisms
GO:0007032	cellular organisms	131567.0	root | cellular organisms
GO:0001919	Eukaryota	2759.0	root | cellular organisms | Eukaryota
GO:0021941	Euarchontoglires	314146.0	root | cellular organisms | Eukaryota | Opisthokonta | Metazoa | Eumetazoa | Bilateria | Deuterostomia | Chordata | Craniata | Vertebrata | Gnathostomata | Teleostomi | Euteleostomi | Sarcopterygii | Dipnotetrapodomorpha | Tetrapoda | Amniota | Mammalia | Theria | Eutheria | Boreoeutheria | Euarchontoglires
GO:0000172	cellular organisms	131567.0	root | cellular organisms
GO:0080064	Arabidopsis thaliana	3702.0	root | cellular organisms | Eukaryota | Viridiplantae | Streptophyta | Streptophytina | Embryophyta | Tracheophyta | Euphyllophyta | Spermatophyta | Magnoliopsida | Mesangiospermae | eudicotyledons | Gunneridae | Pentapetalae | rosids | malvids | Brassicales | Brassicaceae | Camelineae | Arabidopsis | Arabidopsis thaliana
GO:0008897	root	1.0	root
GO:0007339	Eukaryota	2759.0	root | cellular organisms | Eukaryota
GO:1902418	Streptophyta	35493.0	root | cellular organisms | Eukaryota | Viridiplantae | Streptophyta
GO:0042415	Opisthokonta	33154.0	root | cellular organisms | Eukaryota | Opisthokonta
GO:0015410	cellular organisms	131567.0	root | cellular organisms
GO:0019264	Unknown		
GO:0050017	Eukaryota	2759.0	root | cellular organisms | Eukaryota
GO:0045589	Euteleostomi	117571.0	root | cellular organisms | Eukaryota | Opisthokonta | Metazoa | Eumetazoa | Bilateria | Deuterostomia | Chordata | Craniata | Vertebrata | Gnathostomata | Teleostomi | Euteleostomi
GO:0000704	Tequatrovirus T4	10665.0	root | Viruses | Duplodnaviria | Heunggongvirae | Uroviricota | Caudoviricetes | Pantevenvirales | Straboviridae | Tevenvirinae | Tequatrovirus | Tequatrovirus T4
GO:0097604	Bilateria	33213.0	root | cellular organisms | Eukaryota | Opisthokonta | Metazoa | Eumetazoa | Bilateria
GO:0030175	Eukaryota	2759.0	root | cellular organisms | Eukaryota
GO:0002540	Murinae	39107.0	root | cellular organisms | Eukaryota | Opisthokonta | Metazoa | Eumetazoa | Bilateria | Deuterostomia | Chordata | Craniata | Vertebrata | Gnathostomata | Teleostomi | Euteleostomi | Sarcopterygii | Dipnotetrapodomorpha | Tetrapoda | Amniota | Mammalia | Theria | Eutheria | Boreoeutheria | Euarchontoglires | Glires | Rodentia | Myomorpha | Muroidea | Muridae | Murinae
GO:0060058	Euarchontoglires	314146.0	root | cellular organisms | Eukaryota | Opisthokonta | Metazoa | Eumetazoa | Bilateria | Deuterostomia | Chordata | Craniata | Vertebrata | Gnathostomata | Teleostomi | Euteleostomi | Sarcopterygii | Dipnotetrapodomorpha | Tetrapoda | Amniota | Mammalia | Theria | Eutheria | Boreoeutheria | Euarchontoglires
GO:0046520	Eukaryota	2759.0	root | cellular organisms | Eukaryota
GO:0010022	Magnoliopsida	3398.0	root | cellular organisms | Eukaryota | Viridiplantae | Streptophyta | Streptophytina | Embryophyta | Tracheophyta | Euphyllophyta | Spermatophyta | Magnoliopsida
GO:0004165	cellular organisms	131567.0	root | cellular organisms
GO:1903363	Unknown		
GO:0010242	root	1.0	root
GO:0007099	cellular organisms	131567.0	root | cellular organisms
GO:0016254	Unknown		
GO:0060255	Unknown		
GO:0097676	Unknown		
GO:0035529	cellular organisms	131567.0	root | cellular organisms
GO:0000974	Eukaryota	2759.0	root | cellular organisms | Eukaryota
GO:0070863	Opisthokonta	33154.0	root | cellular organisms | Eukaryota | Opisthokonta
GO:0009911	Magnoliopsida	3398.0	root | cellular organisms | Eukaryota | Viridiplantae | Streptophyta | Streptophytina | Embryophyta | Tracheophyta | Euphyllophyta | Spermatophyta | Magnoliopsida
GO:0047105	cellular organisms	131567.0	root | cellular organisms
GO:0030639	cellular organisms	131567.0	root | cellular organisms
GO:0038016	Euteleostomi	117571.0	root | cellular organisms | Eukaryota | Opisthokonta | Metazoa | Eumetazoa | Bilateria | Deuterostomia | Chordata | Craniata | Vertebrata | Gnathostomata | Teleostomi | Euteleostomi
GO:0004156	root	1.0	root
GO:0045047	cellular organisms	131567.0	root | cellular organisms
GO:0071280	cellular organisms	131567.0	root | cellular organisms
GO:0018710	Bacteria	2.0	root | cellular organisms | Bacteria
GO:0140908	Amniota	32524.0	root | cellular organisms | Eukaryota | Opisthokonta | Metazoa | Eumetazoa | Bilateria | Deuterostomia | Chordata | Craniata | Vertebrata | Gnathostomata | Teleostomi | Euteleostomi | Sarcopterygii | Dipnotetrapodomorpha | Tetrapoda | Amniota
GO:0043408	Eukaryota	2759.0	root | cellular organisms | Eukaryota
GO:0001570	Vertebrata	7742.0	root | cellular organisms | Eukaryota | Opisthokonta | Metazoa | Eumetazoa | Bilateria | Deuterostomia | Chordata | Craniata | Vertebrata
GO:0034338	cellular organisms	131567.0	root | cellular organisms
GO:0016602	Eukaryota	2759.0	root | cellular organisms | Eukaryota
GO:0033218	Unknown		
GO:0001618	root	1.0	root
GO:0010030	Viridiplantae	33090.0	root | cellular organisms | Eukaryota | Viridiplantae
GO:0051228	Eukaryota	2759.0	root | cellular organisms | Eukaryota
GO:0070098	root	1.0	root
GO:0046514	cellular organisms	131567.0	root | cellular organisms
GO:0009786	Eukaryota	2759.0	root | cellular organisms | Eukaryota
GO:0043621	Unknown		
GO:0008483	root	1.0	root
GO:0002434	Amniota	32524.0	root | cellular organisms | Eukaryota | Opisthokonta | Metazoa | Eumetazoa | Bilateria | Deuterostomia | Chordata | Craniata | Vertebrata | Gnathostomata | Teleostomi | Euteleostomi | Sarcopterygii | Dipnotetrapodomorpha | Tetrapoda | Amniota
GO:0035928	Bilateria	33213.0	root | cellular organisms | Eukaryota | Opisthokonta | Metazoa | Eumetazoa | Bilateria
GO:0033614	Mesangiospermae	1437183.0	root | cellular organisms | Eukaryota | Viridiplantae | Streptophyta | Streptophytina | Embryophyta | Tracheophyta | Euphyllophyta | Spermatophyta | Magnoliopsida | Mesangiospermae
GO:0045138	Nematoda	6231.0	root | cellular organisms | Eukaryota | Opisthokonta | Metazoa | Eumetazoa | Bilateria | Protostomia | Ecdysozoa | Nematoda
GO:0030971	Eukaryota	2759.0	root | cellular organisms | Eukaryota
GO:0046406	cellular organisms	131567.0	root | cellular organisms
GO:0051122	Amniota	32524.0	root | cellular organisms | Eukaryota | Opisthokonta | Metazoa | Eumetazoa | Bilateria | Deuterostomia | Chordata | Craniata | Vertebrata | Gnathostomata | Teleostomi | Euteleostomi | Sarcopterygii | Dipnotetrapodomorpha | Tetrapoda | Amniota
GO:0007051	cellular organisms	131567.0	root | cellular organisms
GO:0008887	root	1.0	root
GO:0002039	root	1.0	root
GO:0039720	Autographa californica nucleopolyhedrovirus	46015.0	root | Viruses | Viruses incertae sedis | Naldaviricetes | Lefavirales | Baculoviridae | Alphabaculovirus | Alphabaculovirus aucalifornicae | Autographa californica multiple nucleopolyhedrovirus | Autographa californica nucleopolyhedrovirus
GO:0006685	cellular organisms	131567.0	root | cellular organisms
GO:0030171	cellular organisms	131567.0	root | cellular organisms
GO:0010277	cellular organisms	131567.0	root | cellular organisms
GO:0035407	Unknown		
GO:0051511	Eukaryota	2759.0	root | cellular organisms | Eukaryota
GO:0009609	Eukaryota	2759.0	root | cellular organisms | Eukaryota
GO:1903944	Amniota	32524.0	root | cellular organisms | Eukaryota | Opisthokonta | Metazoa | Eumetazoa | Bilateria | Deuterostomia | Chordata | Craniata | Vertebrata | Gnathostomata | Teleostomi | Euteleostomi | Sarcopterygii | Dipnotetrapodomorpha | Tetrapoda | Amniota
GO:0006127	Eukaryota	2759.0	root | cellular organisms | Eukaryota
GO:1903602	Viridiplantae	33090.0	root | cellular organisms | Eukaryota | Viridiplantae
GO:0033353	cellular organisms	131567.0	root | cellular organisms
GO:0010429	Mesangiospermae	1437183.0	root | cellular organisms | Eukaryota | Viridiplantae | Streptophyta | Streptophytina | Embryophyta | Tracheophyta | Euphyllophyta | Spermatophyta | Magnoliopsida | Mesangiospermae
GO:0016987	root	1.0	root
GO:0010398	Arabidopsis thaliana	3702.0	root | cellular organisms | Eukaryota | Viridiplantae | Streptophyta | Streptophytina | Embryophyta | Tracheophyta | Euphyllophyta | Spermatophyta | Magnoliopsida | Mesangiospermae | eudicotyledons | Gunneridae | Pentapetalae | rosids | malvids | Brassicales | Brassicaceae | Camelineae | Arabidopsis | Arabidopsis thaliana
GO:0031491	root	1.0	root
GO:0055046	Magnoliopsida	3398.0	root | cellular organisms | Eukaryota | Viridiplantae | Streptophyta | Streptophytina | Embryophyta | Tracheophyta | Euphyllophyta | Spermatophyta | Magnoliopsida
GO:0000285	Eukaryota	2759.0	root | cellular organisms | Eukaryota
GO:0044169	Viruses	10239.0	root | Viruses
GO:0000506	Eukaryota	2759.0	root | cellular organisms | Eukaryota
GO:0035589	Eukaryota	2759.0	root | cellular organisms | Eukaryota
GO:1905885	Eukaryota	2759.0	root | cellular organisms | Eukaryota
GO:0080117	Magnoliopsida	3398.0	root | cellular organisms | Eukaryota | Viridiplantae | Streptophyta | Streptophytina | Embryophyta | Tracheophyta | Euphyllophyta | Spermatophyta | Magnoliopsida
GO:0004371	root	1.0	root
GO:0070301	cellular organisms	131567.0	root | cellular organisms
GO:0009052	cellular organisms	131567.0	root | cellular organisms
GO:0051567	Unknown		
GO:0004365	cellular organisms	131567.0	root | cellular organisms
GO:0005971	root	1.0	root
GO:0004644	root	1.0	root
GO:0007096	Eukaryota	2759.0	root | cellular organisms | Eukaryota
GO:0052624	cellular organisms	131567.0	root | cellular organisms
GO:0002764	cellular organisms	131567.0	root | cellular organisms
GO:0140096	root	1.0	root
GO:0008630	Eukaryota	2759.0	root | cellular organisms | Eukaryota
GO:0061014	Opisthokonta	33154.0	root | cellular organisms | Eukaryota | Opisthokonta
GO:0051907	cellular organisms	131567.0	root | cellular organisms
GO:0010359	Unknown		
GO:0043619	Unknown		
GO:0102732	Brassicaceae	3700.0	root | cellular organisms | Eukaryota | Viridiplantae | Streptophyta | Streptophytina | Embryophyta | Tracheophyta | Euphyllophyta | Spermatophyta | Magnoliopsida | Mesangiospermae | eudicotyledons | Gunneridae | Pentapetalae | rosids | malvids | Brassicales | Brassicaceae
GO:0006228	root	1.0	root
GO:0045050	Eukaryota	2759.0	root | cellular organisms | Eukaryota
GO:0060586	Eukaryota	2759.0	root | cellular organisms | Eukaryota
GO:0071244	cellular organisms	131567.0	root | cellular organisms
GO:0000120	Eukaryota	2759.0	root | cellular organisms | Eukaryota
GO:0050796	Bilateria	33213.0	root | cellular organisms | Eukaryota | Opisthokonta | Metazoa | Eumetazoa | Bilateria
GO:0008296	cellular organisms	131567.0	root | cellular organisms
GO:1905857	Opisthokonta	33154.0	root | cellular organisms | Eukaryota | Opisthokonta
GO:0018874	cellular organisms	131567.0	root | cellular organisms
GO:0030638	root	1.0	root
GO:0003993	root	1.0	root
GO:0009639	Embryophyta	3193.0	root | cellular organisms | Eukaryota | Viridiplantae | Streptophyta | Streptophytina | Embryophyta
GO:0070696	Mesangiospermae	1437183.0	root | cellular organisms | Eukaryota | Viridiplantae | Streptophyta | Streptophytina | Embryophyta | Tracheophyta | Euphyllophyta | Spermatophyta | Magnoliopsida | Mesangiospermae
GO:0030134	cellular organisms	131567.0	root | cellular organisms
GO:0042053	Bilateria	33213.0	root | cellular organisms | Eukaryota | Opisthokonta | Metazoa | Eumetazoa | Bilateria
GO:0106146	Arabidopsis thaliana	3702.0	root | cellular organisms | Eukaryota | Viridiplantae | Streptophyta | Streptophytina | Embryophyta | Tracheophyta | Euphyllophyta | Spermatophyta | Magnoliopsida | Mesangiospermae | eudicotyledons | Gunneridae | Pentapetalae | rosids | malvids | Brassicales | Brassicaceae | Camelineae | Arabidopsis | Arabidopsis thaliana
GO:0006163	root	1.0	root
GO:0006172	cellular organisms	131567.0	root | cellular organisms
GO:0009734	Eukaryota	2759.0	root | cellular organisms | Eukaryota
GO:0023052	root	1.0	root
GO:0002035	Murinae	39107.0	root | cellular organisms | Eukaryota | Opisthokonta | Metazoa | Eumetazoa | Bilateria | Deuterostomia | Chordata | Craniata | Vertebrata | Gnathostomata | Teleostomi | Euteleostomi | Sarcopterygii | Dipnotetrapodomorpha | Tetrapoda | Amniota | Mammalia | Theria | Eutheria | Boreoeutheria | Euarchontoglires | Glires | Rodentia | Myomorpha | Muroidea | Muridae | Murinae
GO:0030350	cellular organisms	131567.0	root | cellular organisms
GO:0072686	cellular organisms	131567.0	root | cellular organisms
GO:0007444	Schizophora	43738.0	root | cellular organisms | Eukaryota | Opisthokonta | Metazoa | Eumetazoa | Bilateria | Protostomia | Ecdysozoa | Panarthropoda | Arthropoda | Mandibulata | Pancrustacea | Altocrustacea | Allotriocarida | Hexapoda | Insecta | Dicondylia | Pterygota | Neoptera | Eumetabola | Endopterygota | Aparaglossata | Panorpida | Diptera | Brachycera | Muscomorpha | Eremoneura | Cyclorrhapha | Schizophora
GO:0003881	cellular organisms	131567.0	root | cellular organisms
GO:0120197	Amniota	32524.0	root | cellular organisms | Eukaryota | Opisthokonta | Metazoa | Eumetazoa | Bilateria | Deuterostomia | Chordata | Craniata | Vertebrata | Gnathostomata | Teleostomi | Euteleostomi | Sarcopterygii | Dipnotetrapodomorpha | Tetrapoda | Amniota
GO:0033177	cellular organisms	131567.0	root | cellular organisms
GO:0048008	Bilateria	33213.0	root | cellular organisms | Eukaryota | Opisthokonta | Metazoa | Eumetazoa | Bilateria
GO:0052577	cellular organisms	131567.0	root | cellular organisms
GO:0006851	cellular organisms	131567.0	root | cellular organisms
GO:0019750	Embryophyta	3193.0	root | cellular organisms | Eukaryota | Viridiplantae | Streptophyta | Streptophytina | Embryophyta
GO:0009611	cellular organisms	131567.0	root | cellular organisms
GO:0071423	cellular organisms	131567.0	root | cellular organisms
GO:0052828	Euarchontoglires	314146.0	root | cellular organisms | Eukaryota | Opisthokonta | Metazoa | Eumetazoa | Bilateria | Deuterostomia | Chordata | Craniata | Vertebrata | Gnathostomata | Teleostomi | Euteleostomi | Sarcopterygii | Dipnotetrapodomorpha | Tetrapoda | Amniota | Mammalia | Theria | Eutheria | Boreoeutheria | Euarchontoglires
GO:0140097	root	1.0	root
GO:0036180	Saccharomycotina	147537.0	root | cellular organisms | Eukaryota | Opisthokonta | Fungi | Dikarya | Ascomycota | saccharomyceta | Saccharomycotina
GO:0000242	Eukaryota	2759.0	root | cellular organisms | Eukaryota
GO:0045786	root	1.0	root
GO:1901407	Unknown		
GO:0050912	Eumetazoa	6072.0	root | cellular organisms | Eukaryota | Opisthokonta | Metazoa | Eumetazoa
GO:0010377	Magnoliopsida	3398.0	root | cellular organisms | Eukaryota | Viridiplantae | Streptophyta | Streptophytina | Embryophyta | Tracheophyta | Euphyllophyta | Spermatophyta | Magnoliopsida
GO:0051722	Unknown		
GO:0032121	Schizosaccharomyces	4895.0	root | cellular organisms | Eukaryota | Opisthokonta | Fungi | Dikarya | Ascomycota | Taphrinomycotina | Schizosaccharomycetes | Schizosaccharomycetales | Schizosaccharomycetaceae | Schizosaccharomyces
GO:0016594	cellular organisms	131567.0	root | cellular organisms
GO:0003951	root	1.0	root
GO:0004350	cellular organisms	131567.0	root | cellular organisms
GO:0000179	root	1.0	root
GO:0004489	cellular organisms	131567.0	root | cellular organisms
GO:0031981	Eukaryota	2759.0	root | cellular organisms | Eukaryota
GO:0000943	Saccharomycetaceae	4893.0	root | cellular organisms | Eukaryota | Opisthokonta | Fungi | Dikarya | Ascomycota | saccharomyceta | Saccharomycotina | Saccharomycetes | Saccharomycetales | Saccharomycetaceae
GO:0072710	Eukaryota	2759.0	root | cellular organisms | Eukaryota
GO:0071544	Amniota	32524.0	root | cellular organisms | Eukaryota | Opisthokonta | Metazoa | Eumetazoa | Bilateria | Deuterostomia | Chordata | Craniata | Vertebrata | Gnathostomata | Teleostomi | Euteleostomi | Sarcopterygii | Dipnotetrapodomorpha | Tetrapoda | Amniota
GO:2000122	Brassicaceae	3700.0	root | cellular organisms | Eukaryota | Viridiplantae | Streptophyta | Streptophytina | Embryophyta | Tracheophyta | Euphyllophyta | Spermatophyta | Magnoliopsida | Mesangiospermae | eudicotyledons | Gunneridae | Pentapetalae | rosids | malvids | Brassicales | Brassicaceae
GO:0052822	Unknown		
GO:0033971	cellular organisms	131567.0	root | cellular organisms
GO:0102752	Unknown		
GO:0050847	Euteleostomi	117571.0	root | cellular organisms | Eukaryota | Opisthokonta | Metazoa | Eumetazoa | Bilateria | Deuterostomia | Chordata | Craniata | Vertebrata | Gnathostomata | Teleostomi | Euteleostomi
GO:0019080	root	1.0	root
GO:0047262	Eukaryota	2759.0	root | cellular organisms | Eukaryota
GO:0009117	Unknown		3470597
GO:0007292	Eukaryota	2759.0	root | cellular organisms | Eukaryota
GO:0040008	cellular organisms	131567.0	root | cellular organisms
GO:0010055	Arabidopsis thaliana	3702.0	root | cellular organisms | Eukaryota | Viridiplantae | Streptophyta | Streptophytina | Embryophyta | Tracheophyta | Euphyllophyta | Spermatophyta | Magnoliopsida | Mesangiospermae | eudicotyledons | Gunneridae | Pentapetalae | rosids | malvids | Brassicales | Brassicaceae | Camelineae | Arabidopsis | Arabidopsis thaliana
GO:0052745	cellular organisms	131567.0	root | cellular organisms
GO:0006607	Eukaryota	2759.0	root | cellular organisms | Eukaryota
GO:0101006	cellular organisms	131567.0	root | cellular organisms
GO:0034243	Eukaryota	2759.0	root | cellular organisms | Eukaryota
GO:0004306	root	1.0	root
GO:0035329	cellular organisms	131567.0	root | cellular organisms
GO:0090537	Eukaryota	2759.0	root | cellular organisms | Eukaryota
GO:0006448	cellular organisms	131567.0	root | cellular organisms
GO:0050650	cellular organisms	131567.0	root | cellular organisms
GO:0043697	Eukaryota	2759.0	root | cellular organisms | Eukaryota
GO:0006281	root	1.0	root
GO:0006833	cellular organisms	131567.0	root | cellular organisms
GO:0000156	root	1.0	root
GO:0009247	cellular organisms	131567.0	root | cellular organisms
GO:0046802	root	1.0	root
GO:0035550	cellular organisms	131567.0	root | cellular organisms
GO:0045843	Bilateria	33213.0	root | cellular organisms | Eukaryota | Opisthokonta | Metazoa | Eumetazoa | Bilateria
GO:0033320	cellular organisms	131567.0	root | cellular organisms
GO:0060711	Murinae	39107.0	root | cellular organisms | Eukaryota | Opisthokonta | Metazoa | Eumetazoa | Bilateria | Deuterostomia | Chordata | Craniata | Vertebrata | Gnathostomata | Teleostomi | Euteleostomi | Sarcopterygii | Dipnotetrapodomorpha | Tetrapoda | Amniota | Mammalia | Theria | Eutheria | Boreoeutheria | Euarchontoglires | Glires | Rodentia | Myomorpha | Muroidea | Muridae | Murinae
GO:0000400	root	1.0	root
GO:0048658	Magnoliopsida	3398.0	root | cellular organisms | Eukaryota | Viridiplantae | Streptophyta | Streptophytina | Embryophyta | Tracheophyta | Euphyllophyta | Spermatophyta | Magnoliopsida
GO:0004356	root	1.0	root
GO:0004671	root	1.0	root
GO:0042632	cellular organisms	131567.0	root | cellular organisms
GO:0000079	Eukaryota	2759.0	root | cellular organisms | Eukaryota
GO:0070966	cellular organisms	131567.0	root | cellular organisms
GO:0060919	Magnoliopsida	3398.0	root | cellular organisms | Eukaryota | Viridiplantae | Streptophyta | Streptophytina | Embryophyta | Tracheophyta | Euphyllophyta | Spermatophyta | Magnoliopsida
GO:0016757	root	1.0	root
GO:0015304	Boreoeutheria	1437010.0	root | cellular organisms | Eukaryota | Opisthokonta | Metazoa | Eumetazoa | Bilateria | Deuterostomia | Chordata | Craniata | Vertebrata | Gnathostomata | Teleostomi | Euteleostomi | Sarcopterygii | Dipnotetrapodomorpha | Tetrapoda | Amniota | Mammalia | Theria | Eutheria | Boreoeutheria
GO:0009690	cellular organisms	131567.0	root | cellular organisms
GO:0009644	cellular organisms	131567.0	root | cellular organisms
GO:0006402	root	1.0	root
GO:0090059	Mesangiospermae	1437183.0	root | cellular organisms | Eukaryota | Viridiplantae | Streptophyta | Streptophytina | Embryophyta | Tracheophyta | Euphyllophyta | Spermatophyta | Magnoliopsida | Mesangiospermae
GO:0048314	Arabidopsis thaliana	3702.0	root | cellular organisms | Eukaryota | Viridiplantae | Streptophyta | Streptophytina | Embryophyta | Tracheophyta | Euphyllophyta | Spermatophyta | Magnoliopsida | Mesangiospermae | eudicotyledons | Gunneridae | Pentapetalae | rosids | malvids | Brassicales | Brassicaceae | Camelineae | Arabidopsis | Arabidopsis thaliana
GO:0039644	Unknown		
GO:0010214	Mesangiospermae	1437183.0	root | cellular organisms | Eukaryota | Viridiplantae | Streptophyta | Streptophytina | Embryophyta | Tracheophyta | Euphyllophyta | Spermatophyta | Magnoliopsida | Mesangiospermae
GO:0035584	Unknown		
GO:0034366	Euteleostomi	117571.0	root | cellular organisms | Eukaryota | Opisthokonta | Metazoa | Eumetazoa | Bilateria | Deuterostomia | Chordata | Craniata | Vertebrata | Gnathostomata | Teleostomi | Euteleostomi
GO:1903382	Amniota	32524.0	root | cellular organisms | Eukaryota | Opisthokonta | Metazoa | Eumetazoa | Bilateria | Deuterostomia | Chordata | Craniata | Vertebrata | Gnathostomata | Teleostomi | Euteleostomi | Sarcopterygii | Dipnotetrapodomorpha | Tetrapoda | Amniota
GO:0005524	Unknown		3470597
GO:0016032	Unknown		3470597
GO:0080142	Viridiplantae	33090.0	root | cellular organisms | Eukaryota | Viridiplantae
GO:0010265	Eukaryota	2759.0	root | cellular organisms | Eukaryota
GO:0030956	root	1.0	root
GO:0004638	cellular organisms	131567.0	root | cellular organisms
GO:0036499	Bilateria	33213.0	root | cellular organisms | Eukaryota | Opisthokonta | Metazoa | Eumetazoa | Bilateria
GO:0120014	cellular organisms	131567.0	root | cellular organisms
GO:0015031	root	1.0	root
GO:0090438	Brassicaceae	3700.0	root | cellular organisms | Eukaryota | Viridiplantae | Streptophyta | Streptophytina | Embryophyta | Tracheophyta | Euphyllophyta | Spermatophyta | Magnoliopsida | Mesangiospermae | eudicotyledons | Gunneridae | Pentapetalae | rosids | malvids | Brassicales | Brassicaceae
GO:1904161	Eukaryota	2759.0	root | cellular organisms | Eukaryota
GO:0006259	root	1.0	root
GO:0014850	Gnathostomata	7776.0	root | cellular organisms | Eukaryota | Opisthokonta | Metazoa | Eumetazoa | Bilateria | Deuterostomia | Chordata | Craniata | Vertebrata | Gnathostomata
GO:0039548	Unknown		3470597
GO:0007031	cellular organisms	131567.0	root | cellular organisms
GO:0102219	Unknown		
GO:0006006	root	1.0	root
GO:0140911	root	1.0	root
GO:1903377	Chordata	7711.0	root | cellular organisms | Eukaryota | Opisthokonta | Metazoa | Eumetazoa | Bilateria | Deuterostomia | Chordata
GO:0030414	root	1.0	root
GO:0001759	Eukaryota	2759.0	root | cellular organisms | Eukaryota
GO:0051720	Poaceae	4479.0	root | cellular organisms | Eukaryota | Viridiplantae | Streptophyta | Streptophytina | Embryophyta | Tracheophyta | Euphyllophyta | Spermatophyta | Magnoliopsida | Mesangiospermae | Liliopsida | Petrosaviidae | commelinids | Poales | Poaceae
GO:0035091	cellular organisms	131567.0	root | cellular organisms
GO:0006116	Unknown		
GO:0050793	cellular organisms	131567.0	root | cellular organisms
GO:0008427	Vertebrata	7742.0	root | cellular organisms | Eukaryota | Opisthokonta | Metazoa | Eumetazoa | Bilateria | Deuterostomia | Chordata | Craniata | Vertebrata
GO:0048235	Mesangiospermae	1437183.0	root | cellular organisms | Eukaryota | Viridiplantae | Streptophyta | Streptophytina | Embryophyta | Tracheophyta | Euphyllophyta | Spermatophyta | Magnoliopsida | Mesangiospermae
GO:0004143	cellular organisms	131567.0	root | cellular organisms
GO:0006626	Unknown		
GO:0080131	Pentapetalae	1437201.0	root | cellular organisms | Eukaryota | Viridiplantae | Streptophyta | Streptophytina | Embryophyta | Tracheophyta | Euphyllophyta | Spermatophyta | Magnoliopsida | Mesangiospermae | eudicotyledons | Gunneridae | Pentapetalae
GO:0006890	cellular organisms	131567.0	root | cellular organisms
GO:0035371	cellular organisms	131567.0	root | cellular organisms
GO:0008266	root	1.0	root
GO:0008255	Protostomia	33317.0	root | cellular organisms | Eukaryota | Opisthokonta | Metazoa | Eumetazoa | Bilateria | Protostomia
GO:0015020	cellular organisms	131567.0	root | cellular organisms
GO:0046554	cellular organisms	131567.0	root | cellular organisms
GO:0032689	root	1.0	root
GO:0009706	Eukaryota	2759.0	root | cellular organisms | Eukaryota
GO:1902883	Eukaryota	2759.0	root | cellular organisms | Eukaryota
GO:0098845	Amniota	32524.0	root | cellular organisms | Eukaryota | Opisthokonta | Metazoa | Eumetazoa | Bilateria | Deuterostomia | Chordata | Craniata | Vertebrata | Gnathostomata | Teleostomi | Euteleostomi | Sarcopterygii | Dipnotetrapodomorpha | Tetrapoda | Amniota
GO:0080129	Eukaryota	2759.0	root | cellular organisms | Eukaryota
GO:0016045	Eukaryota	2759.0	root | cellular organisms | Eukaryota
GO:0045324	cellular organisms	131567.0	root | cellular organisms
GO:0005787	Eukaryota	2759.0	root | cellular organisms | Eukaryota
GO:0019776	Eukaryota	2759.0	root | cellular organisms | Eukaryota
GO:0000214	Eukaryota	2759.0	root | cellular organisms | Eukaryota
GO:0010417	Streptophytina	131221.0	root | cellular organisms | Eukaryota | Viridiplantae | Streptophyta | Streptophytina
GO:0070773	cellular organisms	131567.0	root | cellular organisms
GO:0032275	Amniota	32524.0	root | cellular organisms | Eukaryota | Opisthokonta | Metazoa | Eumetazoa | Bilateria | Deuterostomia | Chordata | Craniata | Vertebrata | Gnathostomata | Teleostomi | Euteleostomi | Sarcopterygii | Dipnotetrapodomorpha | Tetrapoda | Amniota
GO:0044053	root	1.0	root
GO:0032585	Eukaryota	2759.0	root | cellular organisms | Eukaryota
GO:0060718	Euteleostomi	117571.0	root | cellular organisms | Eukaryota | Opisthokonta | Metazoa | Eumetazoa | Bilateria | Deuterostomia | Chordata | Craniata | Vertebrata | Gnathostomata | Teleostomi | Euteleostomi
GO:0047517	Mesangiospermae	1437183.0	root | cellular organisms | Eukaryota | Viridiplantae | Streptophyta | Streptophytina | Embryophyta | Tracheophyta | Euphyllophyta | Spermatophyta | Magnoliopsida | Mesangiospermae
GO:0050201	cellular organisms	131567.0	root | cellular organisms
GO:0009970	cellular organisms	131567.0	root | cellular organisms
GO:0043199	cellular organisms	131567.0	root | cellular organisms
GO:0120230	Eukaryota	2759.0	root | cellular organisms | Eukaryota
GO:0008470	cellular organisms	131567.0	root | cellular organisms
GO:0043005	Eukaryota	2759.0	root | cellular organisms | Eukaryota
GO:1905393	Embryophyta	3193.0	root | cellular organisms | Eukaryota | Viridiplantae | Streptophyta | Streptophytina | Embryophyta
GO:0055082	cellular organisms	131567.0	root | cellular organisms
GO:0005769	Eukaryota	2759.0	root | cellular organisms | Eukaryota
GO:0043335	cellular organisms	131567.0	root | cellular organisms
GO:0005802	Eukaryota	2759.0	root | cellular organisms | Eukaryota
GO:1901371	Magnoliopsida	3398.0	root | cellular organisms | Eukaryota | Viridiplantae | Streptophyta | Streptophytina | Embryophyta | Tracheophyta | Euphyllophyta | Spermatophyta | Magnoliopsida
GO:0070209	Unknown		
GO:0120200	Gnathostomata	7776.0	root | cellular organisms | Eukaryota | Opisthokonta | Metazoa | Eumetazoa | Bilateria | Deuterostomia | Chordata | Craniata | Vertebrata | Gnathostomata
GO:0005658	Eukaryota	2759.0	root | cellular organisms | Eukaryota
GO:0030123	cellular organisms	131567.0	root | cellular organisms
GO:0050728	Eukaryota	2759.0	root | cellular organisms | Eukaryota
GO:0033106	Eukaryota	2759.0	root | cellular organisms | Eukaryota
GO:0006491	cellular organisms	131567.0	root | cellular organisms
GO:1990752	Eukaryota	2759.0	root | cellular organisms | Eukaryota
GO:0000291	Unknown		
GO:0006048	root	1.0	root
GO:0006089	root	1.0	root
GO:0045145	root	1.0	root
GO:0140359	root	1.0	root
GO:0140469	cellular organisms	131567.0	root | cellular organisms
GO:0005158	Metazoa	33208.0	root | cellular organisms | Eukaryota | Opisthokonta | Metazoa
GO:0032542	cellular organisms	131567.0	root | cellular organisms
GO:0010264	cellular organisms	131567.0	root | cellular organisms
GO:0016428	cellular organisms	131567.0	root | cellular organisms
GO:0042059	Eukaryota	2759.0	root | cellular organisms | Eukaryota
GO:0031322	Ascomycota	4890.0	root | cellular organisms | Eukaryota | Opisthokonta | Fungi | Dikarya | Ascomycota
GO:0008392	Bilateria	33213.0	root | cellular organisms | Eukaryota | Opisthokonta | Metazoa | Eumetazoa | Bilateria
GO:0046033	cellular organisms	131567.0	root | cellular organisms
GO:0032963	root	1.0	root
GO:2000331	Bilateria	33213.0	root | cellular organisms | Eukaryota | Opisthokonta | Metazoa | Eumetazoa | Bilateria
GO:0042162	cellular organisms	131567.0	root | cellular organisms
GO:0017134	Eukaryota	2759.0	root | cellular organisms | Eukaryota
GO:0090200	Bilateria	33213.0	root | cellular organisms | Eukaryota | Opisthokonta | Metazoa | Eumetazoa | Bilateria
GO:0045797	Amniota	32524.0	root | cellular organisms | Eukaryota | Opisthokonta | Metazoa | Eumetazoa | Bilateria | Deuterostomia | Chordata | Craniata | Vertebrata | Gnathostomata | Teleostomi | Euteleostomi | Sarcopterygii | Dipnotetrapodomorpha | Tetrapoda | Amniota
GO:0016567	root	1.0	root
GO:1901982	cellular organisms	131567.0	root | cellular organisms
GO:0004104	root	1.0	root
GO:0101005	root	1.0	root
GO:0051119	cellular organisms	131567.0	root | cellular organisms
GO:0008344	Metazoa	33208.0	root | cellular organisms | Eukaryota | Opisthokonta | Metazoa
GO:0000276	Unknown		
GO:0015136	cellular organisms	131567.0	root | cellular organisms
GO:2000786	root	1.0	root
GO:0039620	Viruses	10239.0	root | Viruses
GO:0061993	Mesangiospermae	1437183.0	root | cellular organisms | Eukaryota | Viridiplantae | Streptophyta | Streptophytina | Embryophyta | Tracheophyta | Euphyllophyta | Spermatophyta | Magnoliopsida | Mesangiospermae
GO:0030838	root	1.0	root
GO:0005518	root	1.0	root
GO:0055057	Ecdysozoa	1206794.0	root | cellular organisms | Eukaryota | Opisthokonta | Metazoa | Eumetazoa | Bilateria | Protostomia | Ecdysozoa
GO:0042409	cellular organisms	131567.0	root | cellular organisms
GO:1904262	cellular organisms	131567.0	root | cellular organisms
GO:0008033	root	1.0	root
GO:0008807	cellular organisms	131567.0	root | cellular organisms
GO:0060296	Eukaryota	2759.0	root | cellular organisms | Eukaryota
GO:0046355	cellular organisms	131567.0	root | cellular organisms
GO:0001837	Bilateria	33213.0	root | cellular organisms | Eukaryota | Opisthokonta | Metazoa | Eumetazoa | Bilateria
GO:0052672	Unknown		
GO:0050807	Bilateria	33213.0	root | cellular organisms | Eukaryota | Opisthokonta | Metazoa | Eumetazoa | Bilateria
GO:0045435	Arabidopsis thaliana	3702.0	root | cellular organisms | Eukaryota | Viridiplantae | Streptophyta | Streptophytina | Embryophyta | Tracheophyta | Euphyllophyta | Spermatophyta | Magnoliopsida | Mesangiospermae | eudicotyledons | Gunneridae | Pentapetalae | rosids | malvids | Brassicales | Brassicaceae | Camelineae | Arabidopsis | Arabidopsis thaliana
GO:0060395	Eukaryota	2759.0	root | cellular organisms | Eukaryota
GO:0016554	cellular organisms	131567.0	root | cellular organisms
GO:1990090	Bilateria	33213.0	root | cellular organisms | Eukaryota | Opisthokonta | Metazoa | Eumetazoa | Bilateria
GO:0010811	cellular organisms	131567.0	root | cellular organisms
GO:0046872	Unknown		3470597
GO:0031539	Arabidopsis thaliana	3702.0	root | cellular organisms | Eukaryota | Viridiplantae | Streptophyta | Streptophytina | Embryophyta | Tracheophyta | Euphyllophyta | Spermatophyta | Magnoliopsida | Mesangiospermae | eudicotyledons | Gunneridae | Pentapetalae | rosids | malvids | Brassicales | Brassicaceae | Camelineae | Arabidopsis | Arabidopsis thaliana
GO:0031226	Unknown		
GO:0090378	Mesangiospermae	1437183.0	root | cellular organisms | Eukaryota | Viridiplantae | Streptophyta | Streptophytina | Embryophyta | Tracheophyta | Euphyllophyta | Spermatophyta | Magnoliopsida | Mesangiospermae
GO:0070536	root	1.0	root
GO:0021764	Euarchontoglires	314146.0	root | cellular organisms | Eukaryota | Opisthokonta | Metazoa | Eumetazoa | Bilateria | Deuterostomia | Chordata | Craniata | Vertebrata | Gnathostomata | Teleostomi | Euteleostomi | Sarcopterygii | Dipnotetrapodomorpha | Tetrapoda | Amniota | Mammalia | Theria | Eutheria | Boreoeutheria | Euarchontoglires
GO:0070584	Unknown		
GO:0036402	cellular organisms	131567.0	root | cellular organisms
GO:0009641	Brassicaceae	3700.0	root | cellular organisms | Eukaryota | Viridiplantae | Streptophyta | Streptophytina | Embryophyta | Tracheophyta | Euphyllophyta | Spermatophyta | Magnoliopsida | Mesangiospermae | eudicotyledons | Gunneridae | Pentapetalae | rosids | malvids | Brassicales | Brassicaceae
GO:0007548	Opisthokonta	33154.0	root | cellular organisms | Eukaryota | Opisthokonta
GO:0004822	root	1.0	root
GO:0050709	root	1.0	root
GO:0048364	Viridiplantae	33090.0	root | cellular organisms | Eukaryota | Viridiplantae
GO:0060151	Eukaryota	2759.0	root | cellular organisms | Eukaryota
GO:0010109	cellular organisms	131567.0	root | cellular organisms
GO:0071392	Vertebrata	7742.0	root | cellular organisms | Eukaryota | Opisthokonta | Metazoa | Eumetazoa | Bilateria | Deuterostomia | Chordata | Craniata | Vertebrata
GO:0016853	root	1.0	root
GO:0008353	cellular organisms	131567.0	root | cellular organisms
GO:0012510	Eukaryota	2759.0	root | cellular organisms | Eukaryota
GO:0035039	Bilateria	33213.0	root | cellular organisms | Eukaryota | Opisthokonta | Metazoa | Eumetazoa | Bilateria
GO:0072657	Eukaryota	2759.0	root | cellular organisms | Eukaryota
GO:0071433	cellular organisms	131567.0	root | cellular organisms
GO:0003084	Bilateria	33213.0	root | cellular organisms | Eukaryota | Opisthokonta | Metazoa | Eumetazoa | Bilateria
GO:0051701	root	1.0	root
GO:0010395	Arabidopsis thaliana	3702.0	root | cellular organisms | Eukaryota | Viridiplantae | Streptophyta | Streptophytina | Embryophyta | Tracheophyta | Euphyllophyta | Spermatophyta | Magnoliopsida | Mesangiospermae | eudicotyledons | Gunneridae | Pentapetalae | rosids | malvids | Brassicales | Brassicaceae | Camelineae | Arabidopsis | Arabidopsis thaliana
GO:0046765	root	1.0	root
GO:0070373	root	1.0	root
GO:0032549	root	1.0	root
GO:0009853	Eukaryota	2759.0	root | cellular organisms | Eukaryota
GO:0009627	Eukaryota	2759.0	root | cellular organisms | Eukaryota
GO:0042595	Bilateria	33213.0	root | cellular organisms | Eukaryota | Opisthokonta | Metazoa | Eumetazoa | Bilateria
GO:1990019	Viridiplantae	33090.0	root | cellular organisms | Eukaryota | Viridiplantae
GO:0033947	cellular organisms	131567.0	root | cellular organisms
GO:0009744	Eukaryota	2759.0	root | cellular organisms | Eukaryota
GO:0070628	cellular organisms	131567.0	root | cellular organisms
GO:0000741	Eukaryota	2759.0	root | cellular organisms | Eukaryota
GO:0070063	root	1.0	root
GO:0000987	cellular organisms	131567.0	root | cellular organisms
GO:0033987	Mesangiospermae	1437183.0	root | cellular organisms | Eukaryota | Viridiplantae | Streptophyta | Streptophytina | Embryophyta | Tracheophyta | Euphyllophyta | Spermatophyta | Magnoliopsida | Mesangiospermae
GO:0102339	Unknown		
GO:0080182	Unknown		
GO:0035267	cellular organisms	131567.0	root | cellular organisms
GO:0016575	Unknown		
GO:0015746	cellular organisms	131567.0	root | cellular organisms
GO:0070971	Eukaryota	2759.0	root | cellular organisms | Eukaryota
GO:0030755	cellular organisms	131567.0	root | cellular organisms
GO:1904294	Eukaryota	2759.0	root | cellular organisms | Eukaryota
GO:0043429	Unknown		
GO:0034473	cellular organisms	131567.0	root | cellular organisms
GO:0018580	root	1.0	root
GO:0070208	cellular organisms	131567.0	root | cellular organisms
GO:0040031	Eukaryota	2759.0	root | cellular organisms | Eukaryota
GO:0005739	root	1.0	root
GO:0031124	root	1.0	root
GO:0097054	cellular organisms	131567.0	root | cellular organisms
GO:0000403	cellular organisms	131567.0	root | cellular organisms
GO:0010161	Eukaryota	2759.0	root | cellular organisms | Eukaryota
GO:0043073	Eukaryota	2759.0	root | cellular organisms | Eukaryota
GO:1903833	Fungi	4751.0	root | cellular organisms | Eukaryota | Opisthokonta | Fungi
GO:0043041	root	1.0	root
GO:0009847	cellular organisms	131567.0	root | cellular organisms
GO:2000033	Magnoliopsida	3398.0	root | cellular organisms | Eukaryota | Viridiplantae | Streptophyta | Streptophytina | Embryophyta | Tracheophyta | Euphyllophyta | Spermatophyta | Magnoliopsida
GO:1902254	Euteleostomi	117571.0	root | cellular organisms | Eukaryota | Opisthokonta | Metazoa | Eumetazoa | Bilateria | Deuterostomia | Chordata | Craniata | Vertebrata | Gnathostomata | Teleostomi | Euteleostomi
GO:0009673	Eukaryota	2759.0	root | cellular organisms | Eukaryota
GO:0005640	Eukaryota	2759.0	root | cellular organisms | Eukaryota
GO:0004045	root	1.0	root
GO:0001825	Theria	32525.0	root | cellular organisms | Eukaryota | Opisthokonta | Metazoa | Eumetazoa | Bilateria | Deuterostomia | Chordata | Craniata | Vertebrata | Gnathostomata | Teleostomi | Euteleostomi | Sarcopterygii | Dipnotetrapodomorpha | Tetrapoda | Amniota | Mammalia | Theria
GO:0043021	cellular organisms	131567.0	root | cellular organisms
GO:0048211	Eukaryota	2759.0	root | cellular organisms | Eukaryota
GO:0008022	Unknown		
GO:0043036	Viridiplantae	33090.0	root | cellular organisms | Eukaryota | Viridiplantae
GO:0071932	cellular organisms	131567.0	root | cellular organisms
GO:1902388	Eukaryota	2759.0	root | cellular organisms | Eukaryota
GO:0000152	Eukaryota	2759.0	root | cellular organisms | Eukaryota
GO:0045842	Eukaryota	2759.0	root | cellular organisms | Eukaryota
GO:2000405	Euteleostomi	117571.0	root | cellular organisms | Eukaryota | Opisthokonta | Metazoa | Eumetazoa | Bilateria | Deuterostomia | Chordata | Craniata | Vertebrata | Gnathostomata | Teleostomi | Euteleostomi
GO:0070143	Eukaryota	2759.0	root | cellular organisms | Eukaryota
GO:0071320	cellular organisms	131567.0	root | cellular organisms
GO:0042721	Eukaryota	2759.0	root | cellular organisms | Eukaryota
GO:0008308	cellular organisms	131567.0	root | cellular organisms
GO:0017198	Unknown		
GO:0034506	Eukaryota	2759.0	root | cellular organisms | Eukaryota
GO:0016772	root	1.0	root
GO:0006672	cellular organisms	131567.0	root | cellular organisms
GO:0060382	Amniota	32524.0	root | cellular organisms | Eukaryota | Opisthokonta | Metazoa | Eumetazoa | Bilateria | Deuterostomia | Chordata | Craniata | Vertebrata | Gnathostomata | Teleostomi | Euteleostomi | Sarcopterygii | Dipnotetrapodomorpha | Tetrapoda | Amniota
GO:0006198	cellular organisms	131567.0	root | cellular organisms
GO:0052727	Pentapetalae	1437201.0	root | cellular organisms | Eukaryota | Viridiplantae | Streptophyta | Streptophytina | Embryophyta | Tracheophyta | Euphyllophyta | Spermatophyta | Magnoliopsida | Mesangiospermae | eudicotyledons | Gunneridae | Pentapetalae
GO:0005542	cellular organisms	131567.0	root | cellular organisms
GO:0103099	Unknown		
GO:0030424	Opisthokonta	33154.0	root | cellular organisms | Eukaryota | Opisthokonta
GO:0002058	cellular organisms	131567.0	root | cellular organisms
GO:0015605	Eukaryota	2759.0	root | cellular organisms | Eukaryota
GO:0001409	cellular organisms	131567.0	root | cellular organisms
GO:0035673	cellular organisms	131567.0	root | cellular organisms
GO:0006497	Eukaryota	2759.0	root | cellular organisms | Eukaryota
GO:0047782	Spermatophyta	58024.0	root | cellular organisms | Eukaryota | Viridiplantae | Streptophyta | Streptophytina | Embryophyta | Tracheophyta | Euphyllophyta | Spermatophyta
GO:0047714	cellular organisms	131567.0	root | cellular organisms
GO:0033674	Eukaryota	2759.0	root | cellular organisms | Eukaryota
GO:0090314	cellular organisms	131567.0	root | cellular organisms
GO:0042470	Eukaryota	2759.0	root | cellular organisms | Eukaryota
GO:0102161	Spermatophyta	58024.0	root | cellular organisms | Eukaryota | Viridiplantae | Streptophyta | Streptophytina | Embryophyta | Tracheophyta | Euphyllophyta | Spermatophyta
GO:0070274	Eukaryota	2759.0	root | cellular organisms | Eukaryota
GO:1990904	root	1.0	root
GO:0005677	Eukaryota	2759.0	root | cellular organisms | Eukaryota
GO:0010152	Magnoliopsida	3398.0	root | cellular organisms | Eukaryota | Viridiplantae | Streptophyta | Streptophytina | Embryophyta | Tracheophyta | Euphyllophyta | Spermatophyta | Magnoliopsida
GO:0005044	root	1.0	root
GO:2000374	cellular organisms	131567.0	root | cellular organisms
GO:0032289	Euteleostomi	117571.0	root | cellular organisms | Eukaryota | Opisthokonta | Metazoa | Eumetazoa | Bilateria | Deuterostomia | Chordata | Craniata | Vertebrata | Gnathostomata | Teleostomi | Euteleostomi
GO:1990404	root	1.0	root
GO:0080033	cellular organisms	131567.0	root | cellular organisms
GO:0010276	cellular organisms	131567.0	root | cellular organisms
GO:0032957	cellular organisms	131567.0	root | cellular organisms
GO:0003691	cellular organisms	131567.0	root | cellular organisms
GO:0043525	Metazoa	33208.0	root | cellular organisms | Eukaryota | Opisthokonta | Metazoa
GO:0043161	root	1.0	root
GO:0046443	Eukaryota	2759.0	root | cellular organisms | Eukaryota
GO:0055038	Eukaryota	2759.0	root | cellular organisms | Eukaryota
GO:0030145	root	1.0	root
GO:0030961	cellular organisms	131567.0	root | cellular organisms
GO:0070588	root	1.0	root
GO:0032365	Eukaryota	2759.0	root | cellular organisms | Eukaryota
GO:0010169	Arabidopsis thaliana	3702.0	root | cellular organisms | Eukaryota | Viridiplantae | Streptophyta | Streptophytina | Embryophyta | Tracheophyta | Euphyllophyta | Spermatophyta | Magnoliopsida | Mesangiospermae | eudicotyledons | Gunneridae | Pentapetalae | rosids | malvids | Brassicales | Brassicaceae | Camelineae | Arabidopsis | Arabidopsis thaliana
GO:0098754	cellular organisms	131567.0	root | cellular organisms
GO:0000326	Viridiplantae	33090.0	root | cellular organisms | Eukaryota | Viridiplantae
GO:0000076	Eukaryota	2759.0	root | cellular organisms | Eukaryota
GO:0072371	Schizosaccharomyces	4895.0	root | cellular organisms | Eukaryota | Opisthokonta | Fungi | Dikarya | Ascomycota | Taphrinomycotina | Schizosaccharomycetes | Schizosaccharomycetales | Schizosaccharomycetaceae | Schizosaccharomyces
GO:0035613	root	1.0	root
GO:0005315	root	1.0	root
GO:0016579	root	1.0	root
GO:0140615	Eukaryota	2759.0	root | cellular organisms | Eukaryota
GO:0048268	cellular organisms	131567.0	root | cellular organisms
GO:0019918	Eukaryota	2759.0	root | cellular organisms | Eukaryota
GO:0045899	Eukaryota	2759.0	root | cellular organisms | Eukaryota
GO:0031462	root	1.0	root
GO:0102395	Eukaryota	2759.0	root | cellular organisms | Eukaryota
GO:0015811	cellular organisms	131567.0	root | cellular organisms
GO:2000003	Opisthokonta	33154.0	root | cellular organisms | Eukaryota | Opisthokonta
GO:0042538	cellular organisms	131567.0	root | cellular organisms
GO:0015485	cellular organisms	131567.0	root | cellular organisms
GO:0102033	Eukaryota	2759.0	root | cellular organisms | Eukaryota
GO:0009055	root	1.0	root
GO:0019140	Mesangiospermae	1437183.0	root | cellular organisms | Eukaryota | Viridiplantae | Streptophyta | Streptophytina | Embryophyta | Tracheophyta | Euphyllophyta | Spermatophyta | Magnoliopsida | Mesangiospermae
GO:0070150	Eukaryota	2759.0	root | cellular organisms | Eukaryota
GO:1902902	Opisthokonta	33154.0	root | cellular organisms | Eukaryota | Opisthokonta
GO:0051267	Unknown		
GO:0007423	Eumetazoa	6072.0	root | cellular organisms | Eukaryota | Opisthokonta | Metazoa | Eumetazoa
GO:0008663	cellular organisms	131567.0	root | cellular organisms
GO:0051650	Eukaryota	2759.0	root | cellular organisms | Eukaryota
GO:2000068	Mesangiospermae	1437183.0	root | cellular organisms | Eukaryota | Viridiplantae | Streptophyta | Streptophytina | Embryophyta | Tracheophyta | Euphyllophyta | Spermatophyta | Magnoliopsida | Mesangiospermae
GO:0102196	Eukaryota	2759.0	root | cellular organisms | Eukaryota
GO:0019948	cellular organisms	131567.0	root | cellular organisms
GO:0030695	cellular organisms	131567.0	root | cellular organisms
GO:0046967	Eukaryota	2759.0	root | cellular organisms | Eukaryota
GO:0008336	cellular organisms	131567.0	root | cellular organisms
GO:0097504	Eukaryota	2759.0	root | cellular organisms | Eukaryota
GO:0033959	root	1.0	root
GO:0034432	cellular organisms	131567.0	root | cellular organisms
GO:0035493	Eukaryota	2759.0	root | cellular organisms | Eukaryota
GO:0050080	cellular organisms	131567.0	root | cellular organisms
GO:0043388	Euteleostomi	117571.0	root | cellular organisms | Eukaryota | Opisthokonta | Metazoa | Eumetazoa | Bilateria | Deuterostomia | Chordata | Craniata | Vertebrata | Gnathostomata | Teleostomi | Euteleostomi
GO:0035618	Viridiplantae	33090.0	root | cellular organisms | Eukaryota | Viridiplantae
GO:1990810	Eukaryota	2759.0	root | cellular organisms | Eukaryota
GO:0060620	Tetrapoda	32523.0	root | cellular organisms | Eukaryota | Opisthokonta | Metazoa | Eumetazoa | Bilateria | Deuterostomia | Chordata | Craniata | Vertebrata | Gnathostomata | Teleostomi | Euteleostomi | Sarcopterygii | Dipnotetrapodomorpha | Tetrapoda
GO:0006625	Eukaryota	2759.0	root | cellular organisms | Eukaryota
GO:1990251	Fungi	4751.0	root | cellular organisms | Eukaryota | Opisthokonta | Fungi
GO:0008173	root	1.0	root
GO:0042908	root	1.0	root
GO:0043552	Unknown		
GO:0000466	Eukaryota	2759.0	root | cellular organisms | Eukaryota
GO:0008446	root	1.0	root
GO:2000210	Opisthokonta	33154.0	root | cellular organisms | Eukaryota | Opisthokonta
GO:1902806	Eukaryota	2759.0	root | cellular organisms | Eukaryota
GO:0034458	cellular organisms	131567.0	root | cellular organisms
GO:0005819	cellular organisms	131567.0	root | cellular organisms
GO:0019646	root	1.0	root
GO:0047427	cellular organisms	131567.0	root | cellular organisms
GO:0030077	Bacteria	2.0	root | cellular organisms | Bacteria
GO:0031764	Euteleostomi	117571.0	root | cellular organisms | Eukaryota | Opisthokonta | Metazoa | Eumetazoa | Bilateria | Deuterostomia | Chordata | Craniata | Vertebrata | Gnathostomata | Teleostomi | Euteleostomi
GO:0071242	Eukaryota	2759.0	root | cellular organisms | Eukaryota
GO:0038198	Mesangiospermae	1437183.0	root | cellular organisms | Eukaryota | Viridiplantae | Streptophyta | Streptophytina | Embryophyta | Tracheophyta | Euphyllophyta | Spermatophyta | Magnoliopsida | Mesangiospermae
GO:0048826	Arabidopsis thaliana	3702.0	root | cellular organisms | Eukaryota | Viridiplantae | Streptophyta | Streptophytina | Embryophyta | Tracheophyta | Euphyllophyta | Spermatophyta | Magnoliopsida | Mesangiospermae | eudicotyledons | Gunneridae | Pentapetalae | rosids | malvids | Brassicales | Brassicaceae | Camelineae | Arabidopsis | Arabidopsis thaliana
GO:0010349	cellular organisms	131567.0	root | cellular organisms
GO:0120160	Eumetazoa	6072.0	root | cellular organisms | Eukaryota | Opisthokonta | Metazoa | Eumetazoa
GO:0052845	Eukaryota	2759.0	root | cellular organisms | Eukaryota
GO:1902610	Dictyostelium discoideum	44689.0	root | cellular organisms | Eukaryota | Amoebozoa | Evosea | Eumycetozoa | Dictyostelia | Dictyosteliales | Dictyosteliaceae | Dictyostelium | Dictyostelium discoideum
GO:0001851	cellular organisms	131567.0	root | cellular organisms
GO:0016598	Eukaryota	2759.0	root | cellular organisms | Eukaryota
GO:0042609	root	1.0	root
GO:0004674	Unknown		3470597
GO:0071917	Eukaryota	2759.0	root | cellular organisms | Eukaryota
GO:0071038	Eukaryota	2759.0	root | cellular organisms | Eukaryota
GO:1990846	Eukaryota	2759.0	root | cellular organisms | Eukaryota
GO:1904783	Unknown		
GO:0000460	cellular organisms	131567.0	root | cellular organisms
GO:0004577	cellular organisms	131567.0	root | cellular organisms
GO:0090069	Eukaryota	2759.0	root | cellular organisms | Eukaryota
GO:0004051	cellular organisms	131567.0	root | cellular organisms
GO:1902456	Embryophyta	3193.0	root | cellular organisms | Eukaryota | Viridiplantae | Streptophyta | Streptophytina | Embryophyta
GO:0046521	cellular organisms	131567.0	root | cellular organisms
GO:0007346	cellular organisms	131567.0	root | cellular organisms
GO:0009509	Viridiplantae	33090.0	root | cellular organisms | Eukaryota | Viridiplantae
GO:0098685	Gnathostomata	7776.0	root | cellular organisms | Eukaryota | Opisthokonta | Metazoa | Eumetazoa | Bilateria | Deuterostomia | Chordata | Craniata | Vertebrata | Gnathostomata
GO:0102486	Unknown		
GO:0010248	cellular organisms	131567.0	root | cellular organisms
GO:0090353	Pentapetalae	1437201.0	root | cellular organisms | Eukaryota | Viridiplantae | Streptophyta | Streptophytina | Embryophyta | Tracheophyta | Euphyllophyta | Spermatophyta | Magnoliopsida | Mesangiospermae | eudicotyledons | Gunneridae | Pentapetalae
GO:0071985	cellular organisms	131567.0	root | cellular organisms
GO:0009755	cellular organisms	131567.0	root | cellular organisms
GO:1902555	root	1.0	root
GO:0090332	Tracheophyta	58023.0	root | cellular organisms | Eukaryota | Viridiplantae | Streptophyta | Streptophytina | Embryophyta | Tracheophyta
GO:0003985	cellular organisms	131567.0	root | cellular organisms
GO:0003989	root	1.0	root
GO:0003860	cellular organisms	131567.0	root | cellular organisms
GO:0015936	cellular organisms	131567.0	root | cellular organisms
GO:0010273	cellular organisms	131567.0	root | cellular organisms
GO:0006671	Arabidopsis thaliana	3702.0	root | cellular organisms | Eukaryota | Viridiplantae | Streptophyta | Streptophytina | Embryophyta | Tracheophyta | Euphyllophyta | Spermatophyta | Magnoliopsida | Mesangiospermae | eudicotyledons | Gunneridae | Pentapetalae | rosids | malvids | Brassicales | Brassicaceae | Camelineae | Arabidopsis | Arabidopsis thaliana
GO:0046028	Unknown		
GO:0010865	rosids	71275.0	root | cellular organisms | Eukaryota | Viridiplantae | Streptophyta | Streptophytina | Embryophyta | Tracheophyta | Euphyllophyta | Spermatophyta | Magnoliopsida | Mesangiospermae | eudicotyledons | Gunneridae | Pentapetalae | rosids
GO:1902966	Opisthokonta	33154.0	root | cellular organisms | Eukaryota | Opisthokonta
GO:0034023	cellular organisms	131567.0	root | cellular organisms
GO:0043245	cellular organisms	131567.0	root | cellular organisms
GO:0000727	cellular organisms	131567.0	root | cellular organisms
GO:0032472	Eukaryota	2759.0	root | cellular organisms | Eukaryota
GO:1905576	root	1.0	root
GO:0006564	root	1.0	root
GO:0050780	Eukaryota	2759.0	root | cellular organisms | Eukaryota
GO:0055120	Opisthokonta	33154.0	root | cellular organisms | Eukaryota | Opisthokonta
GO:0034708	cellular organisms	131567.0	root | cellular organisms
GO:0031293	cellular organisms	131567.0	root | cellular organisms
GO:0035304	Unknown		
GO:0071277	cellular organisms	131567.0	root | cellular organisms
GO:1904960	cellular organisms	131567.0	root | cellular organisms
GO:0090141	cellular organisms	131567.0	root | cellular organisms
GO:0018996	Eukaryota	2759.0	root | cellular organisms | Eukaryota
GO:0050771	Bilateria	33213.0	root | cellular organisms | Eukaryota | Opisthokonta | Metazoa | Eumetazoa | Bilateria
GO:0010738	Unknown		
GO:0060323	Bilateria	33213.0	root | cellular organisms | Eukaryota | Opisthokonta | Metazoa | Eumetazoa | Bilateria
GO:0045296	cellular organisms	131567.0	root | cellular organisms
GO:0090415	cellular organisms	131567.0	root | cellular organisms
GO:1904691	Theria	32525.0	root | cellular organisms | Eukaryota | Opisthokonta | Metazoa | Eumetazoa | Bilateria | Deuterostomia | Chordata | Craniata | Vertebrata | Gnathostomata | Teleostomi | Euteleostomi | Sarcopterygii | Dipnotetrapodomorpha | Tetrapoda | Amniota | Mammalia | Theria
GO:0042756	Bilateria	33213.0	root | cellular organisms | Eukaryota | Opisthokonta | Metazoa | Eumetazoa | Bilateria
GO:0001096	Eukaryota	2759.0	root | cellular organisms | Eukaryota
GO:0000815	Eukaryota	2759.0	root | cellular organisms | Eukaryota
GO:0004851	cellular organisms	131567.0	root | cellular organisms
GO:0004559	cellular organisms	131567.0	root | cellular organisms
GO:2000067	Viridiplantae	33090.0	root | cellular organisms | Eukaryota | Viridiplantae
GO:0097730	Eukaryota	2759.0	root | cellular organisms | Eukaryota
GO:2000272	Bilateria	33213.0	root | cellular organisms | Eukaryota | Opisthokonta | Metazoa | Eumetazoa | Bilateria
GO:0007112	Eukaryota	2759.0	root | cellular organisms | Eukaryota
GO:0000981	root	1.0	root
GO:0002189	cellular organisms	131567.0	root | cellular organisms
GO:0033512	Unknown		
GO:0008278	cellular organisms	131567.0	root | cellular organisms
GO:0090447	Embryophyta	3193.0	root | cellular organisms | Eukaryota | Viridiplantae | Streptophyta | Streptophytina | Embryophyta
GO:0001872	root	1.0	root
GO:0005432	cellular organisms	131567.0	root | cellular organisms
GO:0048709	Vertebrata	7742.0	root | cellular organisms | Eukaryota | Opisthokonta | Metazoa | Eumetazoa | Bilateria | Deuterostomia | Chordata | Craniata | Vertebrata
GO:0009925	cellular organisms	131567.0	root | cellular organisms
GO:0031683	root	1.0	root
GO:0030509	Eumetazoa	6072.0	root | cellular organisms | Eukaryota | Opisthokonta | Metazoa | Eumetazoa
GO:0008540	Eukaryota	2759.0	root | cellular organisms | Eukaryota
GO:0000312	Eukaryota	2759.0	root | cellular organisms | Eukaryota
GO:0010016	Streptophyta	35493.0	root | cellular organisms | Eukaryota | Viridiplantae | Streptophyta
GO:0071513	cellular organisms	131567.0	root | cellular organisms
GO:0009610	Embryophyta	3193.0	root | cellular organisms | Eukaryota | Viridiplantae | Streptophyta | Streptophytina | Embryophyta
GO:0048741	Eumetazoa	6072.0	root | cellular organisms | Eukaryota | Opisthokonta | Metazoa | Eumetazoa
GO:0030263	Amniota	32524.0	root | cellular organisms | Eukaryota | Opisthokonta | Metazoa | Eumetazoa | Bilateria | Deuterostomia | Chordata | Craniata | Vertebrata | Gnathostomata | Teleostomi | Euteleostomi | Sarcopterygii | Dipnotetrapodomorpha | Tetrapoda | Amniota
GO:0004348	cellular organisms	131567.0	root | cellular organisms
GO:0070886	Bilateria	33213.0	root | cellular organisms | Eukaryota | Opisthokonta | Metazoa | Eumetazoa | Bilateria
GO:0006657	root	1.0	root
GO:0047631	root	1.0	root
GO:0045431	cellular organisms	131567.0	root | cellular organisms
GO:0080107	Brassicaceae	3700.0	root | cellular organisms | Eukaryota | Viridiplantae | Streptophyta | Streptophytina | Embryophyta | Tracheophyta | Euphyllophyta | Spermatophyta | Magnoliopsida | Mesangiospermae | eudicotyledons | Gunneridae | Pentapetalae | rosids | malvids | Brassicales | Brassicaceae
GO:0030834	Eukaryota	2759.0	root | cellular organisms | Eukaryota
GO:0002052	Eumetazoa	6072.0	root | cellular organisms | Eukaryota | Opisthokonta | Metazoa | Eumetazoa
GO:0003886	root	1.0	root
GO:0002539	Euarchontoglires	314146.0	root | cellular organisms | Eukaryota | Opisthokonta | Metazoa | Eumetazoa | Bilateria | Deuterostomia | Chordata | Craniata | Vertebrata | Gnathostomata | Teleostomi | Euteleostomi | Sarcopterygii | Dipnotetrapodomorpha | Tetrapoda | Amniota | Mammalia | Theria | Eutheria | Boreoeutheria | Euarchontoglires
GO:0102097	Mesangiospermae	1437183.0	root | cellular organisms | Eukaryota | Viridiplantae | Streptophyta | Streptophytina | Embryophyta | Tracheophyta | Euphyllophyta | Spermatophyta | Magnoliopsida | Mesangiospermae
GO:0030512	Eukaryota	2759.0	root | cellular organisms | Eukaryota
GO:0009688	cellular organisms	131567.0	root | cellular organisms
GO:0009450	cellular organisms	131567.0	root | cellular organisms
GO:0102657	Unknown		
GO:0010427	cellular organisms	131567.0	root | cellular organisms
GO:0090575	Eukaryota	2759.0	root | cellular organisms | Eukaryota
GO:0032153	cellular organisms	131567.0	root | cellular organisms
GO:0060292	Bilateria	33213.0	root | cellular organisms | Eukaryota | Opisthokonta | Metazoa | Eumetazoa | Bilateria
GO:0140836	Opisthokonta	33154.0	root | cellular organisms | Eukaryota | Opisthokonta
GO:0008408	root	1.0	root
GO:0000379	cellular organisms	131567.0	root | cellular organisms
GO:0000472	cellular organisms	131567.0	root | cellular organisms
GO:0000257	cellular organisms	131567.0	root | cellular organisms
GO:0006898	cellular organisms	131567.0	root | cellular organisms
GO:0080020	Arabidopsis thaliana	3702.0	root | cellular organisms | Eukaryota | Viridiplantae | Streptophyta | Streptophytina | Embryophyta | Tracheophyta | Euphyllophyta | Spermatophyta | Magnoliopsida | Mesangiospermae | eudicotyledons | Gunneridae | Pentapetalae | rosids | malvids | Brassicales | Brassicaceae | Camelineae | Arabidopsis | Arabidopsis thaliana
GO:0044611	Eukaryota	2759.0	root | cellular organisms | Eukaryota
GO:0033344	cellular organisms	131567.0	root | cellular organisms
GO:0004001	cellular organisms	131567.0	root | cellular organisms
GO:0000417	cellular organisms	131567.0	root | cellular organisms
GO:0006284	root	1.0	root
GO:0032715	root	1.0	root
GO:0009558	Arabidopsis thaliana	3702.0	root | cellular organisms | Eukaryota | Viridiplantae | Streptophyta | Streptophytina | Embryophyta | Tracheophyta | Euphyllophyta | Spermatophyta | Magnoliopsida | Mesangiospermae | eudicotyledons | Gunneridae | Pentapetalae | rosids | malvids | Brassicales | Brassicaceae | Camelineae | Arabidopsis | Arabidopsis thaliana
GO:0042780	root	1.0	root
GO:0042283	Eukaryota	2759.0	root | cellular organisms | Eukaryota
GO:0018742	Unknown		
GO:0030014	Eukaryota	2759.0	root | cellular organisms | Eukaryota
GO:2000653	Unknown		
GO:1900363	Unknown		
GO:0052629	Eukaryota	2759.0	root | cellular organisms | Eukaryota
GO:0061668	Eukaryota	2759.0	root | cellular organisms | Eukaryota
GO:0009305	Unknown		
GO:0010360	Eukaryota	2759.0	root | cellular organisms | Eukaryota
GO:0036367	Euteleostomi	117571.0	root | cellular organisms | Eukaryota | Opisthokonta | Metazoa | Eumetazoa | Bilateria | Deuterostomia | Chordata | Craniata | Vertebrata | Gnathostomata | Teleostomi | Euteleostomi
GO:0007566	Mammalia	40674.0	root | cellular organisms | Eukaryota | Opisthokonta | Metazoa | Eumetazoa | Bilateria | Deuterostomia | Chordata | Craniata | Vertebrata | Gnathostomata | Teleostomi | Euteleostomi | Sarcopterygii | Dipnotetrapodomorpha | Tetrapoda | Amniota | Mammalia
GO:0035075	Arthropoda	6656.0	root | cellular organisms | Eukaryota | Opisthokonta | Metazoa | Eumetazoa | Bilateria | Protostomia | Ecdysozoa | Panarthropoda | Arthropoda
GO:0005814	cellular organisms	131567.0	root | cellular organisms
GO:0099149	Bilateria	33213.0	root | cellular organisms | Eukaryota | Opisthokonta | Metazoa | Eumetazoa | Bilateria
GO:0051013	cellular organisms	131567.0	root | cellular organisms
GO:0001537	Euteleostomi	117571.0	root | cellular organisms | Eukaryota | Opisthokonta | Metazoa | Eumetazoa | Bilateria | Deuterostomia | Chordata | Craniata | Vertebrata | Gnathostomata | Teleostomi | Euteleostomi
GO:2000185	Eukaryota	2759.0	root | cellular organisms | Eukaryota
GO:0071014	Eukaryota	2759.0	root | cellular organisms | Eukaryota
GO:0044357	Amniota	32524.0	root | cellular organisms | Eukaryota | Opisthokonta | Metazoa | Eumetazoa | Bilateria | Deuterostomia | Chordata | Craniata | Vertebrata | Gnathostomata | Teleostomi | Euteleostomi | Sarcopterygii | Dipnotetrapodomorpha | Tetrapoda | Amniota
GO:0044423	Viruses	10239.0	root | Viruses
GO:0006809	cellular organisms	131567.0	root | cellular organisms
GO:1902531	root	1.0	root
GO:0052735	cellular organisms	131567.0	root | cellular organisms
GO:0097418	Amniota	32524.0	root | cellular organisms | Eukaryota | Opisthokonta | Metazoa | Eumetazoa | Bilateria | Deuterostomia | Chordata | Craniata | Vertebrata | Gnathostomata | Teleostomi | Euteleostomi | Sarcopterygii | Dipnotetrapodomorpha | Tetrapoda | Amniota
GO:0016040	cellular organisms	131567.0	root | cellular organisms
GO:0000398	root	1.0	root
GO:0004038	cellular organisms	131567.0	root | cellular organisms
GO:0004663	cellular organisms	131567.0	root | cellular organisms
GO:0016705	root	1.0	root
GO:0043481	Streptophyta	35493.0	root | cellular organisms | Eukaryota | Viridiplantae | Streptophyta
GO:0009937	Eukaryota	2759.0	root | cellular organisms | Eukaryota
GO:0031507	cellular organisms	131567.0	root | cellular organisms
GO:0006537	Unknown		
GO:0052856	cellular organisms	131567.0	root | cellular organisms
GO:0034976	cellular organisms	131567.0	root | cellular organisms
GO:0090307	Eukaryota	2759.0	root | cellular organisms | Eukaryota
GO:0070492	cellular organisms	131567.0	root | cellular organisms
GO:1902983	Eukaryota	2759.0	root | cellular organisms | Eukaryota
GO:0034513	cellular organisms	131567.0	root | cellular organisms
GO:0002250	Metazoa	33208.0	root | cellular organisms | Eukaryota | Opisthokonta | Metazoa
GO:0000481	cellular organisms	131567.0	root | cellular organisms
GO:0042476	Chordata	7711.0	root | cellular organisms | Eukaryota | Opisthokonta | Metazoa | Eumetazoa | Bilateria | Deuterostomia | Chordata
GO:1903078	cellular organisms	131567.0	root | cellular organisms
GO:0030162	root	1.0	root
GO:0042776	Eukaryota	2759.0	root | cellular organisms | Eukaryota
GO:0080042	cellular organisms	131567.0	root | cellular organisms
GO:0039701	Viruses	10239.0	root | Viruses
GO:0008290	cellular organisms	131567.0	root | cellular organisms
GO:0010082	Streptophytina	131221.0	root | cellular organisms | Eukaryota | Viridiplantae | Streptophyta | Streptophytina
GO:0005525	root	1.0	root
GO:0005983	cellular organisms	131567.0	root | cellular organisms
GO:0009650	root	1.0	root
GO:0000467	cellular organisms	131567.0	root | cellular organisms
GO:0035770	cellular organisms	131567.0	root | cellular organisms
GO:1905684	Amniota	32524.0	root | cellular organisms | Eukaryota | Opisthokonta | Metazoa | Eumetazoa | Bilateria | Deuterostomia | Chordata | Craniata | Vertebrata | Gnathostomata | Teleostomi | Euteleostomi | Sarcopterygii | Dipnotetrapodomorpha | Tetrapoda | Amniota
GO:0097602	root	1.0	root
GO:0008284	root	1.0	root
GO:0015083	Poaceae	4479.0	root | cellular organisms | Eukaryota | Viridiplantae | Streptophyta | Streptophytina | Embryophyta | Tracheophyta | Euphyllophyta | Spermatophyta | Magnoliopsida | Mesangiospermae | Liliopsida | Petrosaviidae | commelinids | Poales | Poaceae
GO:0045202	Eukaryota	2759.0	root | cellular organisms | Eukaryota
GO:0008289	root	1.0	root
GO:0030511	Opisthokonta	33154.0	root | cellular organisms | Eukaryota | Opisthokonta
GO:0044314	cellular organisms	131567.0	root | cellular organisms
GO:0006816	root	1.0	root
GO:0045292	cellular organisms	131567.0	root | cellular organisms
GO:0006879	cellular organisms	131567.0	root | cellular organisms
GO:0010102	Arabidopsis thaliana	3702.0	root | cellular organisms | Eukaryota | Viridiplantae | Streptophyta | Streptophytina | Embryophyta | Tracheophyta | Euphyllophyta | Spermatophyta | Magnoliopsida | Mesangiospermae | eudicotyledons | Gunneridae | Pentapetalae | rosids | malvids | Brassicales | Brassicaceae | Camelineae | Arabidopsis | Arabidopsis thaliana
GO:0097629	Eukaryota	2759.0	root | cellular organisms | Eukaryota
GO:0051507	Unknown		
GO:0061798	cellular organisms	131567.0	root | cellular organisms
GO:0048250	Eukaryota	2759.0	root | cellular organisms | Eukaryota
GO:0043565	root	1.0	root
GO:0071639	Amniota	32524.0	root | cellular organisms | Eukaryota | Opisthokonta | Metazoa | Eumetazoa | Bilateria | Deuterostomia | Chordata | Craniata | Vertebrata | Gnathostomata | Teleostomi | Euteleostomi | Sarcopterygii | Dipnotetrapodomorpha | Tetrapoda | Amniota
GO:0051791	Eukaryota	2759.0	root | cellular organisms | Eukaryota
GO:0065004	Eukaryota	2759.0	root | cellular organisms | Eukaryota
GO:0004516	root	1.0	root
GO:1904263	cellular organisms	131567.0	root | cellular organisms
GO:0090697	Mesangiospermae	1437183.0	root | cellular organisms | Eukaryota | Viridiplantae | Streptophyta | Streptophytina | Embryophyta | Tracheophyta | Euphyllophyta | Spermatophyta | Magnoliopsida | Mesangiospermae
GO:0030855	Metazoa	33208.0	root | cellular organisms | Eukaryota | Opisthokonta | Metazoa
GO:0004352	cellular organisms	131567.0	root | cellular organisms
GO:0008206	cellular organisms	131567.0	root | cellular organisms
GO:0000350	cellular organisms	131567.0	root | cellular organisms
GO:0008080	root	1.0	root
GO:0051496	Eukaryota	2759.0	root | cellular organisms | Eukaryota
GO:0046855	Unknown		
GO:0090435	cellular organisms	131567.0	root | cellular organisms
GO:0015295	cellular organisms	131567.0	root | cellular organisms
GO:0005347	cellular organisms	131567.0	root | cellular organisms
GO:0080083	Mesangiospermae	1437183.0	root | cellular organisms | Eukaryota | Viridiplantae | Streptophyta | Streptophytina | Embryophyta | Tracheophyta | Euphyllophyta | Spermatophyta | Magnoliopsida | Mesangiospermae
GO:0009036	root	1.0	root
GO:0007169	root	1.0	root
GO:0006508	Unknown		3470597
GO:0010389	Eukaryota	2759.0	root | cellular organisms | Eukaryota
GO:0008299	root	1.0	root
GO:0010098	Mesangiospermae	1437183.0	root | cellular organisms | Eukaryota | Viridiplantae | Streptophyta | Streptophytina | Embryophyta | Tracheophyta | Euphyllophyta | Spermatophyta | Magnoliopsida | Mesangiospermae
GO:0004693	root	1.0	root
GO:0090610	Arabidopsis thaliana	3702.0	root | cellular organisms | Eukaryota | Viridiplantae | Streptophyta | Streptophytina | Embryophyta | Tracheophyta | Euphyllophyta | Spermatophyta | Magnoliopsida | Mesangiospermae | eudicotyledons | Gunneridae | Pentapetalae | rosids | malvids | Brassicales | Brassicaceae | Camelineae | Arabidopsis | Arabidopsis thaliana
GO:0015690	Mesangiospermae	1437183.0	root | cellular organisms | Eukaryota | Viridiplantae | Streptophyta | Streptophytina | Embryophyta | Tracheophyta | Euphyllophyta | Spermatophyta | Magnoliopsida | Mesangiospermae
GO:0010588	Magnoliopsida	3398.0	root | cellular organisms | Eukaryota | Viridiplantae | Streptophyta | Streptophytina | Embryophyta | Tracheophyta | Euphyllophyta | Spermatophyta | Magnoliopsida
GO:0033327	Boreoeutheria	1437010.0	root | cellular organisms | Eukaryota | Opisthokonta | Metazoa | Eumetazoa | Bilateria | Deuterostomia | Chordata | Craniata | Vertebrata | Gnathostomata | Teleostomi | Euteleostomi | Sarcopterygii | Dipnotetrapodomorpha | Tetrapoda | Amniota | Mammalia | Theria | Eutheria | Boreoeutheria
GO:0016540	root	1.0	root
GO:0010606	Eukaryota	2759.0	root | cellular organisms | Eukaryota
GO:0042546	root	1.0	root
GO:0042147	cellular organisms	131567.0	root | cellular organisms
GO:0000349	Eukaryota	2759.0	root | cellular organisms | Eukaryota
GO:0008974	root	1.0	root
GO:0030155	cellular organisms	131567.0	root | cellular organisms
GO:0015820	cellular organisms	131567.0	root | cellular organisms
GO:0009845	Streptophytina	131221.0	root | cellular organisms | Eukaryota | Viridiplantae | Streptophyta | Streptophytina
GO:0055070	cellular organisms	131567.0	root | cellular organisms
GO:0005628	Dikarya	451864.0	root | cellular organisms | Eukaryota | Opisthokonta | Fungi | Dikarya
GO:0009933	Streptophyta	35493.0	root | cellular organisms | Eukaryota | Viridiplantae | Streptophyta
GO:2000012	Viridiplantae	33090.0	root | cellular organisms | Eukaryota | Viridiplantae
GO:0016830	root	1.0	root
GO:0046577	cellular organisms	131567.0	root | cellular organisms
GO:0004399	cellular organisms	131567.0	root | cellular organisms
GO:0004565	root	1.0	root
GO:0008401	Vertebrata	7742.0	root | cellular organisms | Eukaryota | Opisthokonta | Metazoa | Eumetazoa | Bilateria | Deuterostomia | Chordata | Craniata | Vertebrata
GO:0010438	cellular organisms	131567.0	root | cellular organisms
GO:0051485	Saccharomyces cerevisiae S288C	559292.0	root | cellular organisms | Eukaryota | Opisthokonta | Fungi | Dikarya | Ascomycota | saccharomyceta | Saccharomycotina | Saccharomycetes | Saccharomycetales | Saccharomycetaceae | Saccharomyces | Saccharomyces cerevisiae | Saccharomyces cerevisiae S288C
GO:0006641	cellular organisms	131567.0	root | cellular organisms
GO:0000329	Fungi	4751.0	root | cellular organisms | Eukaryota | Opisthokonta | Fungi
GO:0052725	cellular organisms	131567.0	root | cellular organisms
GO:0046725	root	1.0	root
GO:0007517	Eumetazoa	6072.0	root | cellular organisms | Eukaryota | Opisthokonta | Metazoa | Eumetazoa
GO:0045454	cellular organisms	131567.0	root | cellular organisms
GO:0062154	cellular organisms	131567.0	root | cellular organisms
GO:0006104	root	1.0	root
GO:0051103	Unknown		
GO:0071074	Eukaryota	2759.0	root | cellular organisms | Eukaryota
GO:0034972	Unknown		
GO:0045493	root	1.0	root
GO:0022417	Unknown		
GO:0008878	cellular organisms	131567.0	root | cellular organisms
GO:0008352	cellular organisms	131567.0	root | cellular organisms
GO:0004816	root	1.0	root
GO:0140575	Bilateria	33213.0	root | cellular organisms | Eukaryota | Opisthokonta | Metazoa | Eumetazoa | Bilateria
GO:0052594	Unknown		
GO:0010372	Magnoliopsida	3398.0	root | cellular organisms | Eukaryota | Viridiplantae | Streptophyta | Streptophytina | Embryophyta | Tracheophyta | Euphyllophyta | Spermatophyta | Magnoliopsida
GO:0010314	cellular organisms	131567.0	root | cellular organisms
GO:0006313	root	1.0	root
GO:0005793	Eukaryota	2759.0	root | cellular organisms | Eukaryota
GO:0001939	Eukaryota	2759.0	root | cellular organisms | Eukaryota
GO:0018126	Bilateria	33213.0	root | cellular organisms | Eukaryota | Opisthokonta | Metazoa | Eumetazoa | Bilateria
GO:0004697	cellular organisms	131567.0	root | cellular organisms
GO:0070938	Eukaryota	2759.0	root | cellular organisms | Eukaryota
GO:0070182	cellular organisms	131567.0	root | cellular organisms
GO:0016004	Eukaryota	2759.0	root | cellular organisms | Eukaryota
GO:0010234	Mesangiospermae	1437183.0	root | cellular organisms | Eukaryota | Viridiplantae | Streptophyta | Streptophytina | Embryophyta | Tracheophyta | Euphyllophyta | Spermatophyta | Magnoliopsida | Mesangiospermae
GO:0004127	Unknown		
GO:0019871	cellular organisms	131567.0	root | cellular organisms
GO:0007624	Bilateria	33213.0	root | cellular organisms | Eukaryota | Opisthokonta | Metazoa | Eumetazoa | Bilateria
GO:0005654	Eukaryota	2759.0	root | cellular organisms | Eukaryota
GO:0005547	cellular organisms	131567.0	root | cellular organisms
GO:0050917	Gnathostomata	7776.0	root | cellular organisms | Eukaryota | Opisthokonta | Metazoa | Eumetazoa | Bilateria | Deuterostomia | Chordata | Craniata | Vertebrata | Gnathostomata
GO:0046527	cellular organisms	131567.0	root | cellular organisms
GO:0090736	Rhabditida	6236.0	root | cellular organisms | Eukaryota | Opisthokonta | Metazoa | Eumetazoa | Bilateria | Protostomia | Ecdysozoa | Nematoda | Chromadorea | Rhabditida
GO:0009416	cellular organisms	131567.0	root | cellular organisms
GO:0047627	cellular organisms	131567.0	root | cellular organisms
GO:0140663	cellular organisms	131567.0	root | cellular organisms
GO:0001764	Eumetazoa	6072.0	root | cellular organisms | Eukaryota | Opisthokonta | Metazoa | Eumetazoa
GO:1900103	Eukaryota	2759.0	root | cellular organisms | Eukaryota
GO:0009517	Viridiplantae	33090.0	root | cellular organisms | Eukaryota | Viridiplantae
GO:0010070	Eukaryota	2759.0	root | cellular organisms | Eukaryota
GO:0009306	root	1.0	root
GO:0039660	Viruses	10239.0	root | Viruses
GO:0102145	Eukaryota	2759.0	root | cellular organisms | Eukaryota
GO:1903052	Unknown		
GO:0006624	cellular organisms	131567.0	root | cellular organisms
GO:0004474	cellular organisms	131567.0	root | cellular organisms
GO:0120317	Amniota	32524.0	root | cellular organisms | Eukaryota | Opisthokonta | Metazoa | Eumetazoa | Bilateria | Deuterostomia | Chordata | Craniata | Vertebrata | Gnathostomata | Teleostomi | Euteleostomi | Sarcopterygii | Dipnotetrapodomorpha | Tetrapoda | Amniota
GO:0033162	Bilateria	33213.0	root | cellular organisms | Eukaryota | Opisthokonta | Metazoa | Eumetazoa | Bilateria
GO:0006754	root	1.0	root
GO:0019853	cellular organisms	131567.0	root | cellular organisms
GO:0048515	Bilateria	33213.0	root | cellular organisms | Eukaryota | Opisthokonta | Metazoa | Eumetazoa | Bilateria
GO:0031117	Eukaryota	2759.0	root | cellular organisms | Eukaryota
GO:0009653	root	1.0	root
GO:0034314	root	1.0	root
GO:0015837	cellular organisms	131567.0	root | cellular organisms
GO:0005978	root	1.0	root
GO:0030018	Eukaryota	2759.0	root | cellular organisms | Eukaryota
GO:0031347	Eukaryota	2759.0	root | cellular organisms | Eukaryota
GO:1904143	cellular organisms	131567.0	root | cellular organisms
GO:0035220	Drosophila	7215.0	root | cellular organisms | Eukaryota | Opisthokonta | Metazoa | Eumetazoa | Bilateria | Protostomia | Ecdysozoa | Panarthropoda | Arthropoda | Mandibulata | Pancrustacea | Altocrustacea | Allotriocarida | Hexapoda | Insecta | Dicondylia | Pterygota | Neoptera | Eumetabola | Endopterygota | Aparaglossata | Panorpida | Diptera | Brachycera | Muscomorpha | Eremoneura | Cyclorrhapha | Schizophora | Acalyptratae | Ephydroidea | Drosophilidae | Drosophilinae | Drosophilini | Drosophila
GO:0008625	Opisthokonta	33154.0	root | cellular organisms | Eukaryota | Opisthokonta
GO:0015350	cellular organisms	131567.0	root | cellular organisms
GO:0034587	Eukaryota	2759.0	root | cellular organisms | Eukaryota
GO:0008506	cellular organisms	131567.0	root | cellular organisms
GO:0044375	Eukaryota	2759.0	root | cellular organisms | Eukaryota
GO:0090451	Arabidopsis thaliana	3702.0	root | cellular organisms | Eukaryota | Viridiplantae | Streptophyta | Streptophytina | Embryophyta | Tracheophyta | Euphyllophyta | Spermatophyta | Magnoliopsida | Mesangiospermae | eudicotyledons | Gunneridae | Pentapetalae | rosids | malvids | Brassicales | Brassicaceae | Camelineae | Arabidopsis | Arabidopsis thaliana
GO:0051781	root	1.0	root
GO:2000781	Eukaryota	2759.0	root | cellular organisms | Eukaryota
GO:0010270	Embryophyta	3193.0	root | cellular organisms | Eukaryota | Viridiplantae | Streptophyta | Streptophytina | Embryophyta
GO:0016231	cellular organisms	131567.0	root | cellular organisms
GO:1903934	Unknown		
GO:1900457	Embryophyta	3193.0	root | cellular organisms | Eukaryota | Viridiplantae | Streptophyta | Streptophytina | Embryophyta
GO:0005687	Eukaryota	2759.0	root | cellular organisms | Eukaryota
GO:0030785	Eukaryota	2759.0	root | cellular organisms | Eukaryota
GO:0005929	Eukaryota	2759.0	root | cellular organisms | Eukaryota
GO:0009378	root	1.0	root
GO:0015813	root	1.0	root
GO:0015183	cellular organisms	131567.0	root | cellular organisms
GO:0009877	Mesangiospermae	1437183.0	root | cellular organisms | Eukaryota | Viridiplantae | Streptophyta | Streptophytina | Embryophyta | Tracheophyta | Euphyllophyta | Spermatophyta | Magnoliopsida | Mesangiospermae
GO:0009938	Mesangiospermae	1437183.0	root | cellular organisms | Eukaryota | Viridiplantae | Streptophyta | Streptophytina | Embryophyta | Tracheophyta | Euphyllophyta | Spermatophyta | Magnoliopsida | Mesangiospermae
GO:0046777	root	1.0	root
GO:0009506	Eukaryota	2759.0	root | cellular organisms | Eukaryota
GO:0030007	cellular organisms	131567.0	root | cellular organisms
GO:0003838	cellular organisms	131567.0	root | cellular organisms
GO:1990619	Unknown		
GO:0034362	cellular organisms	131567.0	root | cellular organisms
GO:0005848	Eukaryota	2759.0	root | cellular organisms | Eukaryota
GO:0042301	root	1.0	root
GO:0035066	Unknown		
GO:0071289	cellular organisms	131567.0	root | cellular organisms
GO:0052731	cellular organisms	131567.0	root | cellular organisms
GO:0006221	root	1.0	root
GO:0007275	Homo sapiens	9606.0	root | cellular organisms | Eukaryota | Opisthokonta | Metazoa | Eumetazoa | Bilateria | Deuterostomia | Chordata | Craniata | Vertebrata | Gnathostomata | Teleostomi | Euteleostomi | Sarcopterygii | Dipnotetrapodomorpha | Tetrapoda | Amniota | Mammalia | Theria | Eutheria | Boreoeutheria | Euarchontoglires | Primates | Haplorrhini | Simiiformes | Catarrhini | Hominoidea | Hominidae | Homininae | Homo | Homo sapiens
GO:0055088	cellular organisms	131567.0	root | cellular organisms
GO:0046506	cellular organisms	131567.0	root | cellular organisms
GO:0004615	root	1.0	root
GO:0009597	cellular organisms	131567.0	root | cellular organisms
GO:0031307	Unknown		
GO:0097528	Amniota	32524.0	root | cellular organisms | Eukaryota | Opisthokonta | Metazoa | Eumetazoa | Bilateria | Deuterostomia | Chordata | Craniata | Vertebrata | Gnathostomata | Teleostomi | Euteleostomi | Sarcopterygii | Dipnotetrapodomorpha | Tetrapoda | Amniota
GO:0030187	Eukaryota	2759.0	root | cellular organisms | Eukaryota
GO:0004168	cellular organisms	131567.0	root | cellular organisms
GO:0002077	Euarchontoglires	314146.0	root | cellular organisms | Eukaryota | Opisthokonta | Metazoa | Eumetazoa | Bilateria | Deuterostomia | Chordata | Craniata | Vertebrata | Gnathostomata | Teleostomi | Euteleostomi | Sarcopterygii | Dipnotetrapodomorpha | Tetrapoda | Amniota | Mammalia | Theria | Eutheria | Boreoeutheria | Euarchontoglires
GO:1900099	Euarchontoglires	314146.0	root | cellular organisms | Eukaryota | Opisthokonta | Metazoa | Eumetazoa | Bilateria | Deuterostomia | Chordata | Craniata | Vertebrata | Gnathostomata | Teleostomi | Euteleostomi | Sarcopterygii | Dipnotetrapodomorpha | Tetrapoda | Amniota | Mammalia | Theria | Eutheria | Boreoeutheria | Euarchontoglires
GO:0015994	cellular organisms	131567.0	root | cellular organisms
GO:0061024	cellular organisms	131567.0	root | cellular organisms
GO:0060322	Bilateria	33213.0	root | cellular organisms | Eukaryota | Opisthokonta | Metazoa | Eumetazoa | Bilateria
GO:0090140	Opisthokonta	33154.0	root | cellular organisms | Eukaryota | Opisthokonta
GO:0102491	Unknown		
GO:1901566	Unknown		
GO:0000372	root	1.0	root
GO:0048039	root	1.0	root
GO:0140837	Unknown		
GO:0045818	Opisthokonta	33154.0	root | cellular organisms | Eukaryota | Opisthokonta
GO:0033511	Mesangiospermae	1437183.0	root | cellular organisms | Eukaryota | Viridiplantae | Streptophyta | Streptophytina | Embryophyta | Tracheophyta | Euphyllophyta | Spermatophyta | Magnoliopsida | Mesangiospermae
GO:0048317	Magnoliopsida	3398.0	root | cellular organisms | Eukaryota | Viridiplantae | Streptophyta | Streptophytina | Embryophyta | Tracheophyta | Euphyllophyta | Spermatophyta | Magnoliopsida
GO:0010968	Eukaryota	2759.0	root | cellular organisms | Eukaryota
GO:0004817	root	1.0	root
GO:0102773	Unknown		
GO:0043992	Eukaryota	2759.0	root | cellular organisms | Eukaryota
GO:0016319	Drosophila	7215.0	root | cellular organisms | Eukaryota | Opisthokonta | Metazoa | Eumetazoa | Bilateria | Protostomia | Ecdysozoa | Panarthropoda | Arthropoda | Mandibulata | Pancrustacea | Altocrustacea | Allotriocarida | Hexapoda | Insecta | Dicondylia | Pterygota | Neoptera | Eumetabola | Endopterygota | Aparaglossata | Panorpida | Diptera | Brachycera | Muscomorpha | Eremoneura | Cyclorrhapha | Schizophora | Acalyptratae | Ephydroidea | Drosophilidae | Drosophilinae | Drosophilini | Drosophila
GO:0120142	Drosophila	7215.0	root | cellular organisms | Eukaryota | Opisthokonta | Metazoa | Eumetazoa | Bilateria | Protostomia | Ecdysozoa | Panarthropoda | Arthropoda | Mandibulata | Pancrustacea | Altocrustacea | Allotriocarida | Hexapoda | Insecta | Dicondylia | Pterygota | Neoptera | Eumetabola | Endopterygota | Aparaglossata | Panorpida | Diptera | Brachycera | Muscomorpha | Eremoneura | Cyclorrhapha | Schizophora | Acalyptratae | Ephydroidea | Drosophilidae | Drosophilinae | Drosophilini | Drosophila
GO:0052887	Unknown		
GO:0004435	root	1.0	root
GO:2000117	Unknown		
GO:0004777	cellular organisms	131567.0	root | cellular organisms
GO:0080113	Magnoliopsida	3398.0	root | cellular organisms | Eukaryota | Viridiplantae | Streptophyta | Streptophytina | Embryophyta | Tracheophyta | Euphyllophyta | Spermatophyta | Magnoliopsida
GO:0102055	Unknown		
GO:0006959	cellular organisms	131567.0	root | cellular organisms
GO:0033259	Pentapetalae	1437201.0	root | cellular organisms | Eukaryota | Viridiplantae | Streptophyta | Streptophytina | Embryophyta | Tracheophyta | Euphyllophyta | Spermatophyta | Magnoliopsida | Mesangiospermae | eudicotyledons | Gunneridae | Pentapetalae
GO:0032447	cellular organisms	131567.0	root | cellular organisms
GO:0005956	root	1.0	root
GO:0071567	Eukaryota	2759.0	root | cellular organisms | Eukaryota
GO:0033540	cellular organisms	131567.0	root | cellular organisms
GO:0006817	root	1.0	root
GO:0042800	root	1.0	root
GO:0005215	Unknown		
GO:0050891	Eukaryota	2759.0	root | cellular organisms | Eukaryota
GO:1990603	Murinae	39107.0	root | cellular organisms | Eukaryota | Opisthokonta | Metazoa | Eumetazoa | Bilateria | Deuterostomia | Chordata | Craniata | Vertebrata | Gnathostomata | Teleostomi | Euteleostomi | Sarcopterygii | Dipnotetrapodomorpha | Tetrapoda | Amniota | Mammalia | Theria | Eutheria | Boreoeutheria | Euarchontoglires | Glires | Rodentia | Myomorpha | Muroidea | Muridae | Murinae
GO:0031932	cellular organisms	131567.0	root | cellular organisms
GO:2001011	Arabidopsis thaliana	3702.0	root | cellular organisms | Eukaryota | Viridiplantae | Streptophyta | Streptophytina | Embryophyta | Tracheophyta | Euphyllophyta | Spermatophyta | Magnoliopsida | Mesangiospermae | eudicotyledons | Gunneridae | Pentapetalae | rosids | malvids | Brassicales | Brassicaceae | Camelineae | Arabidopsis | Arabidopsis thaliana
GO:0015086	cellular organisms	131567.0	root | cellular organisms
GO:0004860	cellular organisms	131567.0	root | cellular organisms
GO:0019379	cellular organisms	131567.0	root | cellular organisms
GO:0000469	Unknown		
GO:0000228	Eukaryota	2759.0	root | cellular organisms | Eukaryota
GO:0006572	cellular organisms	131567.0	root | cellular organisms
GO:1901799	Eukaryota	2759.0	root | cellular organisms | Eukaryota
GO:2000348	Amniota	32524.0	root | cellular organisms | Eukaryota | Opisthokonta | Metazoa | Eumetazoa | Bilateria | Deuterostomia | Chordata | Craniata | Vertebrata | Gnathostomata | Teleostomi | Euteleostomi | Sarcopterygii | Dipnotetrapodomorpha | Tetrapoda | Amniota
GO:0070941	cellular organisms	131567.0	root | cellular organisms
GO:0045661	Opisthokonta	33154.0	root | cellular organisms | Eukaryota | Opisthokonta
GO:0070782	Eumetazoa	6072.0	root | cellular organisms | Eukaryota | Opisthokonta | Metazoa | Eumetazoa
GO:2001006	Viridiplantae	33090.0	root | cellular organisms | Eukaryota | Viridiplantae
GO:0034122	Gnathostomata	7776.0	root | cellular organisms | Eukaryota | Opisthokonta | Metazoa | Eumetazoa | Bilateria | Deuterostomia | Chordata | Craniata | Vertebrata | Gnathostomata
GO:0021510	Euteleostomi	117571.0	root | cellular organisms | Eukaryota | Opisthokonta | Metazoa | Eumetazoa | Bilateria | Deuterostomia | Chordata | Craniata | Vertebrata | Gnathostomata | Teleostomi | Euteleostomi
GO:0045761	Eukaryota	2759.0	root | cellular organisms | Eukaryota
GO:0090110	cellular organisms	131567.0	root | cellular organisms
GO:0036185	Boreoeutheria	1437010.0	root | cellular organisms | Eukaryota | Opisthokonta | Metazoa | Eumetazoa | Bilateria | Deuterostomia | Chordata | Craniata | Vertebrata | Gnathostomata | Teleostomi | Euteleostomi | Sarcopterygii | Dipnotetrapodomorpha | Tetrapoda | Amniota | Mammalia | Theria | Eutheria | Boreoeutheria
GO:0010181	root	1.0	root
GO:1901526	Bilateria	33213.0	root | cellular organisms | Eukaryota | Opisthokonta | Metazoa | Eumetazoa | Bilateria
GO:0035350	cellular organisms	131567.0	root | cellular organisms
GO:1903669	Unknown		
GO:0031334	cellular organisms	131567.0	root | cellular organisms
GO:0035560	cellular organisms	131567.0	root | cellular organisms
GO:0006655	cellular organisms	131567.0	root | cellular organisms
GO:0097197	Bilateria	33213.0	root | cellular organisms | Eukaryota | Opisthokonta | Metazoa | Eumetazoa | Bilateria
GO:0009838	Eukaryota	2759.0	root | cellular organisms | Eukaryota
GO:0019051	Unknown		
GO:0030707	Dicondylia	85512.0	root | cellular organisms | Eukaryota | Opisthokonta | Metazoa | Eumetazoa | Bilateria | Protostomia | Ecdysozoa | Panarthropoda | Arthropoda | Mandibulata | Pancrustacea | Altocrustacea | Allotriocarida | Hexapoda | Insecta | Dicondylia
GO:0035011	Arthropoda	6656.0	root | cellular organisms | Eukaryota | Opisthokonta | Metazoa | Eumetazoa | Bilateria | Protostomia | Ecdysozoa | Panarthropoda | Arthropoda
GO:0052724	Ascomycota	4890.0	root | cellular organisms | Eukaryota | Opisthokonta | Fungi | Dikarya | Ascomycota
GO:0016829	root	1.0	root
GO:0070979	cellular organisms	131567.0	root | cellular organisms
GO:0051987	Eukaryota	2759.0	root | cellular organisms | Eukaryota
GO:0016308	cellular organisms	131567.0	root | cellular organisms
GO:0039654	root	1.0	root
GO:0006722	Brassicaceae	3700.0	root | cellular organisms | Eukaryota | Viridiplantae | Streptophyta | Streptophytina | Embryophyta | Tracheophyta | Euphyllophyta | Spermatophyta | Magnoliopsida | Mesangiospermae | eudicotyledons | Gunneridae | Pentapetalae | rosids | malvids | Brassicales | Brassicaceae
GO:1990913	Bilateria	33213.0	root | cellular organisms | Eukaryota | Opisthokonta | Metazoa | Eumetazoa | Bilateria
GO:0006706	cellular organisms	131567.0	root | cellular organisms
GO:0070483	cellular organisms	131567.0	root | cellular organisms
GO:0033962	cellular organisms	131567.0	root | cellular organisms
GO:0140664	root	1.0	root
GO:0090316	Eukaryota	2759.0	root | cellular organisms | Eukaryota
GO:0097053	Unknown		
GO:0019826	cellular organisms	131567.0	root | cellular organisms
GO:0010207	cellular organisms	131567.0	root | cellular organisms
GO:0051050	cellular organisms	131567.0	root | cellular organisms
GO:0039564	Unknown		3470597
GO:0052747	Unknown		
GO:1902890	Arabidopsis thaliana	3702.0	root | cellular organisms | Eukaryota | Viridiplantae | Streptophyta | Streptophytina | Embryophyta | Tracheophyta | Euphyllophyta | Spermatophyta | Magnoliopsida | Mesangiospermae | eudicotyledons | Gunneridae | Pentapetalae | rosids | malvids | Brassicales | Brassicaceae | Camelineae | Arabidopsis | Arabidopsis thaliana
GO:0022890	Unknown		
GO:0032044	Eukaryota	2759.0	root | cellular organisms | Eukaryota
GO:0047724	cellular organisms	131567.0	root | cellular organisms
GO:0070681	root	1.0	root
GO:0043647	Eukaryota	2759.0	root | cellular organisms | Eukaryota
GO:0030644	Eukaryota	2759.0	root | cellular organisms | Eukaryota
GO:0035174	Unknown		
GO:0019137	cellular organisms	131567.0	root | cellular organisms
GO:0017116	root	1.0	root
GO:0007190	Eukaryota	2759.0	root | cellular organisms | Eukaryota
GO:0010202	Brassicaceae	3700.0	root | cellular organisms | Eukaryota | Viridiplantae | Streptophyta | Streptophytina | Embryophyta | Tracheophyta | Euphyllophyta | Spermatophyta | Magnoliopsida | Mesangiospermae | eudicotyledons | Gunneridae | Pentapetalae | rosids | malvids | Brassicales | Brassicaceae
GO:0032009	Eukaryota	2759.0	root | cellular organisms | Eukaryota
GO:0047493	cellular organisms	131567.0	root | cellular organisms
GO:0090406	Viridiplantae	33090.0	root | cellular organisms | Eukaryota | Viridiplantae
GO:0006972	cellular organisms	131567.0	root | cellular organisms
GO:0006334	cellular organisms	131567.0	root | cellular organisms
GO:2000256	Boreoeutheria	1437010.0	root | cellular organisms | Eukaryota | Opisthokonta | Metazoa | Eumetazoa | Bilateria | Deuterostomia | Chordata | Craniata | Vertebrata | Gnathostomata | Teleostomi | Euteleostomi | Sarcopterygii | Dipnotetrapodomorpha | Tetrapoda | Amniota | Mammalia | Theria | Eutheria | Boreoeutheria
GO:0040019	Eukaryota	2759.0	root | cellular organisms | Eukaryota
GO:0016730	root	1.0	root
GO:0102771	cellular organisms	131567.0	root | cellular organisms
GO:0034374	Vertebrata	7742.0	root | cellular organisms | Eukaryota | Opisthokonta | Metazoa | Eumetazoa | Bilateria | Deuterostomia | Chordata | Craniata | Vertebrata
GO:0110146	Pseudomonadati	3379134.0	root | cellular organisms | Bacteria | Pseudomonadati
GO:0000994	Eukaryota	2759.0	root | cellular organisms | Eukaryota
GO:0034427	Unknown		
GO:0016446	Gnathostomata	7776.0	root | cellular organisms | Eukaryota | Opisthokonta | Metazoa | Eumetazoa | Bilateria | Deuterostomia | Chordata | Craniata | Vertebrata | Gnathostomata
GO:0043657	Unknown		3470597
GO:0034271	cellular organisms	131567.0	root | cellular organisms
GO:0015966	cellular organisms	131567.0	root | cellular organisms
GO:0005052	cellular organisms	131567.0	root | cellular organisms
GO:0015761	cellular organisms	131567.0	root | cellular organisms
GO:0004602	root	1.0	root
GO:0098609	root	1.0	root
GO:0012506	cellular organisms	131567.0	root | cellular organisms
GO:0005688	Eukaryota	2759.0	root | cellular organisms | Eukaryota
GO:0090022	root	1.0	root
GO:0009864	Viridiplantae	33090.0	root | cellular organisms | Eukaryota | Viridiplantae
GO:0042797	cellular organisms	131567.0	root | cellular organisms
GO:0016116	cellular organisms	131567.0	root | cellular organisms
GO:0006886	cellular organisms	131567.0	root | cellular organisms
GO:1903179	Rattus norvegicus	10116.0	root | cellular organisms | Eukaryota | Opisthokonta | Metazoa | Eumetazoa | Bilateria | Deuterostomia | Chordata | Craniata | Vertebrata | Gnathostomata | Teleostomi | Euteleostomi | Sarcopterygii | Dipnotetrapodomorpha | Tetrapoda | Amniota | Mammalia | Theria | Eutheria | Boreoeutheria | Euarchontoglires | Glires | Rodentia | Myomorpha | Muroidea | Muridae | Murinae | Rattus | Rattus norvegicus
GO:0046408	cellular organisms	131567.0	root | cellular organisms
GO:0014898	Amniota	32524.0	root | cellular organisms | Eukaryota | Opisthokonta | Metazoa | Eumetazoa | Bilateria | Deuterostomia | Chordata | Craniata | Vertebrata | Gnathostomata | Teleostomi | Euteleostomi | Sarcopterygii | Dipnotetrapodomorpha | Tetrapoda | Amniota
GO:0045599	Gnathostomata	7776.0	root | cellular organisms | Eukaryota | Opisthokonta | Metazoa | Eumetazoa | Bilateria | Deuterostomia | Chordata | Craniata | Vertebrata | Gnathostomata
GO:0034635	cellular organisms	131567.0	root | cellular organisms
GO:0010290	Brassicaceae	3700.0	root | cellular organisms | Eukaryota | Viridiplantae | Streptophyta | Streptophytina | Embryophyta | Tracheophyta | Euphyllophyta | Spermatophyta | Magnoliopsida | Mesangiospermae | eudicotyledons | Gunneridae | Pentapetalae | rosids | malvids | Brassicales | Brassicaceae
GO:0036170	Candida	5475.0	root | cellular organisms | Eukaryota | Opisthokonta | Fungi | Dikarya | Ascomycota | saccharomyceta | Saccharomycotina | Pichiomycetes | Serinales | Debaryomycetaceae | Candida/Lodderomyces clade | Candida
GO:0006096	root	1.0	root
GO:1905034	Mesangiospermae	1437183.0	root | cellular organisms | Eukaryota | Viridiplantae | Streptophyta | Streptophytina | Embryophyta | Tracheophyta | Euphyllophyta | Spermatophyta | Magnoliopsida | Mesangiospermae
GO:2000001	Eukaryota	2759.0	root | cellular organisms | Eukaryota
GO:0019432	cellular organisms	131567.0	root | cellular organisms
GO:0009231	root	1.0	root
GO:0031369	root	1.0	root
GO:0043486	Unknown		
GO:0004526	root	1.0	root
GO:0045056	Eukaryota	2759.0	root | cellular organisms | Eukaryota
GO:1903495	Euarchontoglires	314146.0	root | cellular organisms | Eukaryota | Opisthokonta | Metazoa | Eumetazoa | Bilateria | Deuterostomia | Chordata | Craniata | Vertebrata | Gnathostomata | Teleostomi | Euteleostomi | Sarcopterygii | Dipnotetrapodomorpha | Tetrapoda | Amniota | Mammalia | Theria | Eutheria | Boreoeutheria | Euarchontoglires
GO:0046477	Euteleostomi	117571.0	root | cellular organisms | Eukaryota | Opisthokonta | Metazoa | Eumetazoa | Bilateria | Deuterostomia | Chordata | Craniata | Vertebrata | Gnathostomata | Teleostomi | Euteleostomi
GO:0001934	root	1.0	root
GO:2001256	root	1.0	root
GO:0016776	root	1.0	root
GO:0009099	root	1.0	root
GO:0004059	cellular organisms	131567.0	root | cellular organisms
GO:0008327	cellular organisms	131567.0	root | cellular organisms
GO:0004596	root	1.0	root
GO:0016124	Eukaryota	2759.0	root | cellular organisms | Eukaryota
GO:0005745	Eukaryota	2759.0	root | cellular organisms | Eukaryota
GO:0031214	Euteleostomi	117571.0	root | cellular organisms | Eukaryota | Opisthokonta | Metazoa | Eumetazoa | Bilateria | Deuterostomia | Chordata | Craniata | Vertebrata | Gnathostomata | Teleostomi | Euteleostomi
GO:0047641	Eukaryota	2759.0	root | cellular organisms | Eukaryota
GO:0106149	Arabidopsis	3701.0	root | cellular organisms | Eukaryota | Viridiplantae | Streptophyta | Streptophytina | Embryophyta | Tracheophyta | Euphyllophyta | Spermatophyta | Magnoliopsida | Mesangiospermae | eudicotyledons | Gunneridae | Pentapetalae | rosids | malvids | Brassicales | Brassicaceae | Camelineae | Arabidopsis
GO:0004252	Unknown		3470597
GO:0006751	root	1.0	root
GO:0004748	Unknown		3470597
GO:0008236	Unknown		3470597
GO:0002218	Eukaryota	2759.0	root | cellular organisms | Eukaryota
GO:0060236	Eukaryota	2759.0	root | cellular organisms | Eukaryota
GO:0050613	cellular organisms	131567.0	root | cellular organisms
GO:0062099	Bilateria	33213.0	root | cellular organisms | Eukaryota | Opisthokonta | Metazoa | Eumetazoa | Bilateria
GO:0004314	cellular organisms	131567.0	root | cellular organisms
GO:0046526	cellular organisms	131567.0	root | cellular organisms
GO:0098793	Eumetazoa	6072.0	root | cellular organisms | Eukaryota | Opisthokonta | Metazoa | Eumetazoa
GO:0008759	Unknown		
GO:0017147	cellular organisms	131567.0	root | cellular organisms
GO:0043935	Dikarya	451864.0	root | cellular organisms | Eukaryota | Opisthokonta | Fungi | Dikarya
GO:1903647	Arabidopsis thaliana	3702.0	root | cellular organisms | Eukaryota | Viridiplantae | Streptophyta | Streptophytina | Embryophyta | Tracheophyta | Euphyllophyta | Spermatophyta | Magnoliopsida | Mesangiospermae | eudicotyledons | Gunneridae | Pentapetalae | rosids | malvids | Brassicales | Brassicaceae | Camelineae | Arabidopsis | Arabidopsis thaliana
GO:0015299	Unknown		
GO:0015698	Eukaryota	2759.0	root | cellular organisms | Eukaryota
GO:0008824	cellular organisms	131567.0	root | cellular organisms
GO:0061617	Eukaryota	2759.0	root | cellular organisms | Eukaryota
GO:0016688	Eukaryota	2759.0	root | cellular organisms | Eukaryota
GO:0005790	Eukaryota	2759.0	root | cellular organisms | Eukaryota
GO:0000480	cellular organisms	131567.0	root | cellular organisms
GO:0004332	root	1.0	root
GO:0015505	cellular organisms	131567.0	root | cellular organisms
GO:0005363	cellular organisms	131567.0	root | cellular organisms
GO:0016287	cellular organisms	131567.0	root | cellular organisms
GO:0045926	cellular organisms	131567.0	root | cellular organisms
GO:0031423	Adenoviridae	10508.0	root | Viruses | Varidnaviria | Bamfordvirae | Preplasmiviricota | Polisuviricotina | Pharingeaviricetes | Rowavirales | Adenoviridae
GO:0009535	Eukaryota	2759.0	root | cellular organisms | Eukaryota
GO:0004476	cellular organisms	131567.0	root | cellular organisms
GO:0055055	Unknown		
GO:0090730	Eukaryota	2759.0	root | cellular organisms | Eukaryota
GO:0004798	root	1.0	root
GO:0035375	root	1.0	root
GO:0043007	Eukaryota	2759.0	root | cellular organisms | Eukaryota
GO:0004607	cellular organisms	131567.0	root | cellular organisms
GO:0097573	Unknown		
GO:0045957	Bilateria	33213.0	root | cellular organisms | Eukaryota | Opisthokonta | Metazoa | Eumetazoa | Bilateria
GO:0051596	cellular organisms	131567.0	root | cellular organisms
GO:0060420	Gnathostomata	7776.0	root | cellular organisms | Eukaryota | Opisthokonta | Metazoa | Eumetazoa | Bilateria | Deuterostomia | Chordata | Craniata | Vertebrata | Gnathostomata
GO:1903771	Unknown		
GO:1902430	Euteleostomi	117571.0	root | cellular organisms | Eukaryota | Opisthokonta | Metazoa | Eumetazoa | Bilateria | Deuterostomia | Chordata | Craniata | Vertebrata | Gnathostomata | Teleostomi | Euteleostomi
GO:0008180	Eukaryota	2759.0	root | cellular organisms | Eukaryota
GO:0044322	Eukaryota	2759.0	root | cellular organisms | Eukaryota
GO:0033011	Eukaryota	2759.0	root | cellular organisms | Eukaryota
GO:0006702	Chordata	7711.0	root | cellular organisms | Eukaryota | Opisthokonta | Metazoa | Eumetazoa | Bilateria | Deuterostomia | Chordata
GO:1990529	Eukaryota	2759.0	root | cellular organisms | Eukaryota
GO:0007039	Eukaryota	2759.0	root | cellular organisms | Eukaryota
GO:0042754	cellular organisms	131567.0	root | cellular organisms
GO:0032357	cellular organisms	131567.0	root | cellular organisms
GO:0140294	Amniota	32524.0	root | cellular organisms | Eukaryota | Opisthokonta | Metazoa | Eumetazoa | Bilateria | Deuterostomia | Chordata | Craniata | Vertebrata | Gnathostomata | Teleostomi | Euteleostomi | Sarcopterygii | Dipnotetrapodomorpha | Tetrapoda | Amniota
GO:0033588	cellular organisms	131567.0	root | cellular organisms
GO:0050072	Unknown		
GO:0004616	root	1.0	root
GO:0048307	root	1.0	root
GO:0032045	cellular organisms	131567.0	root | cellular organisms
GO:0044167	Unknown		3470597
GO:0061990	Bacteria	2.0	root | cellular organisms | Bacteria
GO:0071871	cellular organisms	131567.0	root | cellular organisms
GO:0080154	Eukaryota	2759.0	root | cellular organisms | Eukaryota
GO:0046583	cellular organisms	131567.0	root | cellular organisms
GO:1902018	Eukaryota	2759.0	root | cellular organisms | Eukaryota
GO:0009881	root	1.0	root
GO:0008381	root	1.0	root
GO:0090026	Euteleostomi	117571.0	root | cellular organisms | Eukaryota | Opisthokonta | Metazoa | Eumetazoa | Bilateria | Deuterostomia | Chordata | Craniata | Vertebrata | Gnathostomata | Teleostomi | Euteleostomi
GO:0008798	cellular organisms	131567.0	root | cellular organisms
GO:0042726	Eukaryota	2759.0	root | cellular organisms | Eukaryota
GO:0032216	Eukaryota	2759.0	root | cellular organisms | Eukaryota
GO:0004673	root	1.0	root
GO:0030141	Eukaryota	2759.0	root | cellular organisms | Eukaryota
GO:0009539	cellular organisms	131567.0	root | cellular organisms
GO:0006021	cellular organisms	131567.0	root | cellular organisms
GO:0015819	Eukaryota	2759.0	root | cellular organisms | Eukaryota
GO:0001881	Eukaryota	2759.0	root | cellular organisms | Eukaryota
GO:0009922	root	1.0	root
GO:0051174	cellular organisms	131567.0	root | cellular organisms
GO:1903424	cellular organisms	131567.0	root | cellular organisms
GO:0070050	Bilateria	33213.0	root | cellular organisms | Eukaryota | Opisthokonta | Metazoa | Eumetazoa | Bilateria
GO:0044548	Eukaryota	2759.0	root | cellular organisms | Eukaryota
GO:0001942	Mammalia	40674.0	root | cellular organisms | Eukaryota | Opisthokonta | Metazoa | Eumetazoa | Bilateria | Deuterostomia | Chordata | Craniata | Vertebrata | Gnathostomata | Teleostomi | Euteleostomi | Sarcopterygii | Dipnotetrapodomorpha | Tetrapoda | Amniota | Mammalia
GO:0102241	Mesangiospermae	1437183.0	root | cellular organisms | Eukaryota | Viridiplantae | Streptophyta | Streptophytina | Embryophyta | Tracheophyta | Euphyllophyta | Spermatophyta | Magnoliopsida | Mesangiospermae
GO:0010526	Eukaryota	2759.0	root | cellular organisms | Eukaryota
GO:2000059	Eukaryota	2759.0	root | cellular organisms | Eukaryota
GO:0030091	root	1.0	root
GO:0061062	Eukaryota	2759.0	root | cellular organisms | Eukaryota
GO:0102373	Pentapetalae	1437201.0	root | cellular organisms | Eukaryota | Viridiplantae | Streptophyta | Streptophytina | Embryophyta | Tracheophyta | Euphyllophyta | Spermatophyta | Magnoliopsida | Mesangiospermae | eudicotyledons | Gunneridae | Pentapetalae
GO:0110155	cellular organisms	131567.0	root | cellular organisms
GO:0010143	Embryophyta	3193.0	root | cellular organisms | Eukaryota | Viridiplantae | Streptophyta | Streptophytina | Embryophyta
GO:0039619	Riboviria	2559587.0	root | Viruses | Riboviria
GO:0047443	cellular organisms	131567.0	root | cellular organisms
GO:0040027	Nematoda	6231.0	root | cellular organisms | Eukaryota | Opisthokonta | Metazoa | Eumetazoa | Bilateria | Protostomia | Ecdysozoa | Nematoda
GO:0009657	Magnoliopsida	3398.0	root | cellular organisms | Eukaryota | Viridiplantae | Streptophyta | Streptophytina | Embryophyta | Tracheophyta | Euphyllophyta | Spermatophyta | Magnoliopsida
GO:0039521	Unknown		
GO:0010542	Arabidopsis thaliana	3702.0	root | cellular organisms | Eukaryota | Viridiplantae | Streptophyta | Streptophytina | Embryophyta | Tracheophyta | Euphyllophyta | Spermatophyta | Magnoliopsida | Mesangiospermae | eudicotyledons | Gunneridae | Pentapetalae | rosids | malvids | Brassicales | Brassicaceae | Camelineae | Arabidopsis | Arabidopsis thaliana
GO:0008258	Pterygota	7496.0	root | cellular organisms | Eukaryota | Opisthokonta | Metazoa | Eumetazoa | Bilateria | Protostomia | Ecdysozoa | Panarthropoda | Arthropoda | Mandibulata | Pancrustacea | Altocrustacea | Allotriocarida | Hexapoda | Insecta | Dicondylia | Pterygota
GO:0006622	Eukaryota	2759.0	root | cellular organisms | Eukaryota
GO:0090357	Unknown		
GO:0051086	Unknown		
GO:0019511	Amniota	32524.0	root | cellular organisms | Eukaryota | Opisthokonta | Metazoa | Eumetazoa | Bilateria | Deuterostomia | Chordata | Craniata | Vertebrata | Gnathostomata | Teleostomi | Euteleostomi | Sarcopterygii | Dipnotetrapodomorpha | Tetrapoda | Amniota
GO:0098908	Euteleostomi	117571.0	root | cellular organisms | Eukaryota | Opisthokonta | Metazoa | Eumetazoa | Bilateria | Deuterostomia | Chordata | Craniata | Vertebrata | Gnathostomata | Teleostomi | Euteleostomi
GO:0071988	cellular organisms	131567.0	root | cellular organisms
GO:0050699	Opisthokonta	33154.0	root | cellular organisms | Eukaryota | Opisthokonta
GO:0044172	Viruses	10239.0	root | Viruses
GO:1902185	Arabidopsis thaliana	3702.0	root | cellular organisms | Eukaryota | Viridiplantae | Streptophyta | Streptophytina | Embryophyta | Tracheophyta | Euphyllophyta | Spermatophyta | Magnoliopsida | Mesangiospermae | eudicotyledons | Gunneridae | Pentapetalae | rosids | malvids | Brassicales | Brassicaceae | Camelineae | Arabidopsis | Arabidopsis thaliana
GO:0030496	cellular organisms	131567.0	root | cellular organisms
GO:0070995	Unknown		
GO:0071479	cellular organisms	131567.0	root | cellular organisms
GO:0002435	Homo sapiens	9606.0	root | cellular organisms | Eukaryota | Opisthokonta | Metazoa | Eumetazoa | Bilateria | Deuterostomia | Chordata | Craniata | Vertebrata | Gnathostomata | Teleostomi | Euteleostomi | Sarcopterygii | Dipnotetrapodomorpha | Tetrapoda | Amniota | Mammalia | Theria | Eutheria | Boreoeutheria | Euarchontoglires | Primates | Haplorrhini | Simiiformes | Catarrhini | Hominoidea | Hominidae | Homininae | Homo | Homo sapiens
GO:0047874	cellular organisms	131567.0	root | cellular organisms
GO:0006360	cellular organisms	131567.0	root | cellular organisms
GO:0089722	Embryophyta	3193.0	root | cellular organisms | Eukaryota | Viridiplantae | Streptophyta | Streptophytina | Embryophyta
GO:0034219	cellular organisms	131567.0	root | cellular organisms
GO:0042550	Arabidopsis thaliana	3702.0	root | cellular organisms | Eukaryota | Viridiplantae | Streptophyta | Streptophytina | Embryophyta | Tracheophyta | Euphyllophyta | Spermatophyta | Magnoliopsida | Mesangiospermae | eudicotyledons | Gunneridae | Pentapetalae | rosids | malvids | Brassicales | Brassicaceae | Camelineae | Arabidopsis | Arabidopsis thaliana
GO:0006979	root	1.0	root
GO:0052732	cellular organisms	131567.0	root | cellular organisms
GO:0035437	Eukaryota	2759.0	root | cellular organisms | Eukaryota
GO:1902466	Unknown		
GO:0015885	cellular organisms	131567.0	root | cellular organisms
GO:0006643	Unknown		
GO:0072702	cellular organisms	131567.0	root | cellular organisms
GO:0047216	Spermatophyta	58024.0	root | cellular organisms | Eukaryota | Viridiplantae | Streptophyta | Streptophytina | Embryophyta | Tracheophyta | Euphyllophyta | Spermatophyta
GO:0085020	cellular organisms	131567.0	root | cellular organisms
GO:0101003	Primates	9443.0	root | cellular organisms | Eukaryota | Opisthokonta | Metazoa | Eumetazoa | Bilateria | Deuterostomia | Chordata | Craniata | Vertebrata | Gnathostomata | Teleostomi | Euteleostomi | Sarcopterygii | Dipnotetrapodomorpha | Tetrapoda | Amniota | Mammalia | Theria | Eutheria | Boreoeutheria | Euarchontoglires | Primates
GO:0016508	Unknown		
GO:0120162	Tetrapoda	32523.0	root | cellular organisms | Eukaryota | Opisthokonta | Metazoa | Eumetazoa | Bilateria | Deuterostomia | Chordata | Craniata | Vertebrata | Gnathostomata | Teleostomi | Euteleostomi | Sarcopterygii | Dipnotetrapodomorpha | Tetrapoda
GO:0014883	Theria	32525.0	root | cellular organisms | Eukaryota | Opisthokonta | Metazoa | Eumetazoa | Bilateria | Deuterostomia | Chordata | Craniata | Vertebrata | Gnathostomata | Teleostomi | Euteleostomi | Sarcopterygii | Dipnotetrapodomorpha | Tetrapoda | Amniota | Mammalia | Theria
GO:0007009	cellular organisms	131567.0	root | cellular organisms
GO:0010148	Magnoliopsida	3398.0	root | cellular organisms | Eukaryota | Viridiplantae | Streptophyta | Streptophytina | Embryophyta | Tracheophyta | Euphyllophyta | Spermatophyta | Magnoliopsida
GO:0005743	Unknown		330876
GO:0030958	Fungi	4751.0	root | cellular organisms | Eukaryota | Opisthokonta | Fungi
GO:0051293	Opisthokonta	33154.0	root | cellular organisms | Eukaryota | Opisthokonta
GO:0008465	cellular organisms	131567.0	root | cellular organisms
GO:0072659	cellular organisms	131567.0	root | cellular organisms
GO:0045070	root	1.0	root
GO:0030957	root	1.0	root
GO:0043337	cellular organisms	131567.0	root | cellular organisms
GO:1904058	Bilateria	33213.0	root | cellular organisms | Eukaryota | Opisthokonta | Metazoa | Eumetazoa | Bilateria
GO:0035600	cellular organisms	131567.0	root | cellular organisms
GO:0006828	cellular organisms	131567.0	root | cellular organisms
GO:0001173	Arabidopsis thaliana	3702.0	root | cellular organisms | Eukaryota | Viridiplantae | Streptophyta | Streptophytina | Embryophyta | Tracheophyta | Euphyllophyta | Spermatophyta | Magnoliopsida | Mesangiospermae | eudicotyledons | Gunneridae | Pentapetalae | rosids | malvids | Brassicales | Brassicaceae | Camelineae | Arabidopsis | Arabidopsis thaliana
GO:0006147	cellular organisms	131567.0	root | cellular organisms
GO:0004650	root	1.0	root
GO:0070506	Vertebrata	7742.0	root | cellular organisms | Eukaryota | Opisthokonta | Metazoa | Eumetazoa | Bilateria | Deuterostomia | Chordata | Craniata | Vertebrata
GO:0003340	Euarchontoglires	314146.0	root | cellular organisms | Eukaryota | Opisthokonta | Metazoa | Eumetazoa | Bilateria | Deuterostomia | Chordata | Craniata | Vertebrata | Gnathostomata | Teleostomi | Euteleostomi | Sarcopterygii | Dipnotetrapodomorpha | Tetrapoda | Amniota | Mammalia | Theria | Eutheria | Boreoeutheria | Euarchontoglires
GO:0035686	Eukaryota	2759.0	root | cellular organisms | Eukaryota
GO:0016459	cellular organisms	131567.0	root | cellular organisms
GO:0002638	Amniota	32524.0	root | cellular organisms | Eukaryota | Opisthokonta | Metazoa | Eumetazoa | Bilateria | Deuterostomia | Chordata | Craniata | Vertebrata | Gnathostomata | Teleostomi | Euteleostomi | Sarcopterygii | Dipnotetrapodomorpha | Tetrapoda | Amniota
GO:0009978	cellular organisms	131567.0	root | cellular organisms
GO:0043326	Dictyostelia	33083.0	root | cellular organisms | Eukaryota | Amoebozoa | Evosea | Eumycetozoa | Dictyostelia
GO:0003844	root	1.0	root
GO:0047485	Unknown		
GO:0009888	Eukaryota	2759.0	root | cellular organisms | Eukaryota
GO:0019305	cellular organisms	131567.0	root | cellular organisms
GO:0004300	cellular organisms	131567.0	root | cellular organisms
GO:0010187	Streptophytina	131221.0	root | cellular organisms | Eukaryota | Viridiplantae | Streptophyta | Streptophytina
GO:0021983	Vertebrata	7742.0	root | cellular organisms | Eukaryota | Opisthokonta | Metazoa | Eumetazoa | Bilateria | Deuterostomia | Chordata | Craniata | Vertebrata
GO:0051087	root	1.0	root
GO:0075713	root	1.0	root
GO:0061812	Unknown		
GO:0102834	Unknown		
GO:0043571	root	1.0	root
GO:0045670	Euteleostomi	117571.0	root | cellular organisms | Eukaryota | Opisthokonta | Metazoa | Eumetazoa | Bilateria | Deuterostomia | Chordata | Craniata | Vertebrata | Gnathostomata | Teleostomi | Euteleostomi
GO:0006108	root	1.0	root
GO:0043693	Spermatophyta	58024.0	root | cellular organisms | Eukaryota | Viridiplantae | Streptophyta | Streptophytina | Embryophyta | Tracheophyta | Euphyllophyta | Spermatophyta
GO:0032468	Eukaryota	2759.0	root | cellular organisms | Eukaryota
GO:0007097	Eukaryota	2759.0	root | cellular organisms | Eukaryota
GO:0032578	Magnoliopsida	3398.0	root | cellular organisms | Eukaryota | Viridiplantae | Streptophyta | Streptophytina | Embryophyta | Tracheophyta | Euphyllophyta | Spermatophyta | Magnoliopsida
GO:0070042	root	1.0	root
GO:0005823	Fungi	4751.0	root | cellular organisms | Eukaryota | Opisthokonta | Fungi
GO:0086004	Euteleostomi	117571.0	root | cellular organisms | Eukaryota | Opisthokonta | Metazoa | Eumetazoa | Bilateria | Deuterostomia | Chordata | Craniata | Vertebrata | Gnathostomata | Teleostomi | Euteleostomi
GO:0016767	Unknown		
GO:0006950	root	1.0	root
GO:0010472	Brassicaceae	3700.0	root | cellular organisms | Eukaryota | Viridiplantae | Streptophyta | Streptophytina | Embryophyta | Tracheophyta | Euphyllophyta | Spermatophyta | Magnoliopsida | Mesangiospermae | eudicotyledons | Gunneridae | Pentapetalae | rosids | malvids | Brassicales | Brassicaceae
GO:0045299	Euteleostomi	117571.0	root | cellular organisms | Eukaryota | Opisthokonta | Metazoa | Eumetazoa | Bilateria | Deuterostomia | Chordata | Craniata | Vertebrata | Gnathostomata | Teleostomi | Euteleostomi
GO:0000931	Eukaryota	2759.0	root | cellular organisms | Eukaryota
GO:0031687	Amniota	32524.0	root | cellular organisms | Eukaryota | Opisthokonta | Metazoa | Eumetazoa | Bilateria | Deuterostomia | Chordata | Craniata | Vertebrata | Gnathostomata | Teleostomi | Euteleostomi | Sarcopterygii | Dipnotetrapodomorpha | Tetrapoda | Amniota
GO:1902553	Euarchontoglires	314146.0	root | cellular organisms | Eukaryota | Opisthokonta | Metazoa | Eumetazoa | Bilateria | Deuterostomia | Chordata | Craniata | Vertebrata | Gnathostomata | Teleostomi | Euteleostomi | Sarcopterygii | Dipnotetrapodomorpha | Tetrapoda | Amniota | Mammalia | Theria | Eutheria | Boreoeutheria | Euarchontoglires
GO:0010298	Camelineae	980083.0	root | cellular organisms | Eukaryota | Viridiplantae | Streptophyta | Streptophytina | Embryophyta | Tracheophyta | Euphyllophyta | Spermatophyta | Magnoliopsida | Mesangiospermae | eudicotyledons | Gunneridae | Pentapetalae | rosids | malvids | Brassicales | Brassicaceae | Camelineae
GO:0140657	Unknown		
GO:0002376	root	1.0	root
GO:0010295	cellular organisms	131567.0	root | cellular organisms
GO:2000208	Amniota	32524.0	root | cellular organisms | Eukaryota | Opisthokonta | Metazoa | Eumetazoa | Bilateria | Deuterostomia | Chordata | Craniata | Vertebrata | Gnathostomata | Teleostomi | Euteleostomi | Sarcopterygii | Dipnotetrapodomorpha | Tetrapoda | Amniota
GO:0045170	Arthropoda	6656.0	root | cellular organisms | Eukaryota | Opisthokonta | Metazoa | Eumetazoa | Bilateria | Protostomia | Ecdysozoa | Panarthropoda | Arthropoda
GO:0004467	root	1.0	root
GO:0070212	cellular organisms	131567.0	root | cellular organisms
GO:0006349	Unknown		
GO:0051568	Unknown		
GO:0090297	Eukaryota	2759.0	root | cellular organisms | Eukaryota
GO:0006012	root	1.0	root
GO:2001271	Unknown		
GO:0015990	Unknown		330876
GO:0016591	Eukaryota	2759.0	root | cellular organisms | Eukaryota
GO:0015748	Eukaryota	2759.0	root | cellular organisms | Eukaryota
GO:0030257	Bacteria	2.0	root | cellular organisms | Bacteria
GO:0102662	Unknown		
GO:0006665	root	1.0	root
GO:0016165	cellular organisms	131567.0	root | cellular organisms
GO:0039700	Alphaherpesvirinae	10293.0	root | Viruses | Duplodnaviria | Heunggongvirae | Peploviricota | Herviviricetes | Herpesvirales | Orthoherpesviridae | Alphaherpesvirinae
GO:0006309	Eukaryota	2759.0	root | cellular organisms | Eukaryota
GO:0045598	Amniota	32524.0	root | cellular organisms | Eukaryota | Opisthokonta | Metazoa | Eumetazoa | Bilateria | Deuterostomia | Chordata | Craniata | Vertebrata | Gnathostomata | Teleostomi | Euteleostomi | Sarcopterygii | Dipnotetrapodomorpha | Tetrapoda | Amniota
GO:0050766	root	1.0	root
GO:0003984	root	1.0	root
GO:0140833	Unknown		
GO:2000035	Eukaryota	2759.0	root | cellular organisms | Eukaryota
GO:0106018	Eukaryota	2759.0	root | cellular organisms | Eukaryota
GO:0004676	Eukaryota	2759.0	root | cellular organisms | Eukaryota
GO:0030183	Vertebrata	7742.0	root | cellular organisms | Eukaryota | Opisthokonta | Metazoa | Eumetazoa | Bilateria | Deuterostomia | Chordata | Craniata | Vertebrata
GO:0032728	root	1.0	root
GO:0005381	cellular organisms	131567.0	root | cellular organisms
GO:0010231	Mesangiospermae	1437183.0	root | cellular organisms | Eukaryota | Viridiplantae | Streptophyta | Streptophytina | Embryophyta | Tracheophyta | Euphyllophyta | Spermatophyta | Magnoliopsida | Mesangiospermae
GO:0009898	root	1.0	root
GO:0006355	Unknown		3470597
GO:0006415	cellular organisms	131567.0	root | cellular organisms
GO:0004372	root	1.0	root
GO:0010268	Eukaryota	2759.0	root | cellular organisms | Eukaryota
GO:0052833	Gnathostomata	7776.0	root | cellular organisms | Eukaryota | Opisthokonta | Metazoa | Eumetazoa | Bilateria | Deuterostomia | Chordata | Craniata | Vertebrata | Gnathostomata
GO:0016272	cellular organisms	131567.0	root | cellular organisms
GO:0005884	cellular organisms	131567.0	root | cellular organisms
GO:0080075	Pentapetalae	1437201.0	root | cellular organisms | Eukaryota | Viridiplantae | Streptophyta | Streptophytina | Embryophyta | Tracheophyta | Euphyllophyta | Spermatophyta | Magnoliopsida | Mesangiospermae | eudicotyledons | Gunneridae | Pentapetalae
GO:1990124	Unknown		
GO:0042148	cellular organisms	131567.0	root | cellular organisms
GO:0047951	Arabidopsis thaliana	3702.0	root | cellular organisms | Eukaryota | Viridiplantae | Streptophyta | Streptophytina | Embryophyta | Tracheophyta | Euphyllophyta | Spermatophyta | Magnoliopsida | Mesangiospermae | eudicotyledons | Gunneridae | Pentapetalae | rosids | malvids | Brassicales | Brassicaceae | Camelineae | Arabidopsis | Arabidopsis thaliana
GO:0046839	cellular organisms	131567.0	root | cellular organisms
GO:1903292	Eukaryota	2759.0	root | cellular organisms | Eukaryota
GO:0005886	root	1.0	root
GO:0009939	Viridiplantae	33090.0	root | cellular organisms | Eukaryota | Viridiplantae
GO:0016048	Eukaryota	2759.0	root | cellular organisms | Eukaryota
GO:0042578	cellular organisms	131567.0	root | cellular organisms
GO:0035019	Eukaryota	2759.0	root | cellular organisms | Eukaryota
GO:0008677	root	1.0	root
GO:0004181	root	1.0	root
GO:0098670	root	1.0	root
GO:0008066	Eukaryota	2759.0	root | cellular organisms | Eukaryota
GO:0031396	Eukaryota	2759.0	root | cellular organisms | Eukaryota
GO:0050405	Unknown		
GO:0019320	Eukaryota	2759.0	root | cellular organisms | Eukaryota
GO:0002043	Euteleostomi	117571.0	root | cellular organisms | Eukaryota | Opisthokonta | Metazoa | Eumetazoa | Bilateria | Deuterostomia | Chordata | Craniata | Vertebrata | Gnathostomata | Teleostomi | Euteleostomi
GO:0005384	cellular organisms	131567.0	root | cellular organisms
GO:0001222	Eukaryota	2759.0	root | cellular organisms | Eukaryota
GO:0052636	cellular organisms	131567.0	root | cellular organisms
GO:0070523	Eukaryota	2759.0	root | cellular organisms | Eukaryota
GO:0071011	Eukaryota	2759.0	root | cellular organisms | Eukaryota
GO:0045116	cellular organisms	131567.0	root | cellular organisms
GO:2000811	Opisthokonta	33154.0	root | cellular organisms | Eukaryota | Opisthokonta
GO:0004322	root	1.0	root
GO:0003994	cellular organisms	131567.0	root | cellular organisms
GO:0004648	root	1.0	root
GO:0000347	Eukaryota	2759.0	root | cellular organisms | Eukaryota
GO:0033385	cellular organisms	131567.0	root | cellular organisms
GO:0004579	cellular organisms	131567.0	root | cellular organisms
GO:0046843	Arthropoda	6656.0	root | cellular organisms | Eukaryota | Opisthokonta | Metazoa | Eumetazoa | Bilateria | Protostomia | Ecdysozoa | Panarthropoda | Arthropoda
GO:0031595	Amniota	32524.0	root | cellular organisms | Eukaryota | Opisthokonta | Metazoa | Eumetazoa | Bilateria | Deuterostomia | Chordata | Craniata | Vertebrata | Gnathostomata | Teleostomi | Euteleostomi | Sarcopterygii | Dipnotetrapodomorpha | Tetrapoda | Amniota
GO:0048280	cellular organisms	131567.0	root | cellular organisms
GO:0016784	cellular organisms	131567.0	root | cellular organisms
GO:0000182	Eukaryota	2759.0	root | cellular organisms | Eukaryota
GO:0005982	cellular organisms	131567.0	root | cellular organisms
GO:0039557	Viruses	10239.0	root | Viruses
GO:0070918	Unknown		
GO:0004361	cellular organisms	131567.0	root | cellular organisms
GO:0006325	root	1.0	root
GO:0030248	root	1.0	root
GO:0004864	cellular organisms	131567.0	root | cellular organisms
GO:0042781	root	1.0	root
GO:0006499	Eukaryota	2759.0	root | cellular organisms | Eukaryota
GO:0050734	Mesangiospermae	1437183.0	root | cellular organisms | Eukaryota | Viridiplantae | Streptophyta | Streptophytina | Embryophyta | Tracheophyta | Euphyllophyta | Spermatophyta | Magnoliopsida | Mesangiospermae
GO:0004419	cellular organisms	131567.0	root | cellular organisms
GO:0043196	Bilateria	33213.0	root | cellular organisms | Eukaryota | Opisthokonta | Metazoa | Eumetazoa | Bilateria
GO:1904428	Amniota	32524.0	root | cellular organisms | Eukaryota | Opisthokonta | Metazoa | Eumetazoa | Bilateria | Deuterostomia | Chordata | Craniata | Vertebrata | Gnathostomata | Teleostomi | Euteleostomi | Sarcopterygii | Dipnotetrapodomorpha | Tetrapoda | Amniota
GO:0097167	cellular organisms	131567.0	root | cellular organisms
GO:0047412	Eukaryota	2759.0	root | cellular organisms | Eukaryota
GO:0043406	Eukaryota	2759.0	root | cellular organisms | Eukaryota
GO:0030420	root	1.0	root
GO:0004515	root	1.0	root
GO:0003942	cellular organisms	131567.0	root | cellular organisms
GO:0071722	cellular organisms	131567.0	root | cellular organisms
GO:1990830	Gnathostomata	7776.0	root | cellular organisms | Eukaryota | Opisthokonta | Metazoa | Eumetazoa | Bilateria | Deuterostomia | Chordata | Craniata | Vertebrata | Gnathostomata
GO:0034307	Ascomycota	4890.0	root | cellular organisms | Eukaryota | Opisthokonta | Fungi | Dikarya | Ascomycota
GO:0000454	cellular organisms	131567.0	root | cellular organisms
GO:0141152	cellular organisms	131567.0	root | cellular organisms
GO:0030699	Bacteria	2.0	root | cellular organisms | Bacteria
GO:0030242	Unknown		
GO:0046459	cellular organisms	131567.0	root | cellular organisms
GO:1900424	Eukaryota	2759.0	root | cellular organisms | Eukaryota
GO:0031514	Eukaryota	2759.0	root | cellular organisms | Eukaryota
GO:0004949	Vertebrata	7742.0	root | cellular organisms | Eukaryota | Opisthokonta | Metazoa | Eumetazoa | Bilateria | Deuterostomia | Chordata | Craniata | Vertebrata
GO:0006310	root	1.0	root
GO:0031540	Streptophytina	131221.0	root | cellular organisms | Eukaryota | Viridiplantae | Streptophyta | Streptophytina
GO:0048568	Eukaryota	2759.0	root | cellular organisms | Eukaryota
GO:0004850	cellular organisms	131567.0	root | cellular organisms
GO:0097100	cellular organisms	131567.0	root | cellular organisms
GO:0051731	cellular organisms	131567.0	root | cellular organisms
GO:0051740	cellular organisms	131567.0	root | cellular organisms
GO:0015578	Eukaryota	2759.0	root | cellular organisms | Eukaryota
GO:1902458	Arabidopsis thaliana	3702.0	root | cellular organisms | Eukaryota | Viridiplantae | Streptophyta | Streptophytina | Embryophyta | Tracheophyta | Euphyllophyta | Spermatophyta | Magnoliopsida | Mesangiospermae | eudicotyledons | Gunneridae | Pentapetalae | rosids | malvids | Brassicales | Brassicaceae | Camelineae | Arabidopsis | Arabidopsis thaliana
GO:0010078	Viridiplantae	33090.0	root | cellular organisms | Eukaryota | Viridiplantae
GO:0003959	cellular organisms	131567.0	root | cellular organisms
GO:0061775	cellular organisms	131567.0	root | cellular organisms
GO:0004343	root	1.0	root
GO:0055078	Eukaryota	2759.0	root | cellular organisms | Eukaryota
GO:0000387	Eukaryota	2759.0	root | cellular organisms | Eukaryota
GO:0010598	Viridiplantae	33090.0	root | cellular organisms | Eukaryota | Viridiplantae
GO:0043984	Unknown		
GO:0006997	cellular organisms	131567.0	root | cellular organisms
GO:1990044	Opisthokonta	33154.0	root | cellular organisms | Eukaryota | Opisthokonta
GO:0005184	cellular organisms	131567.0	root | cellular organisms
GO:0008153	cellular organisms	131567.0	root | cellular organisms
GO:1902166	Bilateria	33213.0	root | cellular organisms | Eukaryota | Opisthokonta | Metazoa | Eumetazoa | Bilateria
GO:0016226	root	1.0	root
GO:0036336	Amniota	32524.0	root | cellular organisms | Eukaryota | Opisthokonta | Metazoa | Eumetazoa | Bilateria | Deuterostomia | Chordata | Craniata | Vertebrata | Gnathostomata | Teleostomi | Euteleostomi | Sarcopterygii | Dipnotetrapodomorpha | Tetrapoda | Amniota
GO:2000145	cellular organisms	131567.0	root | cellular organisms
GO:0043530	cellular organisms	131567.0	root | cellular organisms
GO:0002763	Murinae	39107.0	root | cellular organisms | Eukaryota | Opisthokonta | Metazoa | Eumetazoa | Bilateria | Deuterostomia | Chordata | Craniata | Vertebrata | Gnathostomata | Teleostomi | Euteleostomi | Sarcopterygii | Dipnotetrapodomorpha | Tetrapoda | Amniota | Mammalia | Theria | Eutheria | Boreoeutheria | Euarchontoglires | Glires | Rodentia | Myomorpha | Muroidea | Muridae | Murinae
GO:0016422	root	1.0	root
GO:0030262	Amniota	32524.0	root | cellular organisms | Eukaryota | Opisthokonta | Metazoa | Eumetazoa | Bilateria | Deuterostomia | Chordata | Craniata | Vertebrata | Gnathostomata | Teleostomi | Euteleostomi | Sarcopterygii | Dipnotetrapodomorpha | Tetrapoda | Amniota
GO:0043039	root	1.0	root
GO:0045028	Eukaryota	2759.0	root | cellular organisms | Eukaryota
GO:0016866	cellular organisms	131567.0	root | cellular organisms
GO:0090661	Amniota	32524.0	root | cellular organisms | Eukaryota | Opisthokonta | Metazoa | Eumetazoa | Bilateria | Deuterostomia | Chordata | Craniata | Vertebrata | Gnathostomata | Teleostomi | Euteleostomi | Sarcopterygii | Dipnotetrapodomorpha | Tetrapoda | Amniota
GO:0030158	cellular organisms	131567.0	root | cellular organisms
GO:0042500	cellular organisms	131567.0	root | cellular organisms
GO:0016589	Eukaryota	2759.0	root | cellular organisms | Eukaryota
GO:0000025	cellular organisms	131567.0	root | cellular organisms
GO:1902025	cellular organisms	131567.0	root | cellular organisms
GO:0048870	cellular organisms	131567.0	root | cellular organisms
GO:1905642	Unknown		
GO:0016868	root	1.0	root
GO:0031777	Gnathostomata	7776.0	root | cellular organisms | Eukaryota | Opisthokonta | Metazoa | Eumetazoa | Bilateria | Deuterostomia | Chordata | Craniata | Vertebrata | Gnathostomata
GO:0042383	Eukaryota	2759.0	root | cellular organisms | Eukaryota
GO:0034202	Eukaryota	2759.0	root | cellular organisms | Eukaryota
GO:0046870	root	1.0	root
GO:0039579	root	1.0	root
GO:0103073	Unknown		
GO:0090414	Eukaryota	2759.0	root | cellular organisms | Eukaryota
GO:0046942	cellular organisms	131567.0	root | cellular organisms
GO:0010334	cellular organisms	131567.0	root | cellular organisms
GO:0015878	cellular organisms	131567.0	root | cellular organisms
GO:0015228	Eukaryota	2759.0	root | cellular organisms | Eukaryota
GO:0006772	cellular organisms	131567.0	root | cellular organisms
GO:1900566	Unknown		
GO:0055008	Vertebrata	7742.0	root | cellular organisms | Eukaryota | Opisthokonta | Metazoa | Eumetazoa | Bilateria | Deuterostomia | Chordata | Craniata | Vertebrata
GO:1990229	cellular organisms	131567.0	root | cellular organisms
GO:0061458	Eukaryota	2759.0	root | cellular organisms | Eukaryota
GO:0005274	cellular organisms	131567.0	root | cellular organisms
GO:0010486	Eukaryota	2759.0	root | cellular organisms | Eukaryota
GO:0009930	Brassicaceae	3700.0	root | cellular organisms | Eukaryota | Viridiplantae | Streptophyta | Streptophytina | Embryophyta | Tracheophyta | Euphyllophyta | Spermatophyta | Magnoliopsida | Mesangiospermae | eudicotyledons | Gunneridae | Pentapetalae | rosids | malvids | Brassicales | Brassicaceae
GO:0009923	Eukaryota	2759.0	root | cellular organisms | Eukaryota
GO:0044260	Unknown		
GO:0010426	Unknown		
GO:1990984	Opisthokonta	33154.0	root | cellular organisms | Eukaryota | Opisthokonta
GO:0050736	Eukaryota	2759.0	root | cellular organisms | Eukaryota
GO:0009090	cellular organisms	131567.0	root | cellular organisms
GO:0044024	Amniota	32524.0	root | cellular organisms | Eukaryota | Opisthokonta | Metazoa | Eumetazoa | Bilateria | Deuterostomia | Chordata | Craniata | Vertebrata | Gnathostomata | Teleostomi | Euteleostomi | Sarcopterygii | Dipnotetrapodomorpha | Tetrapoda | Amniota
GO:0098978	Eukaryota	2759.0	root | cellular organisms | Eukaryota
GO:1901800	root	1.0	root
GO:0000210	cellular organisms	131567.0	root | cellular organisms
GO:0080144	Eukaryota	2759.0	root | cellular organisms | Eukaryota
GO:0051213	root	1.0	root
GO:0070765	cellular organisms	131567.0	root | cellular organisms
GO:0016755	root	1.0	root
GO:0000793	cellular organisms	131567.0	root | cellular organisms
GO:0030430	Unknown		3470597
GO:0071864	Amniota	32524.0	root | cellular organisms | Eukaryota | Opisthokonta | Metazoa | Eumetazoa | Bilateria | Deuterostomia | Chordata | Craniata | Vertebrata | Gnathostomata | Teleostomi | Euteleostomi | Sarcopterygii | Dipnotetrapodomorpha | Tetrapoda | Amniota
GO:0047893	Eukaryota	2759.0	root | cellular organisms | Eukaryota
GO:0043812	cellular organisms	131567.0	root | cellular organisms
GO:0048297	Unknown		
GO:2000601	cellular organisms	131567.0	root | cellular organisms
GO:0033201	Unknown		
GO:0045662	Euteleostomi	117571.0	root | cellular organisms | Eukaryota | Opisthokonta | Metazoa | Eumetazoa | Bilateria | Deuterostomia | Chordata | Craniata | Vertebrata | Gnathostomata | Teleostomi | Euteleostomi
GO:0010874	Euteleostomi	117571.0	root | cellular organisms | Eukaryota | Opisthokonta | Metazoa | Eumetazoa | Bilateria | Deuterostomia | Chordata | Craniata | Vertebrata | Gnathostomata | Teleostomi | Euteleostomi
GO:0007084	Eukaryota	2759.0	root | cellular organisms | Eukaryota
GO:0010069	Arabidopsis thaliana	3702.0	root | cellular organisms | Eukaryota | Viridiplantae | Streptophyta | Streptophytina | Embryophyta | Tracheophyta | Euphyllophyta | Spermatophyta | Magnoliopsida | Mesangiospermae | eudicotyledons | Gunneridae | Pentapetalae | rosids | malvids | Brassicales | Brassicaceae | Camelineae | Arabidopsis | Arabidopsis thaliana
GO:0141166	Eukaryota	2759.0	root | cellular organisms | Eukaryota
GO:0004108	Unknown		
GO:0110148	Unknown		
GO:0030048	cellular organisms	131567.0	root | cellular organisms
GO:1990067	Embryophyta	3193.0	root | cellular organisms | Eukaryota | Viridiplantae | Streptophyta | Streptophytina | Embryophyta
GO:0044805	Unknown		
GO:0002318	Amniota	32524.0	root | cellular organisms | Eukaryota | Opisthokonta | Metazoa | Eumetazoa | Bilateria | Deuterostomia | Chordata | Craniata | Vertebrata | Gnathostomata | Teleostomi | Euteleostomi | Sarcopterygii | Dipnotetrapodomorpha | Tetrapoda | Amniota
GO:0001582	Bilateria	33213.0	root | cellular organisms | Eukaryota | Opisthokonta | Metazoa | Eumetazoa | Bilateria
GO:1990451	cellular organisms	131567.0	root | cellular organisms
GO:0005801	Eukaryota	2759.0	root | cellular organisms | Eukaryota
GO:0035988	Chordata	7711.0	root | cellular organisms | Eukaryota | Opisthokonta | Metazoa | Eumetazoa | Bilateria | Deuterostomia | Chordata
GO:0097731	Eumetazoa	6072.0	root | cellular organisms | Eukaryota | Opisthokonta | Metazoa | Eumetazoa
GO:0180022	cellular organisms	131567.0	root | cellular organisms
GO:0016135	Mesangiospermae	1437183.0	root | cellular organisms | Eukaryota | Viridiplantae | Streptophyta | Streptophytina | Embryophyta | Tracheophyta | Euphyllophyta | Spermatophyta | Magnoliopsida | Mesangiospermae
GO:0050044	cellular organisms	131567.0	root | cellular organisms
GO:0045109	cellular organisms	131567.0	root | cellular organisms
GO:0060077	Eumetazoa	6072.0	root | cellular organisms | Eukaryota | Opisthokonta | Metazoa | Eumetazoa
GO:0042742	root	1.0	root
GO:0004525	root	1.0	root
GO:0010730	Eukaryota	2759.0	root | cellular organisms | Eukaryota
GO:0072562	Eumetazoa	6072.0	root | cellular organisms | Eukaryota | Opisthokonta | Metazoa | Eumetazoa
GO:0004852	cellular organisms	131567.0	root | cellular organisms
GO:0070374	Opisthokonta	33154.0	root | cellular organisms | Eukaryota | Opisthokonta
GO:0042335	Eukaryota	2759.0	root | cellular organisms | Eukaryota
GO:0033198	Eukaryota	2759.0	root | cellular organisms | Eukaryota
GO:0031209	Eukaryota	2759.0	root | cellular organisms | Eukaryota
GO:0048529	cellular organisms	131567.0	root | cellular organisms
GO:0047804	cellular organisms	131567.0	root | cellular organisms
GO:1990137	Spermatophyta	58024.0	root | cellular organisms | Eukaryota | Viridiplantae | Streptophyta | Streptophytina | Embryophyta | Tracheophyta | Euphyllophyta | Spermatophyta
GO:0098815	Amniota	32524.0	root | cellular organisms | Eukaryota | Opisthokonta | Metazoa | Eumetazoa | Bilateria | Deuterostomia | Chordata | Craniata | Vertebrata | Gnathostomata | Teleostomi | Euteleostomi | Sarcopterygii | Dipnotetrapodomorpha | Tetrapoda | Amniota
GO:0008793	root	1.0	root
GO:0046513	root	1.0	root
GO:0009303	cellular organisms	131567.0	root | cellular organisms
GO:0031297	cellular organisms	131567.0	root | cellular organisms
GO:0048665	Eumetazoa	6072.0	root | cellular organisms | Eukaryota | Opisthokonta | Metazoa | Eumetazoa
GO:0031969	Eukaryota	2759.0	root | cellular organisms | Eukaryota
GO:0038202	Eukaryota	2759.0	root | cellular organisms | Eukaryota
GO:0009955	Viridiplantae	33090.0	root | cellular organisms | Eukaryota | Viridiplantae
GO:0001216	cellular organisms	131567.0	root | cellular organisms
GO:0003948	cellular organisms	131567.0	root | cellular organisms
GO:0010930	Magnoliopsida	3398.0	root | cellular organisms | Eukaryota | Viridiplantae | Streptophyta | Streptophytina | Embryophyta | Tracheophyta | Euphyllophyta | Spermatophyta | Magnoliopsida
GO:1905038	Unknown		
GO:0050431	Eukaryota	2759.0	root | cellular organisms | Eukaryota
GO:0032680	Amniota	32524.0	root | cellular organisms | Eukaryota | Opisthokonta | Metazoa | Eumetazoa | Bilateria | Deuterostomia | Chordata | Craniata | Vertebrata | Gnathostomata | Teleostomi | Euteleostomi | Sarcopterygii | Dipnotetrapodomorpha | Tetrapoda | Amniota
GO:0009414	cellular organisms	131567.0	root | cellular organisms
GO:0042645	Eukaryota	2759.0	root | cellular organisms | Eukaryota
GO:0008614	cellular organisms	131567.0	root | cellular organisms
GO:0031222	root	1.0	root
GO:0005880	Eukaryota	2759.0	root | cellular organisms | Eukaryota
GO:0008859	root	1.0	root
GO:1904222	Danio rerio	7955.0	root | cellular organisms | Eukaryota | Opisthokonta | Metazoa | Eumetazoa | Bilateria | Deuterostomia | Chordata | Craniata | Vertebrata | Gnathostomata | Teleostomi | Euteleostomi | Actinopterygii | Actinopteri | Neopterygii | Teleostei | Osteoglossocephalai | Clupeocephala | Otomorpha | Ostariophysi | Otophysi | Cypriniphysae | Cypriniformes | Cyprinoidei | Danionidae | Danioninae | Danio | Danio rerio
GO:0019852	cellular organisms	131567.0	root | cellular organisms
GO:0030324	Euteleostomi	117571.0	root | cellular organisms | Eukaryota | Opisthokonta | Metazoa | Eumetazoa | Bilateria | Deuterostomia | Chordata | Craniata | Vertebrata | Gnathostomata | Teleostomi | Euteleostomi
GO:0090498	Opisthokonta	33154.0	root | cellular organisms | Eukaryota | Opisthokonta
GO:0008265	cellular organisms	131567.0	root | cellular organisms
GO:0106077	Unknown		
GO:0042054	cellular organisms	131567.0	root | cellular organisms
GO:0010575	Eumetazoa	6072.0	root | cellular organisms | Eukaryota | Opisthokonta | Metazoa | Eumetazoa
GO:0032481	Opisthokonta	33154.0	root | cellular organisms | Eukaryota | Opisthokonta
GO:2000071	Magnoliopsida	3398.0	root | cellular organisms | Eukaryota | Viridiplantae | Streptophyta | Streptophytina | Embryophyta | Tracheophyta | Euphyllophyta | Spermatophyta | Magnoliopsida
GO:0019200	cellular organisms	131567.0	root | cellular organisms
GO:1905614	Magnoliopsida	3398.0	root | cellular organisms | Eukaryota | Viridiplantae | Streptophyta | Streptophytina | Embryophyta | Tracheophyta | Euphyllophyta | Spermatophyta | Magnoliopsida
GO:0071494	Eukaryota	2759.0	root | cellular organisms | Eukaryota
GO:0061723	Eukaryota	2759.0	root | cellular organisms | Eukaryota
GO:0030744	Unknown		
GO:0070860	Eukaryota	2759.0	root | cellular organisms | Eukaryota
GO:0030131	cellular organisms	131567.0	root | cellular organisms
GO:0030017	Eumetazoa	6072.0	root | cellular organisms | Eukaryota | Opisthokonta | Metazoa | Eumetazoa
GO:0050640	cellular organisms	131567.0	root | cellular organisms
GO:1903793	Euarchontoglires	314146.0	root | cellular organisms | Eukaryota | Opisthokonta | Metazoa | Eumetazoa | Bilateria | Deuterostomia | Chordata | Craniata | Vertebrata | Gnathostomata | Teleostomi | Euteleostomi | Sarcopterygii | Dipnotetrapodomorpha | Tetrapoda | Amniota | Mammalia | Theria | Eutheria | Boreoeutheria | Euarchontoglires
GO:0046849	Vertebrata	7742.0	root | cellular organisms | Eukaryota | Opisthokonta | Metazoa | Eumetazoa | Bilateria | Deuterostomia | Chordata | Craniata | Vertebrata
GO:0016743	root	1.0	root
GO:0090567	Embryophyta	3193.0	root | cellular organisms | Eukaryota | Viridiplantae | Streptophyta | Streptophytina | Embryophyta
GO:0080046	Mesangiospermae	1437183.0	root | cellular organisms | Eukaryota | Viridiplantae | Streptophyta | Streptophytina | Embryophyta | Tracheophyta | Euphyllophyta | Spermatophyta | Magnoliopsida | Mesangiospermae
GO:0016192	root	1.0	root
GO:1905421	Pentapetalae	1437201.0	root | cellular organisms | Eukaryota | Viridiplantae | Streptophyta | Streptophytina | Embryophyta | Tracheophyta | Euphyllophyta | Spermatophyta | Magnoliopsida | Mesangiospermae | eudicotyledons | Gunneridae | Pentapetalae
GO:0010939	Unknown		
GO:0033391	Euteleostomi	117571.0	root | cellular organisms | Eukaryota | Opisthokonta | Metazoa | Eumetazoa | Bilateria | Deuterostomia | Chordata | Craniata | Vertebrata | Gnathostomata | Teleostomi | Euteleostomi
GO:0043130	cellular organisms	131567.0	root | cellular organisms
GO:0009702	cellular organisms	131567.0	root | cellular organisms
GO:0031436	Eukaryota	2759.0	root | cellular organisms | Eukaryota
GO:0110016	Amniota	32524.0	root | cellular organisms | Eukaryota | Opisthokonta | Metazoa | Eumetazoa | Bilateria | Deuterostomia | Chordata | Craniata | Vertebrata | Gnathostomata | Teleostomi | Euteleostomi | Sarcopterygii | Dipnotetrapodomorpha | Tetrapoda | Amniota
GO:0098687	Eukaryota	2759.0	root | cellular organisms | Eukaryota
GO:0006212	cellular organisms	131567.0	root | cellular organisms
GO:0010345	cellular organisms	131567.0	root | cellular organisms
GO:0016709	root	1.0	root
GO:0045848	cellular organisms	131567.0	root | cellular organisms
GO:0045657	Gnathostomata	7776.0	root | cellular organisms | Eukaryota | Opisthokonta | Metazoa | Eumetazoa | Bilateria | Deuterostomia | Chordata | Craniata | Vertebrata | Gnathostomata
GO:0000096	cellular organisms	131567.0	root | cellular organisms
GO:0004335	cellular organisms	131567.0	root | cellular organisms
GO:0004132	root	1.0	root
GO:0033280	Euteleostomi	117571.0	root | cellular organisms | Eukaryota | Opisthokonta | Metazoa | Eumetazoa | Bilateria | Deuterostomia | Chordata | Craniata | Vertebrata | Gnathostomata | Teleostomi | Euteleostomi
GO:0051745	cellular organisms	131567.0	root | cellular organisms
GO:0019841	Bilateria	33213.0	root | cellular organisms | Eukaryota | Opisthokonta | Metazoa | Eumetazoa | Bilateria
GO:0031967	cellular organisms	131567.0	root | cellular organisms
GO:0032918	Unknown		
GO:1903335	rosids	71275.0	root | cellular organisms | Eukaryota | Viridiplantae | Streptophyta | Streptophytina | Embryophyta | Tracheophyta | Euphyllophyta | Spermatophyta | Magnoliopsida | Mesangiospermae | eudicotyledons | Gunneridae | Pentapetalae | rosids
GO:0140297	root	1.0	root
GO:0016281	Eukaryota	2759.0	root | cellular organisms | Eukaryota
GO:0047769	cellular organisms	131567.0	root | cellular organisms
GO:0009277	Fungi	4751.0	root | cellular organisms | Eukaryota | Opisthokonta | Fungi
GO:0034274	Eukaryota	2759.0	root | cellular organisms | Eukaryota
GO:0019343	Unknown		
GO:0030592	Eukaryota	2759.0	root | cellular organisms | Eukaryota
GO:0006423	cellular organisms	131567.0	root | cellular organisms
GO:1905785	Fungi	4751.0	root | cellular organisms | Eukaryota | Opisthokonta | Fungi
GO:0070603	Unknown		
GO:0080102	Arabidopsis	3701.0	root | cellular organisms | Eukaryota | Viridiplantae | Streptophyta | Streptophytina | Embryophyta | Tracheophyta | Euphyllophyta | Spermatophyta | Magnoliopsida | Mesangiospermae | eudicotyledons | Gunneridae | Pentapetalae | rosids | malvids | Brassicales | Brassicaceae | Camelineae | Arabidopsis
GO:0035865	cellular organisms	131567.0	root | cellular organisms
GO:0015019	cellular organisms	131567.0	root | cellular organisms
GO:0090329	Eukaryota	2759.0	root | cellular organisms | Eukaryota
GO:0006303	root	1.0	root
GO:0035352	Eukaryota	2759.0	root | cellular organisms | Eukaryota
GO:0030628	Eukaryota	2759.0	root | cellular organisms | Eukaryota
GO:0050804	Metazoa	33208.0	root | cellular organisms | Eukaryota | Opisthokonta | Metazoa
GO:0008940	root	1.0	root
GO:1901656	Mesangiospermae	1437183.0	root | cellular organisms | Eukaryota | Viridiplantae | Streptophyta | Streptophytina | Embryophyta | Tracheophyta | Euphyllophyta | Spermatophyta | Magnoliopsida | Mesangiospermae
GO:0010401	Embryophyta	3193.0	root | cellular organisms | Eukaryota | Viridiplantae | Streptophyta | Streptophytina | Embryophyta
GO:0004839	root	1.0	root
GO:0000428	root	1.0	root
GO:0010458	Opisthokonta	33154.0	root | cellular organisms | Eukaryota | Opisthokonta
GO:0071391	Eukaryota	2759.0	root | cellular organisms | Eukaryota
GO:0006596	root	1.0	root
GO:0040040	Bilateria	33213.0	root | cellular organisms | Eukaryota | Opisthokonta | Metazoa | Eumetazoa | Bilateria
GO:0102425	Unknown		
GO:0031931	cellular organisms	131567.0	root | cellular organisms
GO:0009570	Eukaryota	2759.0	root | cellular organisms | Eukaryota
GO:0051744	Unknown		
GO:0006098	root	1.0	root
GO:0015446	cellular organisms	131567.0	root | cellular organisms
GO:0043022	root	1.0	root
GO:0006644	root	1.0	root
GO:0051604	root	1.0	root
GO:0015757	cellular organisms	131567.0	root | cellular organisms
GO:0051750	cellular organisms	131567.0	root | cellular organisms
GO:0051570	Unknown		
GO:0006434	cellular organisms	131567.0	root | cellular organisms
GO:0043373	Amniota	32524.0	root | cellular organisms | Eukaryota | Opisthokonta | Metazoa | Eumetazoa | Bilateria | Deuterostomia | Chordata | Craniata | Vertebrata | Gnathostomata | Teleostomi | Euteleostomi | Sarcopterygii | Dipnotetrapodomorpha | Tetrapoda | Amniota
GO:0003085	Eukaryota	2759.0	root | cellular organisms | Eukaryota
GO:0010494	cellular organisms	131567.0	root | cellular organisms
GO:0052640	Brassicaceae	3700.0	root | cellular organisms | Eukaryota | Viridiplantae | Streptophyta | Streptophytina | Embryophyta | Tracheophyta | Euphyllophyta | Spermatophyta | Magnoliopsida | Mesangiospermae | eudicotyledons | Gunneridae | Pentapetalae | rosids | malvids | Brassicales | Brassicaceae
GO:0050377	root	1.0	root
GO:1990269	Eukaryota	2759.0	root | cellular organisms | Eukaryota
GO:0046373	root	1.0	root
GO:0006188	root	1.0	root
GO:0006351	Unknown		1554481
GO:0000973	cellular organisms	131567.0	root | cellular organisms
GO:0080011	Brassicaceae	3700.0	root | cellular organisms | Eukaryota | Viridiplantae | Streptophyta | Streptophytina | Embryophyta | Tracheophyta | Euphyllophyta | Spermatophyta | Magnoliopsida | Mesangiospermae | eudicotyledons | Gunneridae | Pentapetalae | rosids | malvids | Brassicales | Brassicaceae
GO:0010789	Eukaryota	2759.0	root | cellular organisms | Eukaryota
GO:0006683	cellular organisms	131567.0	root | cellular organisms
GO:0019386	Archaea	2157.0	root | cellular organisms | Archaea
GO:0004309	cellular organisms	131567.0	root | cellular organisms
GO:0009736	cellular organisms	131567.0	root | cellular organisms
GO:0009229	root	1.0	root
GO:0016971	root	1.0	root
GO:1903638	Unknown		
GO:0010597	Spermatophyta	58024.0	root | cellular organisms | Eukaryota | Viridiplantae | Streptophyta | Streptophytina | Embryophyta | Tracheophyta | Euphyllophyta | Spermatophyta
GO:0019900	root	1.0	root
GO:0008569	cellular organisms	131567.0	root | cellular organisms
GO:0009423	cellular organisms	131567.0	root | cellular organisms
GO:0036266	Fungi	4751.0	root | cellular organisms | Eukaryota | Opisthokonta | Fungi
GO:0070372	Eukaryota	2759.0	root | cellular organisms | Eukaryota
GO:1905515	Eukaryota	2759.0	root | cellular organisms | Eukaryota
GO:0050911	Eumetazoa	6072.0	root | cellular organisms | Eukaryota | Opisthokonta | Metazoa | Eumetazoa
GO:0004478	root	1.0	root
GO:0035723	Bilateria	33213.0	root | cellular organisms | Eukaryota | Opisthokonta | Metazoa | Eumetazoa | Bilateria
GO:1905821	Eukaryota	2759.0	root | cellular organisms | Eukaryota
GO:0006011	root	1.0	root
GO:0006699	cellular organisms	131567.0	root | cellular organisms
GO:0005940	cellular organisms	131567.0	root | cellular organisms
GO:0031532	Unknown		
GO:2000435	Bilateria	33213.0	root | cellular organisms | Eukaryota | Opisthokonta | Metazoa | Eumetazoa | Bilateria
GO:0038085	Bilateria	33213.0	root | cellular organisms | Eukaryota | Opisthokonta | Metazoa | Eumetazoa | Bilateria
GO:0015293	root	1.0	root
GO:0001895	Eumetazoa	6072.0	root | cellular organisms | Eukaryota | Opisthokonta | Metazoa | Eumetazoa
GO:0061077	Unknown		
GO:0012505	root	1.0	root
GO:0048147	Amniota	32524.0	root | cellular organisms | Eukaryota | Opisthokonta | Metazoa | Eumetazoa | Bilateria | Deuterostomia | Chordata | Craniata | Vertebrata | Gnathostomata | Teleostomi | Euteleostomi | Sarcopterygii | Dipnotetrapodomorpha | Tetrapoda | Amniota
GO:0090351	Magnoliopsida	3398.0	root | cellular organisms | Eukaryota | Viridiplantae | Streptophyta | Streptophytina | Embryophyta | Tracheophyta | Euphyllophyta | Spermatophyta | Magnoliopsida
GO:0009538	cellular organisms	131567.0	root | cellular organisms
GO:0032154	cellular organisms	131567.0	root | cellular organisms
GO:0015095	cellular organisms	131567.0	root | cellular organisms
GO:1904576	Unknown		
GO:0004758	root	1.0	root
GO:0036297	root	1.0	root
GO:0008915	cellular organisms	131567.0	root | cellular organisms
GO:0052926	Eukaryota	2759.0	root | cellular organisms | Eukaryota
GO:0000578	Eukaryota	2759.0	root | cellular organisms | Eukaryota
GO:0009274	Bacteria	2.0	root | cellular organisms | Bacteria
GO:0090617	Brassicaceae	3700.0	root | cellular organisms | Eukaryota | Viridiplantae | Streptophyta | Streptophytina | Embryophyta | Tracheophyta | Euphyllophyta | Spermatophyta | Magnoliopsida | Mesangiospermae | eudicotyledons | Gunneridae | Pentapetalae | rosids | malvids | Brassicales | Brassicaceae
GO:0035513	cellular organisms	131567.0	root | cellular organisms
GO:0097196	Eukaryota	2759.0	root | cellular organisms | Eukaryota
GO:0051776	cellular organisms	131567.0	root | cellular organisms
GO:0060349	Euteleostomi	117571.0	root | cellular organisms | Eukaryota | Opisthokonta | Metazoa | Eumetazoa | Bilateria | Deuterostomia | Chordata | Craniata | Vertebrata | Gnathostomata | Teleostomi | Euteleostomi
GO:0009507	Unknown		330876
GO:0000958	Eukaryota	2759.0	root | cellular organisms | Eukaryota
GO:0047974	cellular organisms	131567.0	root | cellular organisms
GO:0039707	Unknown		
GO:0004396	cellular organisms	131567.0	root | cellular organisms
GO:2000369	Eukaryota	2759.0	root | cellular organisms | Eukaryota
GO:0102128	Unknown		
GO:0018064	cellular organisms	131567.0	root | cellular organisms
GO:0004479	cellular organisms	131567.0	root | cellular organisms
GO:0048439	Magnoliopsida	3398.0	root | cellular organisms | Eukaryota | Viridiplantae | Streptophyta | Streptophytina | Embryophyta | Tracheophyta | Euphyllophyta | Spermatophyta | Magnoliopsida
GO:0097712	Eukaryota	2759.0	root | cellular organisms | Eukaryota
GO:0006068	cellular organisms	131567.0	root | cellular organisms
GO:0005337	root	1.0	root
GO:0010362	Unknown		
GO:0033120	root	1.0	root
GO:0033902	Eukaryota	2759.0	root | cellular organisms | Eukaryota
GO:0016240	Eukaryota	2759.0	root | cellular organisms | Eukaryota
GO:0006593	cellular organisms	131567.0	root | cellular organisms
GO:0033188	cellular organisms	131567.0	root | cellular organisms
GO:0019210	cellular organisms	131567.0	root | cellular organisms
GO:0061657	Eukaryota	2759.0	root | cellular organisms | Eukaryota
GO:0008023	cellular organisms	131567.0	root | cellular organisms
GO:0009094	root	1.0	root
GO:0052903	Eukaryota	2759.0	root | cellular organisms | Eukaryota
GO:0043523	Bilateria	33213.0	root | cellular organisms | Eukaryota | Opisthokonta | Metazoa | Eumetazoa | Bilateria
GO:0071872	Amniota	32524.0	root | cellular organisms | Eukaryota | Opisthokonta | Metazoa | Eumetazoa | Bilateria | Deuterostomia | Chordata | Craniata | Vertebrata | Gnathostomata | Teleostomi | Euteleostomi | Sarcopterygii | Dipnotetrapodomorpha | Tetrapoda | Amniota
GO:0071507	Fungi	4751.0	root | cellular organisms | Eukaryota | Opisthokonta | Fungi
GO:0075342	root	1.0	root
GO:0043197	Eumetazoa	6072.0	root | cellular organisms | Eukaryota | Opisthokonta | Metazoa | Eumetazoa
GO:0005816	Eukaryota	2759.0	root | cellular organisms | Eukaryota
GO:0007258	Tetrapoda	32523.0	root | cellular organisms | Eukaryota | Opisthokonta | Metazoa | Eumetazoa | Bilateria | Deuterostomia | Chordata | Craniata | Vertebrata | Gnathostomata | Teleostomi | Euteleostomi | Sarcopterygii | Dipnotetrapodomorpha | Tetrapoda
GO:0071446	Viridiplantae	33090.0	root | cellular organisms | Eukaryota | Viridiplantae
GO:0033299	cellular organisms	131567.0	root | cellular organisms
GO:0061542	cellular organisms	131567.0	root | cellular organisms
GO:0005272	root	1.0	root
GO:0072494	Riboviria	2559587.0	root | Viruses | Riboviria
GO:0102740	Unknown		
GO:0016290	Unknown		
GO:0010200	Embryophyta	3193.0	root | cellular organisms | Eukaryota | Viridiplantae | Streptophyta | Streptophytina | Embryophyta
GO:0009104	cellular organisms	131567.0	root | cellular organisms
GO:0000774	root	1.0	root
GO:0019722	cellular organisms	131567.0	root | cellular organisms
GO:0035344	cellular organisms	131567.0	root | cellular organisms
GO:1900058	Viridiplantae	33090.0	root | cellular organisms | Eukaryota | Viridiplantae
GO:0009660	Streptophytina	131221.0	root | cellular organisms | Eukaryota | Viridiplantae | Streptophyta | Streptophytina
GO:0005885	cellular organisms	131567.0	root | cellular organisms
GO:0007162	cellular organisms	131567.0	root | cellular organisms
GO:0051493	root	1.0	root
GO:0061598	cellular organisms	131567.0	root | cellular organisms
GO:0004305	cellular organisms	131567.0	root | cellular organisms
GO:0019955	root	1.0	root
GO:1900150	Eukaryota	2759.0	root | cellular organisms | Eukaryota
GO:0016844	Pentapetalae	1437201.0	root | cellular organisms | Eukaryota | Viridiplantae | Streptophyta | Streptophytina | Embryophyta | Tracheophyta | Euphyllophyta | Spermatophyta | Magnoliopsida | Mesangiospermae | eudicotyledons | Gunneridae | Pentapetalae
GO:0045549	cellular organisms	131567.0	root | cellular organisms
GO:0003868	cellular organisms	131567.0	root | cellular organisms
GO:0102741	Pentapetalae	1437201.0	root | cellular organisms | Eukaryota | Viridiplantae | Streptophyta | Streptophytina | Embryophyta | Tracheophyta | Euphyllophyta | Spermatophyta | Magnoliopsida | Mesangiospermae | eudicotyledons | Gunneridae | Pentapetalae
GO:0036092	root	1.0	root
GO:0009266	root	1.0	root
GO:0102245	Arabidopsis thaliana	3702.0	root | cellular organisms | Eukaryota | Viridiplantae | Streptophyta | Streptophytina | Embryophyta | Tracheophyta | Euphyllophyta | Spermatophyta | Magnoliopsida | Mesangiospermae | eudicotyledons | Gunneridae | Pentapetalae | rosids | malvids | Brassicales | Brassicaceae | Camelineae | Arabidopsis | Arabidopsis thaliana
GO:0043162	Eukaryota	2759.0	root | cellular organisms | Eukaryota
GO:0009860	Viridiplantae	33090.0	root | cellular organisms | Eukaryota | Viridiplantae
GO:0008440	Eukaryota	2759.0	root | cellular organisms | Eukaryota
GO:0070919	Unknown		
GO:0042372	cellular organisms	131567.0	root | cellular organisms
GO:0050281	cellular organisms	131567.0	root | cellular organisms
GO:0008481	cellular organisms	131567.0	root | cellular organisms
GO:0019829	cellular organisms	131567.0	root | cellular organisms
GO:0006075	cellular organisms	131567.0	root | cellular organisms
GO:0019363	root	1.0	root
GO:0051168	Eukaryota	2759.0	root | cellular organisms | Eukaryota
GO:0050511	cellular organisms	131567.0	root | cellular organisms
GO:0050220	cellular organisms	131567.0	root | cellular organisms
GO:0005354	cellular organisms	131567.0	root | cellular organisms
GO:0008425	cellular organisms	131567.0	root | cellular organisms
GO:0047498	Unknown		
GO:0098506	Unknown		
GO:0030426	Eumetazoa	6072.0	root | cellular organisms | Eukaryota | Opisthokonta | Metazoa | Eumetazoa
GO:1901838	Eukaryota	2759.0	root | cellular organisms | Eukaryota
GO:0002196	cellular organisms	131567.0	root | cellular organisms
GO:1900740	Unknown		
GO:0006996	Euarchontoglires	314146.0	root | cellular organisms | Eukaryota | Opisthokonta | Metazoa | Eumetazoa | Bilateria | Deuterostomia | Chordata | Craniata | Vertebrata | Gnathostomata | Teleostomi | Euteleostomi | Sarcopterygii | Dipnotetrapodomorpha | Tetrapoda | Amniota | Mammalia | Theria | Eutheria | Boreoeutheria | Euarchontoglires
GO:0004819	root	1.0	root
GO:0071782	Eukaryota	2759.0	root | cellular organisms | Eukaryota
GO:0051879	root	1.0	root
GO:0071458	Unknown		
GO:0031155	cellular organisms	131567.0	root | cellular organisms
GO:0004575	cellular organisms	131567.0	root | cellular organisms
GO:0019780	Eukaryota	2759.0	root | cellular organisms | Eukaryota
GO:0005990	cellular organisms	131567.0	root | cellular organisms
GO:0035448	Unknown		
GO:0051640	Bilateria	33213.0	root | cellular organisms | Eukaryota | Opisthokonta | Metazoa | Eumetazoa | Bilateria
GO:0047617	root	1.0	root
GO:0120163	Amniota	32524.0	root | cellular organisms | Eukaryota | Opisthokonta | Metazoa | Eumetazoa | Bilateria | Deuterostomia | Chordata | Craniata | Vertebrata | Gnathostomata | Teleostomi | Euteleostomi | Sarcopterygii | Dipnotetrapodomorpha | Tetrapoda | Amniota
GO:0001217	root	1.0	root
GO:1904047	root	1.0	root
GO:0005953	cellular organisms	131567.0	root | cellular organisms
GO:0072334	Eukaryota	2759.0	root | cellular organisms | Eukaryota
GO:0061599	root	1.0	root
GO:0062176	cellular organisms	131567.0	root | cellular organisms
GO:0010439	Magnoliopsida	3398.0	root | cellular organisms | Eukaryota | Viridiplantae | Streptophyta | Streptophytina | Embryophyta | Tracheophyta | Euphyllophyta | Spermatophyta | Magnoliopsida
GO:1903800	Bilateria	33213.0	root | cellular organisms | Eukaryota | Opisthokonta | Metazoa | Eumetazoa | Bilateria
GO:0004096	root	1.0	root
GO:0019783	root	1.0	root
GO:0005536	cellular organisms	131567.0	root | cellular organisms
GO:0003964	root	1.0	root
GO:0017006	cellular organisms	131567.0	root | cellular organisms
GO:0031510	Eukaryota	2759.0	root | cellular organisms | Eukaryota
GO:0097352	Eukaryota	2759.0	root | cellular organisms | Eukaryota
GO:0042101	Gnathostomata	7776.0	root | cellular organisms | Eukaryota | Opisthokonta | Metazoa | Eumetazoa | Bilateria | Deuterostomia | Chordata | Craniata | Vertebrata | Gnathostomata
GO:0010042	Eukaryota	2759.0	root | cellular organisms | Eukaryota
GO:0019154	cellular organisms	131567.0	root | cellular organisms
GO:0050482	root	1.0	root
GO:0061708	cellular organisms	131567.0	root | cellular organisms
GO:0010305	Spermatophyta	58024.0	root | cellular organisms | Eukaryota | Viridiplantae | Streptophyta | Streptophytina | Embryophyta | Tracheophyta | Euphyllophyta | Spermatophyta
GO:0071367	Mesangiospermae	1437183.0	root | cellular organisms | Eukaryota | Viridiplantae | Streptophyta | Streptophytina | Embryophyta | Tracheophyta | Euphyllophyta | Spermatophyta | Magnoliopsida | Mesangiospermae
GO:1900000	Arabidopsis thaliana	3702.0	root | cellular organisms | Eukaryota | Viridiplantae | Streptophyta | Streptophytina | Embryophyta | Tracheophyta | Euphyllophyta | Spermatophyta | Magnoliopsida | Mesangiospermae | eudicotyledons | Gunneridae | Pentapetalae | rosids | malvids | Brassicales | Brassicaceae | Camelineae | Arabidopsis | Arabidopsis thaliana
GO:0008762	cellular organisms	131567.0	root | cellular organisms
GO:1900020	Euarchontoglires	314146.0	root | cellular organisms | Eukaryota | Opisthokonta | Metazoa | Eumetazoa | Bilateria | Deuterostomia | Chordata | Craniata | Vertebrata | Gnathostomata | Teleostomi | Euteleostomi | Sarcopterygii | Dipnotetrapodomorpha | Tetrapoda | Amniota | Mammalia | Theria | Eutheria | Boreoeutheria | Euarchontoglires
GO:0000374	Arabidopsis thaliana	3702.0	root | cellular organisms | Eukaryota | Viridiplantae | Streptophyta | Streptophytina | Embryophyta | Tracheophyta | Euphyllophyta | Spermatophyta | Magnoliopsida | Mesangiospermae | eudicotyledons | Gunneridae | Pentapetalae | rosids | malvids | Brassicales | Brassicaceae | Camelineae | Arabidopsis | Arabidopsis thaliana
GO:0031766	Euteleostomi	117571.0	root | cellular organisms | Eukaryota | Opisthokonta | Metazoa | Eumetazoa | Bilateria | Deuterostomia | Chordata | Craniata | Vertebrata | Gnathostomata | Teleostomi | Euteleostomi
GO:0071514	Eukaryota	2759.0	root | cellular organisms | Eukaryota
GO:0102873	Unknown		
GO:0004715	root	1.0	root
GO:0010977	Bilateria	33213.0	root | cellular organisms | Eukaryota | Opisthokonta | Metazoa | Eumetazoa | Bilateria
GO:0005673	Eukaryota	2759.0	root | cellular organisms | Eukaryota
GO:0044185	Viruses	10239.0	root | Viruses
GO:0033468	cellular organisms	131567.0	root | cellular organisms
GO:0031966	root	1.0	root
GO:0016787	Unknown		3470597
GO:0019136	root	1.0	root
GO:0090181	Amniota	32524.0	root | cellular organisms | Eukaryota | Opisthokonta | Metazoa | Eumetazoa | Bilateria | Deuterostomia | Chordata | Craniata | Vertebrata | Gnathostomata | Teleostomi | Euteleostomi | Sarcopterygii | Dipnotetrapodomorpha | Tetrapoda | Amniota
GO:0051838	Unknown		
GO:0102499	Unknown		
GO:0004151	cellular organisms	131567.0	root | cellular organisms
GO:0016702	root	1.0	root
GO:0031047	root	1.0	root
GO:1901149	Magnoliopsida	3398.0	root | cellular organisms | Eukaryota | Viridiplantae | Streptophyta | Streptophytina | Embryophyta | Tracheophyta | Euphyllophyta | Spermatophyta | Magnoliopsida
GO:0009307	root	1.0	root
GO:0061515	Euteleostomi	117571.0	root | cellular organisms | Eukaryota | Opisthokonta | Metazoa | Eumetazoa | Bilateria | Deuterostomia | Chordata | Craniata | Vertebrata | Gnathostomata | Teleostomi | Euteleostomi
GO:0032958	root	1.0	root
GO:0031424	Vertebrata	7742.0	root | cellular organisms | Eukaryota | Opisthokonta | Metazoa | Eumetazoa | Bilateria | Deuterostomia | Chordata | Craniata | Vertebrata
GO:0044774	Opisthokonta	33154.0	root | cellular organisms | Eukaryota | Opisthokonta
GO:0010344	Spermatophyta	58024.0	root | cellular organisms | Eukaryota | Viridiplantae | Streptophyta | Streptophytina | Embryophyta | Tracheophyta | Euphyllophyta | Spermatophyta
GO:0004107	cellular organisms	131567.0	root | cellular organisms
GO:0050412	Pentapetalae	1437201.0	root | cellular organisms | Eukaryota | Viridiplantae | Streptophyta | Streptophytina | Embryophyta | Tracheophyta | Euphyllophyta | Spermatophyta | Magnoliopsida | Mesangiospermae | eudicotyledons | Gunneridae | Pentapetalae
GO:0009313	root	1.0	root
GO:0009631	cellular organisms	131567.0	root | cellular organisms
GO:0009693	cellular organisms	131567.0	root | cellular organisms
GO:0030983	root	1.0	root
GO:0003007	Bilateria	33213.0	root | cellular organisms | Eukaryota | Opisthokonta | Metazoa | Eumetazoa | Bilateria
GO:0017177	Eukaryota	2759.0	root | cellular organisms | Eukaryota
GO:0010072	Pentapetalae	1437201.0	root | cellular organisms | Eukaryota | Viridiplantae | Streptophyta | Streptophytina | Embryophyta | Tracheophyta | Euphyllophyta | Spermatophyta | Magnoliopsida | Mesangiospermae | eudicotyledons | Gunneridae | Pentapetalae
GO:0004805	cellular organisms	131567.0	root | cellular organisms
GO:0017176	cellular organisms	131567.0	root | cellular organisms
GO:0019856	cellular organisms	131567.0	root | cellular organisms
GO:0016247	Eukaryota	2759.0	root | cellular organisms | Eukaryota
GO:0006538	cellular organisms	131567.0	root | cellular organisms
GO:0097502	Unknown		
GO:0060444	Mammalia	40674.0	root | cellular organisms | Eukaryota | Opisthokonta | Metazoa | Eumetazoa | Bilateria | Deuterostomia | Chordata | Craniata | Vertebrata | Gnathostomata | Teleostomi | Euteleostomi | Sarcopterygii | Dipnotetrapodomorpha | Tetrapoda | Amniota | Mammalia
GO:0000272	root	1.0	root
GO:0030984	Vertebrata	7742.0	root | cellular organisms | Eukaryota | Opisthokonta | Metazoa | Eumetazoa | Bilateria | Deuterostomia | Chordata | Craniata | Vertebrata
GO:0007616	Eumetazoa	6072.0	root | cellular organisms | Eukaryota | Opisthokonta | Metazoa | Eumetazoa
GO:1904382	Opisthokonta	33154.0	root | cellular organisms | Eukaryota | Opisthokonta
GO:0016279	root	1.0	root
GO:0017136	cellular organisms	131567.0	root | cellular organisms
GO:0141046	Eukaryota	2759.0	root | cellular organisms | Eukaryota
GO:0019033	Unknown		3470597
GO:0102562	Unknown		
GO:0019065	root	1.0	root
GO:0009361	cellular organisms	131567.0	root | cellular organisms
GO:0048149	Bilateria	33213.0	root | cellular organisms | Eukaryota | Opisthokonta | Metazoa | Eumetazoa | Bilateria
GO:0005776	Eukaryota	2759.0	root | cellular organisms | Eukaryota
GO:0006204	cellular organisms	131567.0	root | cellular organisms
GO:0003952	root	1.0	root
GO:0030667	Eukaryota	2759.0	root | cellular organisms | Eukaryota
GO:0008942	cellular organisms	131567.0	root | cellular organisms
GO:0010997	cellular organisms	131567.0	root | cellular organisms
GO:0009088	root	1.0	root
GO:0048706	Vertebrata	7742.0	root | cellular organisms | Eukaryota | Opisthokonta | Metazoa | Eumetazoa | Bilateria | Deuterostomia | Chordata | Craniata | Vertebrata
GO:1990048	Bilateria	33213.0	root | cellular organisms | Eukaryota | Opisthokonta | Metazoa | Eumetazoa | Bilateria
GO:0060776	Arabidopsis thaliana	3702.0	root | cellular organisms | Eukaryota | Viridiplantae | Streptophyta | Streptophytina | Embryophyta | Tracheophyta | Euphyllophyta | Spermatophyta | Magnoliopsida | Mesangiospermae | eudicotyledons | Gunneridae | Pentapetalae | rosids | malvids | Brassicales | Brassicaceae | Camelineae | Arabidopsis | Arabidopsis thaliana
GO:0000976	root	1.0	root
GO:0005759	Eukaryota	2759.0	root | cellular organisms | Eukaryota
GO:0006750	cellular organisms	131567.0	root | cellular organisms
GO:0000311	Eukaryota	2759.0	root | cellular organisms | Eukaryota
GO:1902340	Opisthokonta	33154.0	root | cellular organisms | Eukaryota | Opisthokonta
GO:0030521	Eukaryota	2759.0	root | cellular organisms | Eukaryota
GO:1902559	Eukaryota	2759.0	root | cellular organisms | Eukaryota
GO:0062211	Arabidopsis thaliana	3702.0	root | cellular organisms | Eukaryota | Viridiplantae | Streptophyta | Streptophytina | Embryophyta | Tracheophyta | Euphyllophyta | Spermatophyta | Magnoliopsida | Mesangiospermae | eudicotyledons | Gunneridae | Pentapetalae | rosids | malvids | Brassicales | Brassicaceae | Camelineae | Arabidopsis | Arabidopsis thaliana
GO:1990403	Bilateria	33213.0	root | cellular organisms | Eukaryota | Opisthokonta | Metazoa | Eumetazoa | Bilateria
GO:0033554	cellular organisms	131567.0	root | cellular organisms
GO:0051721	Eukaryota	2759.0	root | cellular organisms | Eukaryota
GO:0016298	root	1.0	root
GO:1901642	root	1.0	root
GO:0106074	root	1.0	root
GO:0019288	cellular organisms	131567.0	root | cellular organisms
GO:0009787	Streptophytina	131221.0	root | cellular organisms | Eukaryota | Viridiplantae | Streptophyta | Streptophytina
GO:0008024	Eukaryota	2759.0	root | cellular organisms | Eukaryota
GO:0045252	cellular organisms	131567.0	root | cellular organisms
GO:0010111	Arabidopsis thaliana	3702.0	root | cellular organisms | Eukaryota | Viridiplantae | Streptophyta | Streptophytina | Embryophyta | Tracheophyta | Euphyllophyta | Spermatophyta | Magnoliopsida | Mesangiospermae | eudicotyledons | Gunneridae | Pentapetalae | rosids | malvids | Brassicales | Brassicaceae | Camelineae | Arabidopsis | Arabidopsis thaliana
GO:0004450	root	1.0	root
GO:0019809	cellular organisms	131567.0	root | cellular organisms
GO:0010282	Mesangiospermae	1437183.0	root | cellular organisms | Eukaryota | Viridiplantae | Streptophyta | Streptophytina | Embryophyta | Tracheophyta | Euphyllophyta | Spermatophyta | Magnoliopsida | Mesangiospermae
GO:0008710	cellular organisms	131567.0	root | cellular organisms
GO:0045214	Eumetazoa	6072.0	root | cellular organisms | Eukaryota | Opisthokonta | Metazoa | Eumetazoa
GO:0010499	cellular organisms	131567.0	root | cellular organisms
GO:1990046	Amniota	32524.0	root | cellular organisms | Eukaryota | Opisthokonta | Metazoa | Eumetazoa | Bilateria | Deuterostomia | Chordata | Craniata | Vertebrata | Gnathostomata | Teleostomi | Euteleostomi | Sarcopterygii | Dipnotetrapodomorpha | Tetrapoda | Amniota
GO:0008422	root	1.0	root
GO:0030890	Vertebrata	7742.0	root | cellular organisms | Eukaryota | Opisthokonta | Metazoa | Eumetazoa | Bilateria | Deuterostomia | Chordata | Craniata | Vertebrata
GO:0015908	cellular organisms	131567.0	root | cellular organisms
GO:0050213	Unknown		
GO:0034620	cellular organisms	131567.0	root | cellular organisms
GO:0047750	cellular organisms	131567.0	root | cellular organisms
GO:0031386	cellular organisms	131567.0	root | cellular organisms
GO:0043617	Eukaryota	2759.0	root | cellular organisms | Eukaryota
GO:0048854	Bilateria	33213.0	root | cellular organisms | Eukaryota | Opisthokonta | Metazoa | Eumetazoa | Bilateria
GO:0005366	cellular organisms	131567.0	root | cellular organisms
GO:0010227	Mesangiospermae	1437183.0	root | cellular organisms | Eukaryota | Viridiplantae | Streptophyta | Streptophytina | Embryophyta | Tracheophyta | Euphyllophyta | Spermatophyta | Magnoliopsida | Mesangiospermae
GO:0030677	root	1.0	root
GO:0050614	cellular organisms	131567.0	root | cellular organisms
GO:0036128	cellular organisms	131567.0	root | cellular organisms
GO:0022900	root	1.0	root
GO:0102175	Eukaryota	2759.0	root | cellular organisms | Eukaryota
GO:0061844	Eukaryota	2759.0	root | cellular organisms | Eukaryota
GO:0006182	cellular organisms	131567.0	root | cellular organisms
GO:0036430	cellular organisms	131567.0	root | cellular organisms
GO:0006357	root	1.0	root
GO:0032024	Bilateria	33213.0	root | cellular organisms | Eukaryota | Opisthokonta | Metazoa | Eumetazoa | Bilateria
GO:0002127	Opisthokonta	33154.0	root | cellular organisms | Eukaryota | Opisthokonta
GO:0006014	cellular organisms	131567.0	root | cellular organisms
GO:0048565	Bilateria	33213.0	root | cellular organisms | Eukaryota | Opisthokonta | Metazoa | Eumetazoa | Bilateria
GO:0034399	Eukaryota	2759.0	root | cellular organisms | Eukaryota
GO:0062152	Opisthokonta	33154.0	root | cellular organisms | Eukaryota | Opisthokonta
GO:0044843	Eukaryota	2759.0	root | cellular organisms | Eukaryota
GO:0070197	Eukaryota	2759.0	root | cellular organisms | Eukaryota
GO:0009686	Eukaryota	2759.0	root | cellular organisms | Eukaryota
GO:1903425	cellular organisms	131567.0	root | cellular organisms
GO:0009395	cellular organisms	131567.0	root | cellular organisms
GO:0001953	Gnathostomata	7776.0	root | cellular organisms | Eukaryota | Opisthokonta | Metazoa | Eumetazoa | Bilateria | Deuterostomia | Chordata | Craniata | Vertebrata | Gnathostomata
GO:0009789	Eukaryota	2759.0	root | cellular organisms | Eukaryota
GO:0004517	cellular organisms	131567.0	root | cellular organisms
GO:0004316	cellular organisms	131567.0	root | cellular organisms
GO:0045694	Arabidopsis thaliana	3702.0	root | cellular organisms | Eukaryota | Viridiplantae | Streptophyta | Streptophytina | Embryophyta | Tracheophyta | Euphyllophyta | Spermatophyta | Magnoliopsida | Mesangiospermae | eudicotyledons | Gunneridae | Pentapetalae | rosids | malvids | Brassicales | Brassicaceae | Camelineae | Arabidopsis | Arabidopsis thaliana
GO:0036211	cellular organisms	131567.0	root | cellular organisms
GO:0042809	Vertebrata	7742.0	root | cellular organisms | Eukaryota | Opisthokonta | Metazoa | Eumetazoa | Bilateria | Deuterostomia | Chordata | Craniata | Vertebrata
GO:1990822	cellular organisms	131567.0	root | cellular organisms
GO:0048577	Magnoliopsida	3398.0	root | cellular organisms | Eukaryota | Viridiplantae | Streptophyta | Streptophytina | Embryophyta | Tracheophyta | Euphyllophyta | Spermatophyta | Magnoliopsida
GO:0032465	Eukaryota	2759.0	root | cellular organisms | Eukaryota
GO:0044830	Eukaryota	2759.0	root | cellular organisms | Eukaryota
GO:0090626	malvids	91836.0	root | cellular organisms | Eukaryota | Viridiplantae | Streptophyta | Streptophytina | Embryophyta | Tracheophyta | Euphyllophyta | Spermatophyta | Magnoliopsida | Mesangiospermae | eudicotyledons | Gunneridae | Pentapetalae | rosids | malvids
GO:0006473	Eukaryota	2759.0	root | cellular organisms | Eukaryota
GO:1900070	Arabidopsis thaliana	3702.0	root | cellular organisms | Eukaryota | Viridiplantae | Streptophyta | Streptophytina | Embryophyta | Tracheophyta | Euphyllophyta | Spermatophyta | Magnoliopsida | Mesangiospermae | eudicotyledons | Gunneridae | Pentapetalae | rosids | malvids | Brassicales | Brassicaceae | Camelineae | Arabidopsis | Arabidopsis thaliana
GO:0051513	Eukaryota	2759.0	root | cellular organisms | Eukaryota
GO:0031062	Unknown		
GO:0010008	Eukaryota	2759.0	root | cellular organisms | Eukaryota
GO:0031160	cellular organisms	131567.0	root | cellular organisms
GO:0008015	Chordata	7711.0	root | cellular organisms | Eukaryota | Opisthokonta | Metazoa | Eumetazoa | Bilateria | Deuterostomia | Chordata
GO:0035974	Fungi	4751.0	root | cellular organisms | Eukaryota | Opisthokonta | Fungi
GO:0000917	cellular organisms	131567.0	root | cellular organisms
GO:0030280	cellular organisms	131567.0	root | cellular organisms
GO:0032920	Unknown		
GO:0044233	Eukaryota	2759.0	root | cellular organisms | Eukaryota
GO:0032025	cellular organisms	131567.0	root | cellular organisms
GO:0035149	Drosophila	7215.0	root | cellular organisms | Eukaryota | Opisthokonta | Metazoa | Eumetazoa | Bilateria | Protostomia | Ecdysozoa | Panarthropoda | Arthropoda | Mandibulata | Pancrustacea | Altocrustacea | Allotriocarida | Hexapoda | Insecta | Dicondylia | Pterygota | Neoptera | Eumetabola | Endopterygota | Aparaglossata | Panorpida | Diptera | Brachycera | Muscomorpha | Eremoneura | Cyclorrhapha | Schizophora | Acalyptratae | Ephydroidea | Drosophilidae | Drosophilinae | Drosophilini | Drosophila
GO:0019438	Unknown		
GO:0004395	Unknown		
GO:0019676	cellular organisms	131567.0	root | cellular organisms
GO:1902001	Eukaryota	2759.0	root | cellular organisms | Eukaryota
GO:0042132	root	1.0	root
GO:0032491	Eukaryota	2759.0	root | cellular organisms | Eukaryota
GO:0070578	cellular organisms	131567.0	root | cellular organisms
GO:0033017	Eumetazoa	6072.0	root | cellular organisms | Eukaryota | Opisthokonta | Metazoa | Eumetazoa
GO:0010476	Magnoliopsida	3398.0	root | cellular organisms | Eukaryota | Viridiplantae | Streptophyta | Streptophytina | Embryophyta | Tracheophyta | Euphyllophyta | Spermatophyta | Magnoliopsida
GO:0009648	Eukaryota	2759.0	root | cellular organisms | Eukaryota
GO:0098982	Eumetazoa	6072.0	root | cellular organisms | Eukaryota | Opisthokonta | Metazoa | Eumetazoa
GO:0001181	Eukaryota	2759.0	root | cellular organisms | Eukaryota
GO:0000709	Eukaryota	2759.0	root | cellular organisms | Eukaryota
GO:0032791	cellular organisms	131567.0	root | cellular organisms
GO:0090355	Arabidopsis thaliana	3702.0	root | cellular organisms | Eukaryota | Viridiplantae | Streptophyta | Streptophytina | Embryophyta | Tracheophyta | Euphyllophyta | Spermatophyta | Magnoliopsida | Mesangiospermae | eudicotyledons | Gunneridae | Pentapetalae | rosids | malvids | Brassicales | Brassicaceae | Camelineae | Arabidopsis | Arabidopsis thaliana
GO:0045492	cellular organisms	131567.0	root | cellular organisms
GO:0006109	root	1.0	root
GO:1901811	Pentapetalae	1437201.0	root | cellular organisms | Eukaryota | Viridiplantae | Streptophyta | Streptophytina | Embryophyta | Tracheophyta | Euphyllophyta | Spermatophyta | Magnoliopsida | Mesangiospermae | eudicotyledons | Gunneridae | Pentapetalae
GO:0009330	root	1.0	root
GO:0010351	Eukaryota	2759.0	root | cellular organisms | Eukaryota
GO:0046651	Opisthokonta	33154.0	root | cellular organisms | Eukaryota | Opisthokonta
GO:0036121	root	1.0	root
GO:0018022	Murinae	39107.0	root | cellular organisms | Eukaryota | Opisthokonta | Metazoa | Eumetazoa | Bilateria | Deuterostomia | Chordata | Craniata | Vertebrata | Gnathostomata | Teleostomi | Euteleostomi | Sarcopterygii | Dipnotetrapodomorpha | Tetrapoda | Amniota | Mammalia | Theria | Eutheria | Boreoeutheria | Euarchontoglires | Glires | Rodentia | Myomorpha | Muroidea | Muridae | Murinae
GO:0051897	cellular organisms	131567.0	root | cellular organisms
GO:0050046	cellular organisms	131567.0	root | cellular organisms
GO:0031416	Eukaryota	2759.0	root | cellular organisms | Eukaryota
GO:0009533	Streptophytina	131221.0	root | cellular organisms | Eukaryota | Viridiplantae | Streptophyta | Streptophytina
GO:0040036	Bilateria	33213.0	root | cellular organisms | Eukaryota | Opisthokonta | Metazoa | Eumetazoa | Bilateria
GO:1904930	Amniota	32524.0	root | cellular organisms | Eukaryota | Opisthokonta | Metazoa | Eumetazoa | Bilateria | Deuterostomia | Chordata | Craniata | Vertebrata | Gnathostomata | Teleostomi | Euteleostomi | Sarcopterygii | Dipnotetrapodomorpha | Tetrapoda | Amniota
GO:1990234	cellular organisms	131567.0	root | cellular organisms
GO:0010311	Streptophytina	131221.0	root | cellular organisms | Eukaryota | Viridiplantae | Streptophyta | Streptophytina
GO:0048655	Brassicaceae	3700.0	root | cellular organisms | Eukaryota | Viridiplantae | Streptophyta | Streptophytina | Embryophyta | Tracheophyta | Euphyllophyta | Spermatophyta | Magnoliopsida | Mesangiospermae | eudicotyledons | Gunneridae | Pentapetalae | rosids | malvids | Brassicales | Brassicaceae
GO:0016879	root	1.0	root
GO:0010310	Eukaryota	2759.0	root | cellular organisms | Eukaryota
GO:0000183	cellular organisms	131567.0	root | cellular organisms
GO:0008320	root	1.0	root
GO:0046330	Eukaryota	2759.0	root | cellular organisms | Eukaryota
GO:0031404	cellular organisms	131567.0	root | cellular organisms
GO:0036469	cellular organisms	131567.0	root | cellular organisms
GO:1904659	cellular organisms	131567.0	root | cellular organisms
GO:0050765	cellular organisms	131567.0	root | cellular organisms
GO:0043993	Eukaryota	2759.0	root | cellular organisms | Eukaryota
GO:0004712	root	1.0	root
GO:0030154	cellular organisms	131567.0	root | cellular organisms
GO:0008608	Eukaryota	2759.0	root | cellular organisms | Eukaryota
GO:0106158	Eukaryota	2759.0	root | cellular organisms | Eukaryota
GO:0010249	Arabidopsis thaliana	3702.0	root | cellular organisms | Eukaryota | Viridiplantae | Streptophyta | Streptophytina | Embryophyta | Tracheophyta | Euphyllophyta | Spermatophyta | Magnoliopsida | Mesangiospermae | eudicotyledons | Gunneridae | Pentapetalae | rosids | malvids | Brassicales | Brassicaceae | Camelineae | Arabidopsis | Arabidopsis thaliana
GO:0071005	Eukaryota	2759.0	root | cellular organisms | Eukaryota
GO:0060048	Bilateria	33213.0	root | cellular organisms | Eukaryota | Opisthokonta | Metazoa | Eumetazoa | Bilateria
GO:0000255	cellular organisms	131567.0	root | cellular organisms
GO:0001758	cellular organisms	131567.0	root | cellular organisms
GO:0080002	Brassicaceae	3700.0	root | cellular organisms | Eukaryota | Viridiplantae | Streptophyta | Streptophytina | Embryophyta | Tracheophyta | Euphyllophyta | Spermatophyta | Magnoliopsida | Mesangiospermae | eudicotyledons | Gunneridae | Pentapetalae | rosids | malvids | Brassicales | Brassicaceae
GO:0035597	cellular organisms	131567.0	root | cellular organisms
GO:0070476	cellular organisms	131567.0	root | cellular organisms
GO:0000339	Eukaryota	2759.0	root | cellular organisms | Eukaryota
GO:0043401	cellular organisms	131567.0	root | cellular organisms
GO:0044291	cellular organisms	131567.0	root | cellular organisms
GO:0033176	cellular organisms	131567.0	root | cellular organisms
GO:0061634	cellular organisms	131567.0	root | cellular organisms
GO:0046487	cellular organisms	131567.0	root | cellular organisms
GO:0042218	Unknown		
GO:0004455	cellular organisms	131567.0	root | cellular organisms
GO:0007017	root	1.0	root
GO:1904219	Unknown		
GO:0061578	root	1.0	root
GO:0002086	Amniota	32524.0	root | cellular organisms | Eukaryota | Opisthokonta | Metazoa | Eumetazoa | Bilateria | Deuterostomia | Chordata | Craniata | Vertebrata | Gnathostomata | Teleostomi | Euteleostomi | Sarcopterygii | Dipnotetrapodomorpha | Tetrapoda | Amniota
GO:0006548	cellular organisms	131567.0	root | cellular organisms
GO:0004452	cellular organisms	131567.0	root | cellular organisms
GO:0048834	rosids	71275.0	root | cellular organisms | Eukaryota | Viridiplantae | Streptophyta | Streptophytina | Embryophyta | Tracheophyta | Euphyllophyta | Spermatophyta | Magnoliopsida | Mesangiospermae | eudicotyledons | Gunneridae | Pentapetalae | rosids
GO:0055122	Arabidopsis thaliana	3702.0	root | cellular organisms | Eukaryota | Viridiplantae | Streptophyta | Streptophytina | Embryophyta | Tracheophyta | Euphyllophyta | Spermatophyta | Magnoliopsida | Mesangiospermae | eudicotyledons | Gunneridae | Pentapetalae | rosids | malvids | Brassicales | Brassicaceae | Camelineae | Arabidopsis | Arabidopsis thaliana
GO:0006878	cellular organisms	131567.0	root | cellular organisms
GO:0003796	root	1.0	root
GO:0060102	Rhabditida	6236.0	root | cellular organisms | Eukaryota | Opisthokonta | Metazoa | Eumetazoa | Bilateria | Protostomia | Ecdysozoa | Nematoda | Chromadorea | Rhabditida
GO:0106050	Unknown		
GO:0034230	Amniota	32524.0	root | cellular organisms | Eukaryota | Opisthokonta | Metazoa | Eumetazoa | Bilateria | Deuterostomia | Chordata | Craniata | Vertebrata | Gnathostomata | Teleostomi | Euteleostomi | Sarcopterygii | Dipnotetrapodomorpha | Tetrapoda | Amniota
GO:0035671	Embryophyta	3193.0	root | cellular organisms | Eukaryota | Viridiplantae | Streptophyta | Streptophytina | Embryophyta
GO:0000338	cellular organisms	131567.0	root | cellular organisms
GO:1901348	Mesangiospermae	1437183.0	root | cellular organisms | Eukaryota | Viridiplantae | Streptophyta | Streptophytina | Embryophyta | Tracheophyta | Euphyllophyta | Spermatophyta | Magnoliopsida | Mesangiospermae
GO:0016570	Unknown		
GO:0051484	Unknown		
GO:0022624	cellular organisms	131567.0	root | cellular organisms
GO:0000824	Eukaryota	2759.0	root | cellular organisms | Eukaryota
GO:0005854	cellular organisms	131567.0	root | cellular organisms
GO:0090358	Unknown		
GO:0006885	cellular organisms	131567.0	root | cellular organisms
GO:0017196	Eukaryota	2759.0	root | cellular organisms | Eukaryota
GO:0031570	Eukaryota	2759.0	root | cellular organisms | Eukaryota
GO:0106156	Opisthokonta	33154.0	root | cellular organisms | Eukaryota | Opisthokonta
GO:0071614	Eukaryota	2759.0	root | cellular organisms | Eukaryota
GO:0099022	Opisthokonta	33154.0	root | cellular organisms | Eukaryota | Opisthokonta
GO:0007533	Fungi	4751.0	root | cellular organisms | Eukaryota | Opisthokonta | Fungi
GO:0004439	cellular organisms	131567.0	root | cellular organisms
GO:0015232	cellular organisms	131567.0	root | cellular organisms
GO:0033260	Eukaryota	2759.0	root | cellular organisms | Eukaryota
GO:1902171	Arabidopsis thaliana	3702.0	root | cellular organisms | Eukaryota | Viridiplantae | Streptophyta | Streptophytina | Embryophyta | Tracheophyta | Euphyllophyta | Spermatophyta | Magnoliopsida | Mesangiospermae | eudicotyledons | Gunneridae | Pentapetalae | rosids | malvids | Brassicales | Brassicaceae | Camelineae | Arabidopsis | Arabidopsis thaliana
GO:0036295	Opisthokonta	33154.0	root | cellular organisms | Eukaryota | Opisthokonta
GO:0046713	Eukaryota	2759.0	root | cellular organisms | Eukaryota
GO:0003856	cellular organisms	131567.0	root | cellular organisms
GO:0034289	Escherichia coli K-12	83333.0	root | cellular organisms | Bacteria | Pseudomonadati | Pseudomonadota | Gammaproteobacteria | Enterobacterales | Enterobacteriaceae | Escherichia | Escherichia coli | Escherichia coli K-12
GO:0043539	cellular organisms	131567.0	root | cellular organisms
GO:0004031	cellular organisms	131567.0	root | cellular organisms
GO:0004485	cellular organisms	131567.0	root | cellular organisms
GO:0007267	cellular organisms	131567.0	root | cellular organisms
GO:0008568	cellular organisms	131567.0	root | cellular organisms
GO:0072387	Magnoliopsida	3398.0	root | cellular organisms | Eukaryota | Viridiplantae | Streptophyta | Streptophytina | Embryophyta | Tracheophyta | Euphyllophyta | Spermatophyta | Magnoliopsida
GO:0060078	Eumetazoa	6072.0	root | cellular organisms | Eukaryota | Opisthokonta | Metazoa | Eumetazoa
GO:0000900	cellular organisms	131567.0	root | cellular organisms
GO:0009873	root	1.0	root
GO:0032020	Vertebrata	7742.0	root | cellular organisms | Eukaryota | Opisthokonta | Metazoa | Eumetazoa | Bilateria | Deuterostomia | Chordata | Craniata | Vertebrata
GO:0043505	Opisthokonta	33154.0	root | cellular organisms | Eukaryota | Opisthokonta
GO:0050994	Eukaryota	2759.0	root | cellular organisms | Eukaryota
GO:0046628	Bilateria	33213.0	root | cellular organisms | Eukaryota | Opisthokonta | Metazoa | Eumetazoa | Bilateria
GO:2000294	Bilateria	33213.0	root | cellular organisms | Eukaryota | Opisthokonta | Metazoa | Eumetazoa | Bilateria
GO:1990135	Brassicaceae	3700.0	root | cellular organisms | Eukaryota | Viridiplantae | Streptophyta | Streptophytina | Embryophyta | Tracheophyta | Euphyllophyta | Spermatophyta | Magnoliopsida | Mesangiospermae | eudicotyledons | Gunneridae | Pentapetalae | rosids | malvids | Brassicales | Brassicaceae
GO:0050995	Bilateria	33213.0	root | cellular organisms | Eukaryota | Opisthokonta | Metazoa | Eumetazoa | Bilateria
GO:0016166	cellular organisms	131567.0	root | cellular organisms
GO:1905691	Eukaryota	2759.0	root | cellular organisms | Eukaryota
GO:0051085	Unknown		
GO:0044267	Unknown		
GO:0071162	Eukaryota	2759.0	root | cellular organisms | Eukaryota
GO:0048765	malvids	91836.0	root | cellular organisms | Eukaryota | Viridiplantae | Streptophyta | Streptophytina | Embryophyta | Tracheophyta | Euphyllophyta | Spermatophyta | Magnoliopsida | Mesangiospermae | eudicotyledons | Gunneridae | Pentapetalae | rosids | malvids
GO:2000779	cellular organisms	131567.0	root | cellular organisms
GO:0044614	Eukaryota	2759.0	root | cellular organisms | Eukaryota
GO:0097178	Eukaryota	2759.0	root | cellular organisms | Eukaryota
GO:0012507	Eukaryota	2759.0	root | cellular organisms | Eukaryota
GO:0019233	Bilateria	33213.0	root | cellular organisms | Eukaryota | Opisthokonta | Metazoa | Eumetazoa | Bilateria
GO:0047218	Pentapetalae	1437201.0	root | cellular organisms | Eukaryota | Viridiplantae | Streptophyta | Streptophytina | Embryophyta | Tracheophyta | Euphyllophyta | Spermatophyta | Magnoliopsida | Mesangiospermae | eudicotyledons | Gunneridae | Pentapetalae
GO:0005351	cellular organisms	131567.0	root | cellular organisms
GO:0019866	cellular organisms	131567.0	root | cellular organisms
GO:0010208	Magnoliopsida	3398.0	root | cellular organisms | Eukaryota | Viridiplantae | Streptophyta | Streptophytina | Embryophyta | Tracheophyta | Euphyllophyta | Spermatophyta | Magnoliopsida
GO:0090377	Gossypium	3633.0	root | cellular organisms | Eukaryota | Viridiplantae | Streptophyta | Streptophytina | Embryophyta | Tracheophyta | Euphyllophyta | Spermatophyta | Magnoliopsida | Mesangiospermae | eudicotyledons | Gunneridae | Pentapetalae | rosids | malvids | Malvales | Malvaceae | Malvoideae | Gossypium
GO:0048026	Eukaryota	2759.0	root | cellular organisms | Eukaryota
GO:0006654	cellular organisms	131567.0	root | cellular organisms
GO:0045551	cellular organisms	131567.0	root | cellular organisms
GO:0000493	Eukaryota	2759.0	root | cellular organisms | Eukaryota
GO:0070822	Eukaryota	2759.0	root | cellular organisms | Eukaryota
GO:0019068	Unknown		3470597
GO:0033897	root	1.0	root
GO:0016630	cellular organisms	131567.0	root | cellular organisms
GO:0034394	cellular organisms	131567.0	root | cellular organisms
GO:0016296	Unknown		
GO:0045162	Eumetazoa	6072.0	root | cellular organisms | Eukaryota | Opisthokonta | Metazoa | Eumetazoa
GO:0010089	Spermatophyta	58024.0	root | cellular organisms | Eukaryota | Viridiplantae | Streptophyta | Streptophytina | Embryophyta | Tracheophyta | Euphyllophyta | Spermatophyta
GO:0047780	Unknown		
GO:0035445	Eukaryota	2759.0	root | cellular organisms | Eukaryota
GO:1990423	Eukaryota	2759.0	root | cellular organisms | Eukaryota
GO:0005868	cellular organisms	131567.0	root | cellular organisms
GO:0019178	cellular organisms	131567.0	root | cellular organisms
GO:0102216	Unknown		
GO:0102985	cellular organisms	131567.0	root | cellular organisms
GO:0043175	root	1.0	root
GO:1901701	cellular organisms	131567.0	root | cellular organisms
GO:0007120	Fungi	4751.0	root | cellular organisms | Eukaryota | Opisthokonta | Fungi
GO:1905574	Amniota	32524.0	root | cellular organisms | Eukaryota | Opisthokonta | Metazoa | Eumetazoa | Bilateria | Deuterostomia | Chordata | Craniata | Vertebrata | Gnathostomata | Teleostomi | Euteleostomi | Sarcopterygii | Dipnotetrapodomorpha | Tetrapoda | Amniota
GO:0140338	Eukaryota	2759.0	root | cellular organisms | Eukaryota
GO:0051205	cellular organisms	131567.0	root | cellular organisms
GO:0050815	Eukaryota	2759.0	root | cellular organisms | Eukaryota
GO:0036151	Eukaryota	2759.0	root | cellular organisms | Eukaryota
GO:0010529	Unknown		
GO:0030626	Eukaryota	2759.0	root | cellular organisms | Eukaryota
GO:0010994	Opisthokonta	33154.0	root | cellular organisms | Eukaryota | Opisthokonta
GO:0031982	cellular organisms	131567.0	root | cellular organisms
GO:2000605	Arabidopsis thaliana	3702.0	root | cellular organisms | Eukaryota | Viridiplantae | Streptophyta | Streptophytina | Embryophyta | Tracheophyta | Euphyllophyta | Spermatophyta | Magnoliopsida | Mesangiospermae | eudicotyledons | Gunneridae | Pentapetalae | rosids | malvids | Brassicales | Brassicaceae | Camelineae | Arabidopsis | Arabidopsis thaliana
GO:0045475	Bilateria	33213.0	root | cellular organisms | Eukaryota | Opisthokonta | Metazoa | Eumetazoa | Bilateria
GO:0060141	Viruses	10239.0	root | Viruses
GO:0015229	cellular organisms	131567.0	root | cellular organisms
GO:0010599	Arabidopsis thaliana	3702.0	root | cellular organisms | Eukaryota | Viridiplantae | Streptophyta | Streptophytina | Embryophyta | Tracheophyta | Euphyllophyta | Spermatophyta | Magnoliopsida | Mesangiospermae | eudicotyledons | Gunneridae | Pentapetalae | rosids | malvids | Brassicales | Brassicaceae | Camelineae | Arabidopsis | Arabidopsis thaliana
GO:0043546	root	1.0	root
GO:0031201	cellular organisms	131567.0	root | cellular organisms
GO:0016813	root	1.0	root
GO:0044012	Unknown		
GO:1901535	Unknown		
GO:0034090	Eukaryota	2759.0	root | cellular organisms | Eukaryota
GO:0008061	root	1.0	root
GO:0016992	cellular organisms	131567.0	root | cellular organisms
GO:0034476	cellular organisms	131567.0	root | cellular organisms
GO:0015334	cellular organisms	131567.0	root | cellular organisms
GO:0034335	cellular organisms	131567.0	root | cellular organisms
GO:0106118	Arabidopsis thaliana	3702.0	root | cellular organisms | Eukaryota | Viridiplantae | Streptophyta | Streptophytina | Embryophyta | Tracheophyta | Euphyllophyta | Spermatophyta | Magnoliopsida | Mesangiospermae | eudicotyledons | Gunneridae | Pentapetalae | rosids | malvids | Brassicales | Brassicaceae | Camelineae | Arabidopsis | Arabidopsis thaliana
GO:2000640	Eukaryota	2759.0	root | cellular organisms | Eukaryota
GO:0034341	Bilateria	33213.0	root | cellular organisms | Eukaryota | Opisthokonta | Metazoa | Eumetazoa | Bilateria
GO:0015797	cellular organisms	131567.0	root | cellular organisms
GO:0098992	Euteleostomi	117571.0	root | cellular organisms | Eukaryota | Opisthokonta | Metazoa | Eumetazoa | Bilateria | Deuterostomia | Chordata | Craniata | Vertebrata | Gnathostomata | Teleostomi | Euteleostomi
GO:0006570	Unknown		
GO:0005522	cellular organisms	131567.0	root | cellular organisms
GO:0000290	root	1.0	root
GO:0032232	Opisthokonta	33154.0	root | cellular organisms | Eukaryota | Opisthokonta
GO:0008883	cellular organisms	131567.0	root | cellular organisms
GO:0016628	root	1.0	root
GO:0044022	Eukaryota	2759.0	root | cellular organisms | Eukaryota
GO:0140468	Eukaryota	2759.0	root | cellular organisms | Eukaryota
GO:0055106	Opisthokonta	33154.0	root | cellular organisms | Eukaryota | Opisthokonta
GO:0010296	Viridiplantae	33090.0	root | cellular organisms | Eukaryota | Viridiplantae
GO:0005736	Eukaryota	2759.0	root | cellular organisms | Eukaryota
GO:1901255	cellular organisms	131567.0	root | cellular organisms
GO:0018008	Eukaryota	2759.0	root | cellular organisms | Eukaryota
GO:0016710	Eukaryota	2759.0	root | cellular organisms | Eukaryota
GO:0045992	cellular organisms	131567.0	root | cellular organisms
GO:0062046	Magnoliopsida	3398.0	root | cellular organisms | Eukaryota | Viridiplantae | Streptophyta | Streptophytina | Embryophyta | Tracheophyta | Euphyllophyta | Spermatophyta | Magnoliopsida
GO:0016320	Eukaryota	2759.0	root | cellular organisms | Eukaryota
GO:0008253	root	1.0	root
GO:0043067	cellular organisms	131567.0	root | cellular organisms
GO:0007431	Bilateria	33213.0	root | cellular organisms | Eukaryota | Opisthokonta | Metazoa | Eumetazoa | Bilateria
GO:0042821	Eukaryota	2759.0	root | cellular organisms | Eukaryota
GO:0009958	Streptophyta	35493.0	root | cellular organisms | Eukaryota | Viridiplantae | Streptophyta
GO:0019427	Unknown		
GO:0006112	cellular organisms	131567.0	root | cellular organisms
GO:1900016	Gnathostomata	7776.0	root | cellular organisms | Eukaryota | Opisthokonta | Metazoa | Eumetazoa | Bilateria | Deuterostomia | Chordata | Craniata | Vertebrata | Gnathostomata
GO:0009854	Mesangiospermae	1437183.0	root | cellular organisms | Eukaryota | Viridiplantae | Streptophyta | Streptophytina | Embryophyta | Tracheophyta | Euphyllophyta | Spermatophyta | Magnoliopsida | Mesangiospermae
GO:0007638	cellular organisms	131567.0	root | cellular organisms
GO:0031361	Unknown		
GO:0006386	Eukaryota	2759.0	root | cellular organisms | Eukaryota
GO:0032839	Eumetazoa	6072.0	root | cellular organisms | Eukaryota | Opisthokonta | Metazoa | Eumetazoa
GO:0000389	Eukaryota	2759.0	root | cellular organisms | Eukaryota
GO:0032928	Eukaryota	2759.0	root | cellular organisms | Eukaryota
GO:0102340	Unknown		
GO:0046364	Pentapetalae	1437201.0	root | cellular organisms | Eukaryota | Viridiplantae | Streptophyta | Streptophytina | Embryophyta | Tracheophyta | Euphyllophyta | Spermatophyta | Magnoliopsida | Mesangiospermae | eudicotyledons | Gunneridae | Pentapetalae
GO:0052907	cellular organisms	131567.0	root | cellular organisms
GO:2000773	Bilateria	33213.0	root | cellular organisms | Eukaryota | Opisthokonta | Metazoa | Eumetazoa | Bilateria
GO:0034477	Eukaryota	2759.0	root | cellular organisms | Eukaryota
GO:0010294	Mesangiospermae	1437183.0	root | cellular organisms | Eukaryota | Viridiplantae | Streptophyta | Streptophytina | Embryophyta | Tracheophyta | Euphyllophyta | Spermatophyta | Magnoliopsida | Mesangiospermae
GO:0000150	root	1.0	root
GO:0042178	cellular organisms	131567.0	root | cellular organisms
GO:0006000	root	1.0	root
GO:0004802	root	1.0	root
GO:0039617	Viruses	10239.0	root | Viruses
GO:0008473	cellular organisms	131567.0	root | cellular organisms
GO:0006195	Eukaryota	2759.0	root | cellular organisms | Eukaryota
GO:0043153	cellular organisms	131567.0	root | cellular organisms
GO:0050839	cellular organisms	131567.0	root | cellular organisms
GO:0180033	Opisthokonta	33154.0	root | cellular organisms | Eukaryota | Opisthokonta
GO:0008892	cellular organisms	131567.0	root | cellular organisms
GO:0015783	Eukaryota	2759.0	root | cellular organisms | Eukaryota
GO:0000791	Eukaryota	2759.0	root | cellular organisms | Eukaryota
GO:0008017	root	1.0	root
GO:1990918	Eukaryota	2759.0	root | cellular organisms | Eukaryota
GO:0140547	Pentapetalae	1437201.0	root | cellular organisms | Eukaryota | Viridiplantae | Streptophyta | Streptophytina | Embryophyta | Tracheophyta | Euphyllophyta | Spermatophyta | Magnoliopsida | Mesangiospermae | eudicotyledons | Gunneridae | Pentapetalae
GO:0098734	cellular organisms	131567.0	root | cellular organisms
GO:0033211	Eukaryota	2759.0	root | cellular organisms | Eukaryota
GO:0001560	Eukaryota	2759.0	root | cellular organisms | Eukaryota
GO:0070330	cellular organisms	131567.0	root | cellular organisms
GO:0009903	Embryophyta	3193.0	root | cellular organisms | Eukaryota | Viridiplantae | Streptophyta | Streptophytina | Embryophyta
GO:0030718	Bilateria	33213.0	root | cellular organisms | Eukaryota | Opisthokonta | Metazoa | Eumetazoa | Bilateria
GO:1990931	Eukaryota	2759.0	root | cellular organisms | Eukaryota
GO:2001294	cellular organisms	131567.0	root | cellular organisms
GO:0097753	Eukaryota	2759.0	root | cellular organisms | Eukaryota
GO:0044615	Eukaryota	2759.0	root | cellular organisms | Eukaryota
GO:1903338	cellular organisms	131567.0	root | cellular organisms
GO:1901972	Unknown		
GO:0004664	root	1.0	root
GO:0015711	Unknown		
GO:0015749	cellular organisms	131567.0	root | cellular organisms
GO:0006363	cellular organisms	131567.0	root | cellular organisms
GO:0030203	cellular organisms	131567.0	root | cellular organisms
GO:2000436	Opisthokonta	33154.0	root | cellular organisms | Eukaryota | Opisthokonta
GO:0008582	Eumetazoa	6072.0	root | cellular organisms | Eukaryota | Opisthokonta | Metazoa | Eumetazoa
GO:0016926	cellular organisms	131567.0	root | cellular organisms
GO:0033565	Eukaryota	2759.0	root | cellular organisms | Eukaryota
GO:0103101	Unknown		
GO:0007283	root	1.0	root
GO:0071624	Euteleostomi	117571.0	root | cellular organisms | Eukaryota | Opisthokonta | Metazoa | Eumetazoa | Bilateria | Deuterostomia | Chordata | Craniata | Vertebrata | Gnathostomata | Teleostomi | Euteleostomi
GO:0035979	Tetrapoda	32523.0	root | cellular organisms | Eukaryota | Opisthokonta | Metazoa | Eumetazoa | Bilateria | Deuterostomia | Chordata | Craniata | Vertebrata | Gnathostomata | Teleostomi | Euteleostomi | Sarcopterygii | Dipnotetrapodomorpha | Tetrapoda
GO:0045041	cellular organisms	131567.0	root | cellular organisms
GO:0016131	Spermatophyta	58024.0	root | cellular organisms | Eukaryota | Viridiplantae | Streptophyta | Streptophytina | Embryophyta | Tracheophyta | Euphyllophyta | Spermatophyta
GO:0071345	Eukaryota	2759.0	root | cellular organisms | Eukaryota
GO:0035794	Bilateria	33213.0	root | cellular organisms | Eukaryota | Opisthokonta | Metazoa | Eumetazoa | Bilateria
GO:0005881	Eukaryota	2759.0	root | cellular organisms | Eukaryota
GO:1903798	Eukaryota	2759.0	root | cellular organisms | Eukaryota
GO:0051598	Eukaryota	2759.0	root | cellular organisms | Eukaryota
GO:0008028	cellular organisms	131567.0	root | cellular organisms
GO:0043618	Unknown		
GO:0140588	cellular organisms	131567.0	root | cellular organisms
GO:0008837	cellular organisms	131567.0	root | cellular organisms
GO:0030868	Gnathostomata	7776.0	root | cellular organisms | Eukaryota | Opisthokonta | Metazoa | Eumetazoa | Bilateria | Deuterostomia | Chordata | Craniata | Vertebrata | Gnathostomata
GO:0034613	Unknown		
GO:0035516	cellular organisms	131567.0	root | cellular organisms
GO:0004321	cellular organisms	131567.0	root | cellular organisms
GO:0031567	Viridiplantae	33090.0	root | cellular organisms | Eukaryota | Viridiplantae
GO:0005504	cellular organisms	131567.0	root | cellular organisms
GO:0046739	Mesangiospermae	1437183.0	root | cellular organisms | Eukaryota | Viridiplantae | Streptophyta | Streptophytina | Embryophyta | Tracheophyta | Euphyllophyta | Spermatophyta | Magnoliopsida | Mesangiospermae
GO:0006425	cellular organisms	131567.0	root | cellular organisms
GO:0048194	cellular organisms	131567.0	root | cellular organisms
GO:0070401	cellular organisms	131567.0	root | cellular organisms
GO:0031014	Gnathostomata	7776.0	root | cellular organisms | Eukaryota | Opisthokonta | Metazoa | Eumetazoa | Bilateria | Deuterostomia | Chordata | Craniata | Vertebrata | Gnathostomata
GO:0009228	cellular organisms	131567.0	root | cellular organisms
GO:0007343	Bilateria	33213.0	root | cellular organisms | Eukaryota | Opisthokonta | Metazoa | Eumetazoa | Bilateria
GO:0000488	Spermatophyta	58024.0	root | cellular organisms | Eukaryota | Viridiplantae | Streptophyta | Streptophytina | Embryophyta | Tracheophyta | Euphyllophyta | Spermatophyta
GO:0034645	Unknown		
GO:0052723	Eukaryota	2759.0	root | cellular organisms | Eukaryota
GO:0034396	Unknown		
GO:0003777	root	1.0	root
GO:0051489	Eukaryota	2759.0	root | cellular organisms | Eukaryota
GO:0071007	Eukaryota	2759.0	root | cellular organisms | Eukaryota
GO:0140223	cellular organisms	131567.0	root | cellular organisms
GO:0031092	Amniota	32524.0	root | cellular organisms | Eukaryota | Opisthokonta | Metazoa | Eumetazoa | Bilateria | Deuterostomia | Chordata | Craniata | Vertebrata | Gnathostomata | Teleostomi | Euteleostomi | Sarcopterygii | Dipnotetrapodomorpha | Tetrapoda | Amniota
GO:0006547	Unknown		
GO:0106388	cellular organisms	131567.0	root | cellular organisms
GO:1990482	Streptophytina	131221.0	root | cellular organisms | Eukaryota | Viridiplantae | Streptophyta | Streptophytina
GO:1903265	root	1.0	root
GO:0004037	cellular organisms	131567.0	root | cellular organisms
GO:0016701	cellular organisms	131567.0	root | cellular organisms
GO:0032956	cellular organisms	131567.0	root | cellular organisms
GO:0018283	cellular organisms	131567.0	root | cellular organisms
GO:0008295	root	1.0	root
GO:0036435	cellular organisms	131567.0	root | cellular organisms
GO:0015812	cellular organisms	131567.0	root | cellular organisms
GO:0010262	Mesangiospermae	1437183.0	root | cellular organisms | Eukaryota | Viridiplantae | Streptophyta | Streptophytina | Embryophyta | Tracheophyta | Euphyllophyta | Spermatophyta | Magnoliopsida | Mesangiospermae
GO:0001891	Eukaryota	2759.0	root | cellular organisms | Eukaryota
GO:0030244	root	1.0	root
GO:0046482	Unknown		
GO:0010564	cellular organisms	131567.0	root | cellular organisms
GO:0030050	Opisthokonta	33154.0	root | cellular organisms | Eukaryota | Opisthokonta
GO:1990414	cellular organisms	131567.0	root | cellular organisms
GO:0000462	cellular organisms	131567.0	root | cellular organisms
GO:0043662	NPAAA clade	2231382.0	root | cellular organisms | Eukaryota | Viridiplantae | Streptophyta | Streptophytina | Embryophyta | Tracheophyta | Euphyllophyta | Spermatophyta | Magnoliopsida | Mesangiospermae | eudicotyledons | Gunneridae | Pentapetalae | rosids | fabids | Fabales | Fabaceae | Papilionoideae | 50 kb inversion clade | NPAAA clade
GO:0021766	Amniota	32524.0	root | cellular organisms | Eukaryota | Opisthokonta | Metazoa | Eumetazoa | Bilateria | Deuterostomia | Chordata | Craniata | Vertebrata | Gnathostomata | Teleostomi | Euteleostomi | Sarcopterygii | Dipnotetrapodomorpha | Tetrapoda | Amniota
GO:0000829	Eukaryota	2759.0	root | cellular organisms | Eukaryota
GO:0043249	Euteleostomi	117571.0	root | cellular organisms | Eukaryota | Opisthokonta | Metazoa | Eumetazoa | Bilateria | Deuterostomia | Chordata | Craniata | Vertebrata | Gnathostomata | Teleostomi | Euteleostomi
GO:0071164	cellular organisms	131567.0	root | cellular organisms
GO:0010941	Unknown		
GO:0070876	Eukaryota	2759.0	root | cellular organisms | Eukaryota
GO:1900033	Brassicaceae	3700.0	root | cellular organisms | Eukaryota | Viridiplantae | Streptophyta | Streptophytina | Embryophyta | Tracheophyta | Euphyllophyta | Spermatophyta | Magnoliopsida | Mesangiospermae | eudicotyledons | Gunneridae | Pentapetalae | rosids | malvids | Brassicales | Brassicaceae
GO:0050851	Gnathostomata	7776.0	root | cellular organisms | Eukaryota | Opisthokonta | Metazoa | Eumetazoa | Bilateria | Deuterostomia | Chordata | Craniata | Vertebrata | Gnathostomata
GO:0033329	Unknown		
GO:0046885	Eukaryota	2759.0	root | cellular organisms | Eukaryota
GO:0015860	cellular organisms	131567.0	root | cellular organisms
GO:0060148	Eukaryota	2759.0	root | cellular organisms | Eukaryota
GO:0004828	root	1.0	root
GO:0045995	Eukaryota	2759.0	root | cellular organisms | Eukaryota
GO:2001171	Eukaryota	2759.0	root | cellular organisms | Eukaryota
GO:0005576	Unknown		3470597
GO:0046558	cellular organisms	131567.0	root | cellular organisms
GO:0090548	cellular organisms	131567.0	root | cellular organisms
GO:0000126	cellular organisms	131567.0	root | cellular organisms
GO:0006470	cellular organisms	131567.0	root | cellular organisms
GO:0004729	cellular organisms	131567.0	root | cellular organisms
GO:0046034	cellular organisms	131567.0	root | cellular organisms
GO:0071254	Eukaryota	2759.0	root | cellular organisms | Eukaryota
GO:0032553	cellular organisms	131567.0	root | cellular organisms
GO:0102294	Mycobacterium tuberculosis	1773.0	root | cellular organisms | Bacteria | Bacillati | Actinomycetota | Actinomycetes | Mycobacteriales | Mycobacteriaceae | Mycobacterium | Mycobacterium tuberculosis complex | Mycobacterium tuberculosis
GO:0007007	Eukaryota	2759.0	root | cellular organisms | Eukaryota
GO:0033332	Embryophyta	3193.0	root | cellular organisms | Eukaryota | Viridiplantae | Streptophyta | Streptophytina | Embryophyta
GO:0007080	Eukaryota	2759.0	root | cellular organisms | Eukaryota
GO:0006418	cellular organisms	131567.0	root | cellular organisms
GO:0022857	root	1.0	root
GO:0034998	Unknown		
GO:0031204	cellular organisms	131567.0	root | cellular organisms
GO:0098705	cellular organisms	131567.0	root | cellular organisms
GO:0042326	cellular organisms	131567.0	root | cellular organisms
GO:0005031	root	1.0	root
GO:0009772	root	1.0	root
GO:0004585	cellular organisms	131567.0	root | cellular organisms
GO:0016847	cellular organisms	131567.0	root | cellular organisms
GO:0045765	Vertebrata	7742.0	root | cellular organisms | Eukaryota | Opisthokonta | Metazoa | Eumetazoa | Bilateria | Deuterostomia | Chordata | Craniata | Vertebrata
GO:0061163	Opisthokonta	33154.0	root | cellular organisms | Eukaryota | Opisthokonta
GO:0080149	Arabidopsis thaliana	3702.0	root | cellular organisms | Eukaryota | Viridiplantae | Streptophyta | Streptophytina | Embryophyta | Tracheophyta | Euphyllophyta | Spermatophyta | Magnoliopsida | Mesangiospermae | eudicotyledons | Gunneridae | Pentapetalae | rosids | malvids | Brassicales | Brassicaceae | Camelineae | Arabidopsis | Arabidopsis thaliana
GO:0019075	Eukaryota	2759.0	root | cellular organisms | Eukaryota
GO:0010876	Amniota	32524.0	root | cellular organisms | Eukaryota | Opisthokonta | Metazoa | Eumetazoa | Bilateria | Deuterostomia | Chordata | Craniata | Vertebrata | Gnathostomata | Teleostomi | Euteleostomi | Sarcopterygii | Dipnotetrapodomorpha | Tetrapoda | Amniota
GO:0046081	root	1.0	root
GO:0032330	Euteleostomi	117571.0	root | cellular organisms | Eukaryota | Opisthokonta | Metazoa | Eumetazoa | Bilateria | Deuterostomia | Chordata | Craniata | Vertebrata | Gnathostomata | Teleostomi | Euteleostomi
GO:0070084	Unknown		
GO:0032922	cellular organisms	131567.0	root | cellular organisms
GO:0044403	root	1.0	root
GO:2000346	Euarchontoglires	314146.0	root | cellular organisms | Eukaryota | Opisthokonta | Metazoa | Eumetazoa | Bilateria | Deuterostomia | Chordata | Craniata | Vertebrata | Gnathostomata | Teleostomi | Euteleostomi | Sarcopterygii | Dipnotetrapodomorpha | Tetrapoda | Amniota | Mammalia | Theria | Eutheria | Boreoeutheria | Euarchontoglires
GO:0046471	cellular organisms	131567.0	root | cellular organisms
GO:0016529	Eukaryota	2759.0	root | cellular organisms | Eukaryota
GO:0019064	Unknown		3470597
GO:0016149	cellular organisms	131567.0	root | cellular organisms
GO:0035987	Eukaryota	2759.0	root | cellular organisms | Eukaryota
GO:0098963	Amniota	32524.0	root | cellular organisms | Eukaryota | Opisthokonta | Metazoa | Eumetazoa | Bilateria | Deuterostomia | Chordata | Craniata | Vertebrata | Gnathostomata | Teleostomi | Euteleostomi | Sarcopterygii | Dipnotetrapodomorpha | Tetrapoda | Amniota
GO:0097533	cellular organisms	131567.0	root | cellular organisms
GO:0004064	cellular organisms	131567.0	root | cellular organisms
GO:1901332	Mesangiospermae	1437183.0	root | cellular organisms | Eukaryota | Viridiplantae | Streptophyta | Streptophytina | Embryophyta | Tracheophyta | Euphyllophyta | Spermatophyta | Magnoliopsida | Mesangiospermae
GO:0036064	Eukaryota	2759.0	root | cellular organisms | Eukaryota
GO:0016331	Bilateria	33213.0	root | cellular organisms | Eukaryota | Opisthokonta | Metazoa | Eumetazoa | Bilateria
GO:0000802	Eukaryota	2759.0	root | cellular organisms | Eukaryota
GO:0004368	cellular organisms	131567.0	root | cellular organisms
GO:0010467	root	1.0	root
GO:0009559	Arabidopsis thaliana	3702.0	root | cellular organisms | Eukaryota | Viridiplantae | Streptophyta | Streptophytina | Embryophyta | Tracheophyta | Euphyllophyta | Spermatophyta | Magnoliopsida | Mesangiospermae | eudicotyledons | Gunneridae | Pentapetalae | rosids | malvids | Brassicales | Brassicaceae | Camelineae | Arabidopsis | Arabidopsis thaliana
GO:0035242	cellular organisms	131567.0	root | cellular organisms
GO:0031401	Euarchontoglires	314146.0	root | cellular organisms | Eukaryota | Opisthokonta | Metazoa | Eumetazoa | Bilateria | Deuterostomia | Chordata | Craniata | Vertebrata | Gnathostomata | Teleostomi | Euteleostomi | Sarcopterygii | Dipnotetrapodomorpha | Tetrapoda | Amniota | Mammalia | Theria | Eutheria | Boreoeutheria | Euarchontoglires
GO:0036066	root	1.0	root
GO:0030292	Bilateria	33213.0	root | cellular organisms | Eukaryota | Opisthokonta | Metazoa | Eumetazoa | Bilateria
GO:0048508	Magnoliopsida	3398.0	root | cellular organisms | Eukaryota | Viridiplantae | Streptophyta | Streptophytina | Embryophyta | Tracheophyta | Euphyllophyta | Spermatophyta | Magnoliopsida
GO:0046806	Viruses	10239.0	root | Viruses
GO:0036374	root	1.0	root
GO:0080099	Eukaryota	2759.0	root | cellular organisms | Eukaryota
GO:0042551	Bilateria	33213.0	root | cellular organisms | Eukaryota | Opisthokonta | Metazoa | Eumetazoa | Bilateria
GO:0032448	cellular organisms	131567.0	root | cellular organisms
GO:0017040	cellular organisms	131567.0	root | cellular organisms
GO:0046167	cellular organisms	131567.0	root | cellular organisms
GO:0103102	Unknown		
GO:2001136	Eukaryota	2759.0	root | cellular organisms | Eukaryota
GO:0043159	Amniota	32524.0	root | cellular organisms | Eukaryota | Opisthokonta | Metazoa | Eumetazoa | Bilateria | Deuterostomia | Chordata | Craniata | Vertebrata | Gnathostomata | Teleostomi | Euteleostomi | Sarcopterygii | Dipnotetrapodomorpha | Tetrapoda | Amniota
GO:0007018	root	1.0	root
GO:0071818	Eukaryota	2759.0	root | cellular organisms | Eukaryota
GO:0050730	Amniota	32524.0	root | cellular organisms | Eukaryota | Opisthokonta | Metazoa | Eumetazoa | Bilateria | Deuterostomia | Chordata | Craniata | Vertebrata | Gnathostomata | Teleostomi | Euteleostomi | Sarcopterygii | Dipnotetrapodomorpha | Tetrapoda | Amniota
GO:0050048	Unknown		
GO:0044782	Eukaryota	2759.0	root | cellular organisms | Eukaryota
GO:0015840	Eukaryota	2759.0	root | cellular organisms | Eukaryota
GO:0080030	cellular organisms	131567.0	root | cellular organisms
GO:1904250	Brassicaceae	3700.0	root | cellular organisms | Eukaryota | Viridiplantae | Streptophyta | Streptophytina | Embryophyta | Tracheophyta | Euphyllophyta | Spermatophyta | Magnoliopsida | Mesangiospermae | eudicotyledons | Gunneridae | Pentapetalae | rosids | malvids | Brassicales | Brassicaceae
GO:0070481	cellular organisms	131567.0	root | cellular organisms
GO:0046423	cellular organisms	131567.0	root | cellular organisms
GO:0008802	cellular organisms	131567.0	root | cellular organisms
GO:0030041	cellular organisms	131567.0	root | cellular organisms
GO:0080051	malvids	91836.0	root | cellular organisms | Eukaryota | Viridiplantae | Streptophyta | Streptophytina | Embryophyta | Tracheophyta | Euphyllophyta | Spermatophyta | Magnoliopsida | Mesangiospermae | eudicotyledons | Gunneridae | Pentapetalae | rosids | malvids
GO:0085042	Pentapetalae	1437201.0	root | cellular organisms | Eukaryota | Viridiplantae | Streptophyta | Streptophytina | Embryophyta | Tracheophyta | Euphyllophyta | Spermatophyta | Magnoliopsida | Mesangiospermae | eudicotyledons | Gunneridae | Pentapetalae
GO:0045022	Eukaryota	2759.0	root | cellular organisms | Eukaryota
GO:0060560	Eukaryota	2759.0	root | cellular organisms | Eukaryota
GO:0046983	root	1.0	root
GO:0080047	Mesangiospermae	1437183.0	root | cellular organisms | Eukaryota | Viridiplantae | Streptophyta | Streptophytina | Embryophyta | Tracheophyta | Euphyllophyta | Spermatophyta | Magnoliopsida | Mesangiospermae
GO:0008964	cellular organisms	131567.0	root | cellular organisms
GO:0030418	cellular organisms	131567.0	root | cellular organisms
GO:0035038	Bilateria	33213.0	root | cellular organisms | Eukaryota | Opisthokonta | Metazoa | Eumetazoa | Bilateria
GO:0000966	Arabidopsis thaliana	3702.0	root | cellular organisms | Eukaryota | Viridiplantae | Streptophyta | Streptophytina | Embryophyta | Tracheophyta | Euphyllophyta | Spermatophyta | Magnoliopsida | Mesangiospermae | eudicotyledons | Gunneridae | Pentapetalae | rosids | malvids | Brassicales | Brassicaceae | Camelineae | Arabidopsis | Arabidopsis thaliana
GO:0015996	cellular organisms	131567.0	root | cellular organisms
GO:0048209	Arabidopsis thaliana	3702.0	root | cellular organisms | Eukaryota | Viridiplantae | Streptophyta | Streptophytina | Embryophyta | Tracheophyta | Euphyllophyta | Spermatophyta | Magnoliopsida | Mesangiospermae | eudicotyledons | Gunneridae | Pentapetalae | rosids | malvids | Brassicales | Brassicaceae | Camelineae | Arabidopsis | Arabidopsis thaliana
GO:0007005	cellular organisms	131567.0	root | cellular organisms
GO:0102149	Eukaryota	2759.0	root | cellular organisms | Eukaryota
GO:0009740	cellular organisms	131567.0	root | cellular organisms
GO:0031303	Unknown		
GO:1990576	Schizosaccharomyces	4895.0	root | cellular organisms | Eukaryota | Opisthokonta | Fungi | Dikarya | Ascomycota | Taphrinomycotina | Schizosaccharomycetes | Schizosaccharomycetales | Schizosaccharomycetaceae | Schizosaccharomyces
GO:0090160	Eukaryota	2759.0	root | cellular organisms | Eukaryota
GO:0045277	Unknown		330876
GO:0080041	cellular organisms	131567.0	root | cellular organisms
GO:0010731	Eukaryota	2759.0	root | cellular organisms | Eukaryota
GO:0016799	root	1.0	root
GO:0102721	cellular organisms	131567.0	root | cellular organisms
GO:0006020	cellular organisms	131567.0	root | cellular organisms
GO:0000243	Eukaryota	2759.0	root | cellular organisms | Eukaryota
GO:0006957	Vertebrata	7742.0	root | cellular organisms | Eukaryota | Opisthokonta | Metazoa | Eumetazoa | Bilateria | Deuterostomia | Chordata | Craniata | Vertebrata
GO:0003696	Bilateria	33213.0	root | cellular organisms | Eukaryota | Opisthokonta | Metazoa | Eumetazoa | Bilateria
GO:0051285	cellular organisms	131567.0	root | cellular organisms
GO:0016303	root	1.0	root
GO:0090070	cellular organisms	131567.0	root | cellular organisms
GO:1902369	cellular organisms	131567.0	root | cellular organisms
GO:0004659	root	1.0	root
GO:0001848	root	1.0	root
GO:0045948	cellular organisms	131567.0	root | cellular organisms
GO:0008999	cellular organisms	131567.0	root | cellular organisms
GO:0048236	Embryophyta	3193.0	root | cellular organisms | Eukaryota | Viridiplantae | Streptophyta | Streptophytina | Embryophyta
GO:0061614	Eukaryota	2759.0	root | cellular organisms | Eukaryota
GO:0044177	Unknown		3470597
GO:0046481	cellular organisms	131567.0	root | cellular organisms
GO:0120174	Fungi	4751.0	root | cellular organisms | Eukaryota | Opisthokonta | Fungi
GO:0106262	Eukaryota	2759.0	root | cellular organisms | Eukaryota
GO:0019034	root	1.0	root
GO:0090577	Arabidopsis thaliana	3702.0	root | cellular organisms | Eukaryota | Viridiplantae | Streptophyta | Streptophytina | Embryophyta | Tracheophyta | Euphyllophyta | Spermatophyta | Magnoliopsida | Mesangiospermae | eudicotyledons | Gunneridae | Pentapetalae | rosids | malvids | Brassicales | Brassicaceae | Camelineae | Arabidopsis | Arabidopsis thaliana
GO:0004826	root	1.0	root
GO:0018812	cellular organisms	131567.0	root | cellular organisms
GO:0016765	root	1.0	root
GO:0042038	Saccharomyces cerevisiae S288C	559292.0	root | cellular organisms | Eukaryota | Opisthokonta | Fungi | Dikarya | Ascomycota | saccharomyceta | Saccharomycotina | Saccharomycetes | Saccharomycetales | Saccharomycetaceae | Saccharomyces | Saccharomyces cerevisiae | Saccharomyces cerevisiae S288C
GO:0015203	cellular organisms	131567.0	root | cellular organisms
GO:0004331	cellular organisms	131567.0	root | cellular organisms
GO:0042661	Bilateria	33213.0	root | cellular organisms | Eukaryota | Opisthokonta | Metazoa | Eumetazoa | Bilateria
GO:1990071	Eukaryota	2759.0	root | cellular organisms | Eukaryota
GO:0030435	root	1.0	root
GO:0051707	cellular organisms	131567.0	root | cellular organisms
GO:0002161	root	1.0	root
GO:0015116	cellular organisms	131567.0	root | cellular organisms
GO:0072320	Eukaryota	2759.0	root | cellular organisms | Eukaryota
GO:0010115	Embryophyta	3193.0	root | cellular organisms | Eukaryota | Viridiplantae | Streptophyta | Streptophytina | Embryophyta
GO:0071211	Eukaryota	2759.0	root | cellular organisms | Eukaryota
GO:1902037	Bilateria	33213.0	root | cellular organisms | Eukaryota | Opisthokonta | Metazoa | Eumetazoa | Bilateria
GO:2001301	Amniota	32524.0	root | cellular organisms | Eukaryota | Opisthokonta | Metazoa | Eumetazoa | Bilateria | Deuterostomia | Chordata | Craniata | Vertebrata | Gnathostomata | Teleostomi | Euteleostomi | Sarcopterygii | Dipnotetrapodomorpha | Tetrapoda | Amniota
GO:0032714	Amniota	32524.0	root | cellular organisms | Eukaryota | Opisthokonta | Metazoa | Eumetazoa | Bilateria | Deuterostomia | Chordata | Craniata | Vertebrata | Gnathostomata | Teleostomi | Euteleostomi | Sarcopterygii | Dipnotetrapodomorpha | Tetrapoda | Amniota
GO:0010093	Magnoliopsida	3398.0	root | cellular organisms | Eukaryota | Viridiplantae | Streptophyta | Streptophytina | Embryophyta | Tracheophyta | Euphyllophyta | Spermatophyta | Magnoliopsida
GO:0080119	Eukaryota	2759.0	root | cellular organisms | Eukaryota
GO:0052639	Brassicaceae	3700.0	root | cellular organisms | Eukaryota | Viridiplantae | Streptophyta | Streptophytina | Embryophyta | Tracheophyta | Euphyllophyta | Spermatophyta | Magnoliopsida | Mesangiospermae | eudicotyledons | Gunneridae | Pentapetalae | rosids | malvids | Brassicales | Brassicaceae
GO:0015658	cellular organisms	131567.0	root | cellular organisms
GO:0140684	Eukaryota	2759.0	root | cellular organisms | Eukaryota
GO:0000303	cellular organisms	131567.0	root | cellular organisms
GO:0001091	Bilateria	33213.0	root | cellular organisms | Eukaryota | Opisthokonta | Metazoa | Eumetazoa | Bilateria
GO:0051117	root	1.0	root
GO:0010050	Arabidopsis thaliana	3702.0	root | cellular organisms | Eukaryota | Viridiplantae | Streptophyta | Streptophytina | Embryophyta | Tracheophyta | Euphyllophyta | Spermatophyta | Magnoliopsida | Mesangiospermae | eudicotyledons | Gunneridae | Pentapetalae | rosids | malvids | Brassicales | Brassicaceae | Camelineae | Arabidopsis | Arabidopsis thaliana
GO:0010923	Opisthokonta	33154.0	root | cellular organisms | Eukaryota | Opisthokonta
GO:0042966	Arabidopsis thaliana	3702.0	root | cellular organisms | Eukaryota | Viridiplantae | Streptophyta | Streptophytina | Embryophyta | Tracheophyta | Euphyllophyta | Spermatophyta | Magnoliopsida | Mesangiospermae | eudicotyledons | Gunneridae | Pentapetalae | rosids | malvids | Brassicales | Brassicaceae | Camelineae | Arabidopsis | Arabidopsis thaliana
GO:0043615	Amniota	32524.0	root | cellular organisms | Eukaryota | Opisthokonta | Metazoa | Eumetazoa | Bilateria | Deuterostomia | Chordata | Craniata | Vertebrata | Gnathostomata | Teleostomi | Euteleostomi | Sarcopterygii | Dipnotetrapodomorpha | Tetrapoda | Amniota
GO:0036002	Eukaryota	2759.0	root | cellular organisms | Eukaryota
GO:0001968	cellular organisms	131567.0	root | cellular organisms
GO:0071021	Eukaryota	2759.0	root | cellular organisms | Eukaryota
GO:0010029	Viridiplantae	33090.0	root | cellular organisms | Eukaryota | Viridiplantae
GO:0010960	cellular organisms	131567.0	root | cellular organisms
GO:0030573	cellular organisms	131567.0	root | cellular organisms
GO:0033194	cellular organisms	131567.0	root | cellular organisms
GO:0031262	cellular organisms	131567.0	root | cellular organisms
GO:0010500	Arabidopsis thaliana	3702.0	root | cellular organisms | Eukaryota | Viridiplantae | Streptophyta | Streptophytina | Embryophyta | Tracheophyta | Euphyllophyta | Spermatophyta | Magnoliopsida | Mesangiospermae | eudicotyledons | Gunneridae | Pentapetalae | rosids | malvids | Brassicales | Brassicaceae | Camelineae | Arabidopsis | Arabidopsis thaliana
GO:0180007	Opisthokonta	33154.0	root | cellular organisms | Eukaryota | Opisthokonta
GO:0060212	Opisthokonta	33154.0	root | cellular organisms | Eukaryota | Opisthokonta
GO:1905820	Opisthokonta	33154.0	root | cellular organisms | Eukaryota | Opisthokonta
GO:0030619	cellular organisms	131567.0	root | cellular organisms
GO:0010485	Eukaryota	2759.0	root | cellular organisms | Eukaryota
GO:0009317	cellular organisms	131567.0	root | cellular organisms
GO:0039624	Duplornaviricota	2732405.0	root | Viruses | Riboviria | Orthornavirae | Duplornaviricota
GO:0046278	cellular organisms	131567.0	root | cellular organisms
GO:0034647	Eukaryota	2759.0	root | cellular organisms | Eukaryota
GO:0050265	root	1.0	root
GO:0005694	root	1.0	root
GO:0062210	Arabidopsis thaliana	3702.0	root | cellular organisms | Eukaryota | Viridiplantae | Streptophyta | Streptophytina | Embryophyta | Tracheophyta | Euphyllophyta | Spermatophyta | Magnoliopsida | Mesangiospermae | eudicotyledons | Gunneridae | Pentapetalae | rosids | malvids | Brassicales | Brassicaceae | Camelineae | Arabidopsis | Arabidopsis thaliana
GO:0004146	root	1.0	root
GO:0035821	root	1.0	root
GO:0010718	Gnathostomata	7776.0	root | cellular organisms | Eukaryota | Opisthokonta | Metazoa | Eumetazoa | Bilateria | Deuterostomia | Chordata | Craniata | Vertebrata | Gnathostomata
GO:0017178	cellular organisms	131567.0	root | cellular organisms
GO:1902074	root	1.0	root
GO:0014824	Amniota	32524.0	root | cellular organisms | Eukaryota | Opisthokonta | Metazoa | Eumetazoa | Bilateria | Deuterostomia | Chordata | Craniata | Vertebrata | Gnathostomata | Teleostomi | Euteleostomi | Sarcopterygii | Dipnotetrapodomorpha | Tetrapoda | Amniota
GO:0052610	Unknown		
GO:0007342	Eukaryota	2759.0	root | cellular organisms | Eukaryota
GO:0019346	root	1.0	root
GO:0001844	Unknown		
GO:0009062	root	1.0	root
GO:0097038	Eukaryota	2759.0	root | cellular organisms | Eukaryota
GO:0080175	Pentapetalae	1437201.0	root | cellular organisms | Eukaryota | Viridiplantae | Streptophyta | Streptophytina | Embryophyta | Tracheophyta | Euphyllophyta | Spermatophyta | Magnoliopsida | Mesangiospermae | eudicotyledons | Gunneridae | Pentapetalae
GO:0071889	root	1.0	root
GO:0008131	root	1.0	root
GO:0004504	cellular organisms	131567.0	root | cellular organisms
GO:0050571	Opisthokonta	33154.0	root | cellular organisms | Eukaryota | Opisthokonta
GO:0043047	cellular organisms	131567.0	root | cellular organisms
GO:0097484	Eumetazoa	6072.0	root | cellular organisms | Eukaryota | Opisthokonta | Metazoa | Eumetazoa
GO:0070939	Eukaryota	2759.0	root | cellular organisms | Eukaryota
GO:0070692	Eukaryota	2759.0	root | cellular organisms | Eukaryota
GO:0008649	cellular organisms	131567.0	root | cellular organisms
GO:0005543	root	1.0	root
GO:0017190	Bilateria	33213.0	root | cellular organisms | Eukaryota | Opisthokonta | Metazoa | Eumetazoa | Bilateria
GO:0001522	root	1.0	root
GO:0006901	Opisthokonta	33154.0	root | cellular organisms | Eukaryota | Opisthokonta
GO:0002437	Amniota	32524.0	root | cellular organisms | Eukaryota | Opisthokonta | Metazoa | Eumetazoa | Bilateria | Deuterostomia | Chordata | Craniata | Vertebrata | Gnathostomata | Teleostomi | Euteleostomi | Sarcopterygii | Dipnotetrapodomorpha | Tetrapoda | Amniota
GO:0048571	Eukaryota	2759.0	root | cellular organisms | Eukaryota
GO:0003918	root	1.0	root
GO:0097526	Eukaryota	2759.0	root | cellular organisms | Eukaryota
GO:0000785	root	1.0	root
GO:1903461	Eukaryota	2759.0	root | cellular organisms | Eukaryota
GO:0015739	cellular organisms	131567.0	root | cellular organisms
GO:0004617	root	1.0	root
GO:0042779	Unknown		
GO:0032556	cellular organisms	131567.0	root | cellular organisms
GO:0060628	Eukaryota	2759.0	root | cellular organisms | Eukaryota
GO:0080114	Unknown		
GO:0050764	cellular organisms	131567.0	root | cellular organisms
GO:0000024	Arabidopsis thaliana	3702.0	root | cellular organisms | Eukaryota | Viridiplantae | Streptophyta | Streptophytina | Embryophyta | Tracheophyta | Euphyllophyta | Spermatophyta | Magnoliopsida | Mesangiospermae | eudicotyledons | Gunneridae | Pentapetalae | rosids | malvids | Brassicales | Brassicaceae | Camelineae | Arabidopsis | Arabidopsis thaliana
GO:0031022	Eukaryota	2759.0	root | cellular organisms | Eukaryota
GO:0000839	Opisthokonta	33154.0	root | cellular organisms | Eukaryota | Opisthokonta
GO:0006995	cellular organisms	131567.0	root | cellular organisms
GO:0006486	Unknown		
GO:2000280	Streptophytina	131221.0	root | cellular organisms | Eukaryota | Viridiplantae | Streptophyta | Streptophytina
GO:0070885	Bilateria	33213.0	root | cellular organisms | Eukaryota | Opisthokonta | Metazoa | Eumetazoa | Bilateria
GO:0046740	root	1.0	root
GO:0042245	root	1.0	root
GO:0051036	Bilateria	33213.0	root | cellular organisms | Eukaryota | Opisthokonta | Metazoa | Eumetazoa | Bilateria
GO:0034059	cellular organisms	131567.0	root | cellular organisms
GO:0009504	Streptophytina	131221.0	root | cellular organisms | Eukaryota | Viridiplantae | Streptophyta | Streptophytina
GO:0002119	Protostomia	33317.0	root | cellular organisms | Eukaryota | Opisthokonta | Metazoa | Eumetazoa | Bilateria | Protostomia
GO:0030218	Eumetazoa	6072.0	root | cellular organisms | Eukaryota | Opisthokonta | Metazoa | Eumetazoa
GO:0071461	cellular organisms	131567.0	root | cellular organisms
GO:0015808	cellular organisms	131567.0	root | cellular organisms
GO:0000418	Embryophyta	3193.0	root | cellular organisms | Eukaryota | Viridiplantae | Streptophyta | Streptophytina | Embryophyta
GO:0008753	cellular organisms	131567.0	root | cellular organisms
GO:0045338	cellular organisms	131567.0	root | cellular organisms
GO:0046464	cellular organisms	131567.0	root | cellular organisms
GO:0005656	Eukaryota	2759.0	root | cellular organisms | Eukaryota
GO:0080053	Arabidopsis thaliana	3702.0	root | cellular organisms | Eukaryota | Viridiplantae | Streptophyta | Streptophytina | Embryophyta | Tracheophyta | Euphyllophyta | Spermatophyta | Magnoliopsida | Mesangiospermae | eudicotyledons | Gunneridae | Pentapetalae | rosids | malvids | Brassicales | Brassicaceae | Camelineae | Arabidopsis | Arabidopsis thaliana
GO:1990070	Eukaryota	2759.0	root | cellular organisms | Eukaryota
GO:0031261	Eukaryota	2759.0	root | cellular organisms | Eukaryota
GO:0032544	Eukaryota	2759.0	root | cellular organisms | Eukaryota
GO:0099020	Opisthokonta	33154.0	root | cellular organisms | Eukaryota | Opisthokonta
GO:0006613	Eukaryota	2759.0	root | cellular organisms | Eukaryota
GO:0071475	cellular organisms	131567.0	root | cellular organisms
GO:0006308	root	1.0	root
GO:0106144	Arabidopsis	3701.0	root | cellular organisms | Eukaryota | Viridiplantae | Streptophyta | Streptophytina | Embryophyta | Tracheophyta | Euphyllophyta | Spermatophyta | Magnoliopsida | Mesangiospermae | eudicotyledons | Gunneridae | Pentapetalae | rosids | malvids | Brassicales | Brassicaceae | Camelineae | Arabidopsis
GO:0071050	Unknown		
GO:0006275	Unknown		3470597
GO:0016754	Arabidopsis thaliana	3702.0	root | cellular organisms | Eukaryota | Viridiplantae | Streptophyta | Streptophytina | Embryophyta | Tracheophyta | Euphyllophyta | Spermatophyta | Magnoliopsida | Mesangiospermae | eudicotyledons | Gunneridae | Pentapetalae | rosids | malvids | Brassicales | Brassicaceae | Camelineae | Arabidopsis | Arabidopsis thaliana
GO:0019887	root	1.0	root
GO:0009699	cellular organisms	131567.0	root | cellular organisms
GO:0050502	Mesangiospermae	1437183.0	root | cellular organisms | Eukaryota | Viridiplantae | Streptophyta | Streptophytina | Embryophyta | Tracheophyta | Euphyllophyta | Spermatophyta | Magnoliopsida | Mesangiospermae
GO:0048257	cellular organisms	131567.0	root | cellular organisms
GO:0030008	Eukaryota	2759.0	root | cellular organisms | Eukaryota
GO:0010841	Bilateria	33213.0	root | cellular organisms | Eukaryota | Opisthokonta | Metazoa | Eumetazoa | Bilateria
GO:0035425	Amniota	32524.0	root | cellular organisms | Eukaryota | Opisthokonta | Metazoa | Eumetazoa | Bilateria | Deuterostomia | Chordata | Craniata | Vertebrata | Gnathostomata | Teleostomi | Euteleostomi | Sarcopterygii | Dipnotetrapodomorpha | Tetrapoda | Amniota
GO:0030269	cellular organisms	131567.0	root | cellular organisms
GO:0002230	Eukaryota	2759.0	root | cellular organisms | Eukaryota
GO:1904821	Arabidopsis thaliana	3702.0	root | cellular organisms | Eukaryota | Viridiplantae | Streptophyta | Streptophytina | Embryophyta | Tracheophyta | Euphyllophyta | Spermatophyta | Magnoliopsida | Mesangiospermae | eudicotyledons | Gunneridae | Pentapetalae | rosids | malvids | Brassicales | Brassicaceae | Camelineae | Arabidopsis | Arabidopsis thaliana
GO:0051286	cellular organisms	131567.0	root | cellular organisms
GO:0005856	cellular organisms	131567.0	root | cellular organisms
GO:0051932	Eumetazoa	6072.0	root | cellular organisms | Eukaryota | Opisthokonta | Metazoa | Eumetazoa
GO:0003323	Euteleostomi	117571.0	root | cellular organisms | Eukaryota | Opisthokonta | Metazoa | Eumetazoa | Bilateria | Deuterostomia | Chordata | Craniata | Vertebrata | Gnathostomata | Teleostomi | Euteleostomi
GO:0090502	Unknown		
GO:1900865	Mesangiospermae	1437183.0	root | cellular organisms | Eukaryota | Viridiplantae | Streptophyta | Streptophytina | Embryophyta | Tracheophyta | Euphyllophyta | Spermatophyta | Magnoliopsida | Mesangiospermae
GO:0030690	Eukaryota	2759.0	root | cellular organisms | Eukaryota
GO:0042539	Eukaryota	2759.0	root | cellular organisms | Eukaryota
GO:0004175	root	1.0	root
GO:0042735	Mesangiospermae	1437183.0	root | cellular organisms | Eukaryota | Viridiplantae | Streptophyta | Streptophytina | Embryophyta | Tracheophyta | Euphyllophyta | Spermatophyta | Magnoliopsida | Mesangiospermae
GO:1990966	cellular organisms	131567.0	root | cellular organisms
GO:0071821	Eukaryota	2759.0	root | cellular organisms | Eukaryota
GO:0019742	asterids	71274.0	root | cellular organisms | Eukaryota | Viridiplantae | Streptophyta | Streptophytina | Embryophyta | Tracheophyta | Euphyllophyta | Spermatophyta | Magnoliopsida | Mesangiospermae | eudicotyledons | Gunneridae | Pentapetalae | asterids
GO:0009645	Eukaryota	2759.0	root | cellular organisms | Eukaryota
GO:0032299	cellular organisms	131567.0	root | cellular organisms
GO:0010116	Mesangiospermae	1437183.0	root | cellular organisms | Eukaryota | Viridiplantae | Streptophyta | Streptophytina | Embryophyta | Tracheophyta | Euphyllophyta | Spermatophyta | Magnoliopsida | Mesangiospermae
GO:0016888	root	1.0	root
GO:0070920	cellular organisms	131567.0	root | cellular organisms
GO:0005093	Eukaryota	2759.0	root | cellular organisms | Eukaryota
GO:0008021	Opisthokonta	33154.0	root | cellular organisms | Eukaryota | Opisthokonta
GO:0034990	Unknown		
GO:0015112	root	1.0	root
GO:0061629	cellular organisms	131567.0	root | cellular organisms
GO:0004033	Unknown		
GO:0099503	Eukaryota	2759.0	root | cellular organisms | Eukaryota
GO:0106140	cellular organisms	131567.0	root | cellular organisms
GO:0005902	Eukaryota	2759.0	root | cellular organisms | Eukaryota
GO:0042274	cellular organisms	131567.0	root | cellular organisms
GO:0060473	Bilateria	33213.0	root | cellular organisms | Eukaryota | Opisthokonta | Metazoa | Eumetazoa | Bilateria
GO:0061078	Unknown		
GO:0003720	root	1.0	root
GO:0120293	Eukaryota	2759.0	root | cellular organisms | Eukaryota
GO:0006393	Eukaryota	2759.0	root | cellular organisms | Eukaryota
GO:1905267	Unknown		
GO:0002115	Eukaryota	2759.0	root | cellular organisms | Eukaryota
GO:0016242	Eukaryota	2759.0	root | cellular organisms | Eukaryota
GO:0071004	Eukaryota	2759.0	root | cellular organisms | Eukaryota
GO:0034709	Eukaryota	2759.0	root | cellular organisms | Eukaryota
GO:0055087	cellular organisms	131567.0	root | cellular organisms
GO:0030913	Amniota	32524.0	root | cellular organisms | Eukaryota | Opisthokonta | Metazoa | Eumetazoa | Bilateria | Deuterostomia | Chordata | Craniata | Vertebrata | Gnathostomata | Teleostomi | Euteleostomi | Sarcopterygii | Dipnotetrapodomorpha | Tetrapoda | Amniota
GO:0006409	Eukaryota	2759.0	root | cellular organisms | Eukaryota
GO:0102850	cellular organisms	131567.0	root | cellular organisms
GO:0071260	Eukaryota	2759.0	root | cellular organisms | Eukaryota
GO:0099059	Unknown		
GO:0050881	Euteleostomi	117571.0	root | cellular organisms | Eukaryota | Opisthokonta | Metazoa | Eumetazoa | Bilateria | Deuterostomia | Chordata | Craniata | Vertebrata | Gnathostomata | Teleostomi | Euteleostomi
GO:0045930	Eukaryota	2759.0	root | cellular organisms | Eukaryota
GO:0010636	Eukaryota	2759.0	root | cellular organisms | Eukaryota
GO:0015787	Eumetazoa	6072.0	root | cellular organisms | Eukaryota | Opisthokonta | Metazoa | Eumetazoa
GO:0140571	Eukaryota	2759.0	root | cellular organisms | Eukaryota
GO:0045176	Eukaryota	2759.0	root | cellular organisms | Eukaryota
GO:0009220	cellular organisms	131567.0	root | cellular organisms
GO:1901135	root	1.0	root
GO:0030863	Eukaryota	2759.0	root | cellular organisms | Eukaryota
GO:0006396	root	1.0	root
GO:0102552	Unknown		
GO:0001561	cellular organisms	131567.0	root | cellular organisms
GO:1990889	Eukaryota	2759.0	root | cellular organisms | Eukaryota
GO:0000366	Rhabditida	6236.0	root | cellular organisms | Eukaryota | Opisthokonta | Metazoa | Eumetazoa | Bilateria | Protostomia | Ecdysozoa | Nematoda | Chromadorea | Rhabditida
GO:0071275	Eukaryota	2759.0	root | cellular organisms | Eukaryota
GO:0004609	root	1.0	root
GO:0001179	Eukaryota	2759.0	root | cellular organisms | Eukaryota
GO:0099031	Unknown		
GO:0055121	Arabidopsis thaliana	3702.0	root | cellular organisms | Eukaryota | Viridiplantae | Streptophyta | Streptophytina | Embryophyta | Tracheophyta | Euphyllophyta | Spermatophyta | Magnoliopsida | Mesangiospermae | eudicotyledons | Gunneridae | Pentapetalae | rosids | malvids | Brassicales | Brassicaceae | Camelineae | Arabidopsis | Arabidopsis thaliana
GO:0010236	Viridiplantae	33090.0	root | cellular organisms | Eukaryota | Viridiplantae
GO:0006139	cellular organisms	131567.0	root | cellular organisms
GO:0080005	Magnoliopsida	3398.0	root | cellular organisms | Eukaryota | Viridiplantae | Streptophyta | Streptophytina | Embryophyta | Tracheophyta | Euphyllophyta | Spermatophyta | Magnoliopsida
GO:2000973	Tetrapoda	32523.0	root | cellular organisms | Eukaryota | Opisthokonta | Metazoa | Eumetazoa | Bilateria | Deuterostomia | Chordata | Craniata | Vertebrata | Gnathostomata | Teleostomi | Euteleostomi | Sarcopterygii | Dipnotetrapodomorpha | Tetrapoda
GO:0032220	Unknown		
GO:0048029	cellular organisms	131567.0	root | cellular organisms
GO:0106046	Mus musculus	10090.0	root | cellular organisms | Eukaryota | Opisthokonta | Metazoa | Eumetazoa | Bilateria | Deuterostomia | Chordata | Craniata | Vertebrata | Gnathostomata | Teleostomi | Euteleostomi | Sarcopterygii | Dipnotetrapodomorpha | Tetrapoda | Amniota | Mammalia | Theria | Eutheria | Boreoeutheria | Euarchontoglires | Glires | Rodentia | Myomorpha | Muroidea | Muridae | Murinae | Mus | Mus | Mus musculus
GO:0106245	Eukaryota	2759.0	root | cellular organisms | Eukaryota
GO:1990316	cellular organisms	131567.0	root | cellular organisms
GO:0008652	root	1.0	root
GO:0004803	root	1.0	root
GO:0071668	malvids	91836.0	root | cellular organisms | Eukaryota | Viridiplantae | Streptophyta | Streptophytina | Embryophyta | Tracheophyta | Euphyllophyta | Spermatophyta | Magnoliopsida | Mesangiospermae | eudicotyledons | Gunneridae | Pentapetalae | rosids | malvids
GO:0051562	Eukaryota	2759.0	root | cellular organisms | Eukaryota
GO:0002221	Eukaryota	2759.0	root | cellular organisms | Eukaryota
GO:0052717	root	1.0	root
GO:0005080	root	1.0	root
GO:0010243	Unknown		
GO:1902953	Opisthokonta	33154.0	root | cellular organisms | Eukaryota | Opisthokonta
GO:0006887	cellular organisms	131567.0	root | cellular organisms
GO:0048681	Bilateria	33213.0	root | cellular organisms | Eukaryota | Opisthokonta | Metazoa | Eumetazoa | Bilateria
GO:0050178	cellular organisms	131567.0	root | cellular organisms
GO:0009965	Viridiplantae	33090.0	root | cellular organisms | Eukaryota | Viridiplantae
GO:0033231	Arabidopsis thaliana	3702.0	root | cellular organisms | Eukaryota | Viridiplantae | Streptophyta | Streptophytina | Embryophyta | Tracheophyta | Euphyllophyta | Spermatophyta | Magnoliopsida | Mesangiospermae | eudicotyledons | Gunneridae | Pentapetalae | rosids | malvids | Brassicales | Brassicaceae | Camelineae | Arabidopsis | Arabidopsis thaliana
GO:0008174	root	1.0	root
GO:0030627	cellular organisms	131567.0	root | cellular organisms
GO:0033853	cellular organisms	131567.0	root | cellular organisms
GO:0014002	Euteleostomi	117571.0	root | cellular organisms | Eukaryota | Opisthokonta | Metazoa | Eumetazoa | Bilateria | Deuterostomia | Chordata | Craniata | Vertebrata | Gnathostomata | Teleostomi | Euteleostomi
GO:0032008	cellular organisms	131567.0	root | cellular organisms
GO:0140683	Eukaryota	2759.0	root | cellular organisms | Eukaryota
GO:1990838	Eukaryota	2759.0	root | cellular organisms | Eukaryota
GO:0000731	root	1.0	root
GO:0032409	Unknown		
GO:0042937	cellular organisms	131567.0	root | cellular organisms
GO:0052635	Unknown		
GO:1902184	Magnoliopsida	3398.0	root | cellular organisms | Eukaryota | Viridiplantae | Streptophyta | Streptophytina | Embryophyta | Tracheophyta | Euphyllophyta | Spermatophyta | Magnoliopsida
GO:0035773	Chordata	7711.0	root | cellular organisms | Eukaryota | Opisthokonta | Metazoa | Eumetazoa | Bilateria | Deuterostomia | Chordata
GO:0000823	Eukaryota	2759.0	root | cellular organisms | Eukaryota
GO:0000701	cellular organisms	131567.0	root | cellular organisms
GO:0009974	Unknown		
GO:0047480	cellular organisms	131567.0	root | cellular organisms
GO:0005863	Bilateria	33213.0	root | cellular organisms | Eukaryota | Opisthokonta | Metazoa | Eumetazoa | Bilateria
GO:0061928	cellular organisms	131567.0	root | cellular organisms
GO:0009439	Unknown		
GO:0060774	Unknown		
GO:0015105	cellular organisms	131567.0	root | cellular organisms
GO:0019252	Viridiplantae	33090.0	root | cellular organisms | Eukaryota | Viridiplantae
GO:0048469	Bilateria	33213.0	root | cellular organisms | Eukaryota | Opisthokonta | Metazoa | Eumetazoa | Bilateria
GO:1901975	Viridiplantae	33090.0	root | cellular organisms | Eukaryota | Viridiplantae
GO:0016123	cellular organisms	131567.0	root | cellular organisms
GO:0034970	Unknown		
GO:0160102	cellular organisms	131567.0	root | cellular organisms
GO:0006429	cellular organisms	131567.0	root | cellular organisms
GO:0103078	Unknown		
GO:0048742	Deuterostomia	33511.0	root | cellular organisms | Eukaryota | Opisthokonta | Metazoa | Eumetazoa | Bilateria | Deuterostomia
GO:0000138	Eukaryota	2759.0	root | cellular organisms | Eukaryota
GO:0043680	Magnoliopsida	3398.0	root | cellular organisms | Eukaryota | Viridiplantae | Streptophyta | Streptophytina | Embryophyta | Tracheophyta | Euphyllophyta | Spermatophyta | Magnoliopsida
GO:0048358	Brassicaceae	3700.0	root | cellular organisms | Eukaryota | Viridiplantae | Streptophyta | Streptophytina | Embryophyta | Tracheophyta | Euphyllophyta | Spermatophyta | Magnoliopsida | Mesangiospermae | eudicotyledons | Gunneridae | Pentapetalae | rosids | malvids | Brassicales | Brassicaceae
GO:2000114	Eukaryota	2759.0	root | cellular organisms | Eukaryota
GO:0007639	Arabidopsis thaliana	3702.0	root | cellular organisms | Eukaryota | Viridiplantae | Streptophyta | Streptophytina | Embryophyta | Tracheophyta | Euphyllophyta | Spermatophyta | Magnoliopsida | Mesangiospermae | eudicotyledons | Gunneridae | Pentapetalae | rosids | malvids | Brassicales | Brassicaceae | Camelineae | Arabidopsis | Arabidopsis thaliana
GO:0070482	cellular organisms	131567.0	root | cellular organisms
GO:0018423	cellular organisms	131567.0	root | cellular organisms
GO:0071598	Eumetazoa	6072.0	root | cellular organisms | Eukaryota | Opisthokonta | Metazoa | Eumetazoa
GO:0015098	cellular organisms	131567.0	root | cellular organisms
GO:0021846	Euteleostomi	117571.0	root | cellular organisms | Eukaryota | Opisthokonta | Metazoa | Eumetazoa | Bilateria | Deuterostomia | Chordata | Craniata | Vertebrata | Gnathostomata | Teleostomi | Euteleostomi
GO:0048246	Gnathostomata	7776.0	root | cellular organisms | Eukaryota | Opisthokonta | Metazoa | Eumetazoa | Bilateria | Deuterostomia | Chordata | Craniata | Vertebrata | Gnathostomata
GO:0046555	cellular organisms	131567.0	root | cellular organisms
GO:0050136	cellular organisms	131567.0	root | cellular organisms
GO:0006013	cellular organisms	131567.0	root | cellular organisms
GO:0043489	root	1.0	root
GO:0005746	Unknown		
GO:0019249	Opisthokonta	33154.0	root | cellular organisms | Eukaryota | Opisthokonta
GO:1903830	cellular organisms	131567.0	root | cellular organisms
GO:0062037	Opisthokonta	33154.0	root | cellular organisms | Eukaryota | Opisthokonta
GO:0051730	Eukaryota	2759.0	root | cellular organisms | Eukaryota
GO:0071287	cellular organisms	131567.0	root | cellular organisms
GO:0032781	cellular organisms	131567.0	root | cellular organisms
GO:0031053	Eukaryota	2759.0	root | cellular organisms | Eukaryota
GO:0051499	cellular organisms	131567.0	root | cellular organisms
GO:0004144	root	1.0	root
GO:0061643	Bilateria	33213.0	root | cellular organisms | Eukaryota | Opisthokonta | Metazoa | Eumetazoa | Bilateria
GO:0001784	root	1.0	root
GO:0043020	cellular organisms	131567.0	root | cellular organisms
GO:0036257	Eukaryota	2759.0	root | cellular organisms | Eukaryota
GO:1990928	Opisthokonta	33154.0	root | cellular organisms | Eukaryota | Opisthokonta
GO:0080162	Viridiplantae	33090.0	root | cellular organisms | Eukaryota | Viridiplantae
GO:0044161	root	1.0	root
GO:0051639	cellular organisms	131567.0	root | cellular organisms
GO:0008395	cellular organisms	131567.0	root | cellular organisms
GO:0032471	Bilateria	33213.0	root | cellular organisms | Eukaryota | Opisthokonta | Metazoa | Eumetazoa | Bilateria
GO:0030705	cellular organisms	131567.0	root | cellular organisms
GO:0016504	root	1.0	root
GO:0043025	Eumetazoa	6072.0	root | cellular organisms | Eukaryota | Opisthokonta | Metazoa | Eumetazoa
GO:0019897	cellular organisms	131567.0	root | cellular organisms
GO:0009826	cellular organisms	131567.0	root | cellular organisms
GO:0009143	root	1.0	root
GO:0006821	root	1.0	root
GO:0000036	cellular organisms	131567.0	root | cellular organisms
GO:0000082	Eukaryota	2759.0	root | cellular organisms | Eukaryota
GO:0031405	root	1.0	root
GO:0055001	Eumetazoa	6072.0	root | cellular organisms | Eukaryota | Opisthokonta | Metazoa | Eumetazoa
GO:0031499	Eukaryota	2759.0	root | cellular organisms | Eukaryota
GO:0008379	root	1.0	root
GO:0036049	cellular organisms	131567.0	root | cellular organisms
GO:0019003	cellular organisms	131567.0	root | cellular organisms
GO:0051131	root	1.0	root
GO:0000054	Eukaryota	2759.0	root | cellular organisms | Eukaryota
GO:1902774	Eukaryota	2759.0	root | cellular organisms | Eukaryota
GO:0006814	root	1.0	root
GO:0005697	Eukaryota	2759.0	root | cellular organisms | Eukaryota
GO:0001562	Amniota	32524.0	root | cellular organisms | Eukaryota | Opisthokonta | Metazoa | Eumetazoa | Bilateria | Deuterostomia | Chordata | Craniata | Vertebrata | Gnathostomata | Teleostomi | Euteleostomi | Sarcopterygii | Dipnotetrapodomorpha | Tetrapoda | Amniota
GO:0072684	Unknown		
GO:0036449	Eukaryota	2759.0	root | cellular organisms | Eukaryota
GO:0000274	Unknown		
GO:0000340	Eukaryota	2759.0	root | cellular organisms | Eukaryota
GO:0030665	Eukaryota	2759.0	root | cellular organisms | Eukaryota
GO:0034475	cellular organisms	131567.0	root | cellular organisms
GO:0048830	Magnoliopsida	3398.0	root | cellular organisms | Eukaryota | Viridiplantae | Streptophyta | Streptophytina | Embryophyta | Tracheophyta | Euphyllophyta | Spermatophyta | Magnoliopsida
GO:0080164	cellular organisms	131567.0	root | cellular organisms
GO:0048453	Arabidopsis thaliana	3702.0	root | cellular organisms | Eukaryota | Viridiplantae | Streptophyta | Streptophytina | Embryophyta | Tracheophyta | Euphyllophyta | Spermatophyta | Magnoliopsida | Mesangiospermae | eudicotyledons | Gunneridae | Pentapetalae | rosids | malvids | Brassicales | Brassicaceae | Camelineae | Arabidopsis | Arabidopsis thaliana
GO:0045604	Eukaryota	2759.0	root | cellular organisms | Eukaryota
GO:0000107	cellular organisms	131567.0	root | cellular organisms
GO:1900037	Eukaryota	2759.0	root | cellular organisms | Eukaryota
GO:0048281	Streptophytina	131221.0	root | cellular organisms | Eukaryota | Viridiplantae | Streptophyta | Streptophytina
GO:0043634	Eukaryota	2759.0	root | cellular organisms | Eukaryota
GO:1990542	Eukaryota	2759.0	root | cellular organisms | Eukaryota
GO:0097193	Opisthokonta	33154.0	root | cellular organisms | Eukaryota | Opisthokonta
GO:0015089	Camelineae	980083.0	root | cellular organisms | Eukaryota | Viridiplantae | Streptophyta | Streptophytina | Embryophyta | Tracheophyta | Euphyllophyta | Spermatophyta | Magnoliopsida | Mesangiospermae | eudicotyledons | Gunneridae | Pentapetalae | rosids | malvids | Brassicales | Brassicaceae | Camelineae
GO:0046685	cellular organisms	131567.0	root | cellular organisms
GO:0097110	Opisthokonta	33154.0	root | cellular organisms | Eukaryota | Opisthokonta
GO:0051091	Unknown		
GO:0007506	Bilateria	33213.0	root | cellular organisms | Eukaryota | Opisthokonta | Metazoa | Eumetazoa | Bilateria
GO:0034504	Eukaryota	2759.0	root | cellular organisms | Eukaryota
GO:0008202	root	1.0	root
GO:0070776	Eumetazoa	6072.0	root | cellular organisms | Eukaryota | Opisthokonta | Metazoa | Eumetazoa
GO:0060491	cellular organisms	131567.0	root | cellular organisms
GO:0048599	Opisthokonta	33154.0	root | cellular organisms | Eukaryota | Opisthokonta
GO:0098586	Eukaryota	2759.0	root | cellular organisms | Eukaryota
GO:0048167	Eumetazoa	6072.0	root | cellular organisms | Eukaryota | Opisthokonta | Metazoa | Eumetazoa
GO:0090666	Amniota	32524.0	root | cellular organisms | Eukaryota | Opisthokonta | Metazoa | Eumetazoa | Bilateria | Deuterostomia | Chordata | Craniata | Vertebrata | Gnathostomata | Teleostomi | Euteleostomi | Sarcopterygii | Dipnotetrapodomorpha | Tetrapoda | Amniota
GO:0016209	root	1.0	root
GO:0005905	Eukaryota	2759.0	root | cellular organisms | Eukaryota
GO:1902457	Embryophyta	3193.0	root | cellular organisms | Eukaryota | Viridiplantae | Streptophyta | Streptophytina | Embryophyta
GO:0030539	Bilateria	33213.0	root | cellular organisms | Eukaryota | Opisthokonta | Metazoa | Eumetazoa | Bilateria
GO:0004177	root	1.0	root
GO:0061833	Tetrapoda	32523.0	root | cellular organisms | Eukaryota | Opisthokonta | Metazoa | Eumetazoa | Bilateria | Deuterostomia | Chordata | Craniata | Vertebrata | Gnathostomata | Teleostomi | Euteleostomi | Sarcopterygii | Dipnotetrapodomorpha | Tetrapoda
GO:0047274	cellular organisms	131567.0	root | cellular organisms
GO:0005643	Eukaryota	2759.0	root | cellular organisms | Eukaryota
GO:2001142	Eukaryota	2759.0	root | cellular organisms | Eukaryota
GO:0015935	cellular organisms	131567.0	root | cellular organisms
GO:2000406	Vertebrata	7742.0	root | cellular organisms | Eukaryota | Opisthokonta | Metazoa | Eumetazoa | Bilateria | Deuterostomia | Chordata | Craniata | Vertebrata
GO:0005872	Eukaryota	2759.0	root | cellular organisms | Eukaryota
GO:0072488	cellular organisms	131567.0	root | cellular organisms
GO:0015675	cellular organisms	131567.0	root | cellular organisms
GO:0030911	root	1.0	root
GO:0051660	Eukaryota	2759.0	root | cellular organisms | Eukaryota
GO:0097623	cellular organisms	131567.0	root | cellular organisms
GO:0060326	root	1.0	root
GO:0004097	cellular organisms	131567.0	root | cellular organisms
GO:1904544	Bilateria	33213.0	root | cellular organisms | Eukaryota | Opisthokonta | Metazoa | Eumetazoa | Bilateria
GO:0047453	cellular organisms	131567.0	root | cellular organisms
GO:0006952	root	1.0	root
GO:0090148	Eukaryota	2759.0	root | cellular organisms | Eukaryota
GO:0016859	cellular organisms	131567.0	root | cellular organisms
GO:0009859	Spermatophyta	58024.0	root | cellular organisms | Eukaryota | Viridiplantae | Streptophyta | Streptophytina | Embryophyta | Tracheophyta | Euphyllophyta | Spermatophyta
GO:0032453	Eukaryota	2759.0	root | cellular organisms | Eukaryota
GO:0008864	cellular organisms	131567.0	root | cellular organisms
GO:0071784	Arabidopsis thaliana	3702.0	root | cellular organisms | Eukaryota | Viridiplantae | Streptophyta | Streptophytina | Embryophyta | Tracheophyta | Euphyllophyta | Spermatophyta | Magnoliopsida | Mesangiospermae | eudicotyledons | Gunneridae | Pentapetalae | rosids | malvids | Brassicales | Brassicaceae | Camelineae | Arabidopsis | Arabidopsis thaliana
GO:0042973	cellular organisms	131567.0	root | cellular organisms
GO:1903071	Unknown		
GO:0006099	root	1.0	root
GO:1903542	Amniota	32524.0	root | cellular organisms | Eukaryota | Opisthokonta | Metazoa | Eumetazoa | Bilateria | Deuterostomia | Chordata | Craniata | Vertebrata | Gnathostomata | Teleostomi | Euteleostomi | Sarcopterygii | Dipnotetrapodomorpha | Tetrapoda | Amniota
GO:1905448	Bilateria	33213.0	root | cellular organisms | Eukaryota | Opisthokonta | Metazoa | Eumetazoa | Bilateria
GO:0000993	root	1.0	root
GO:0001530	cellular organisms	131567.0	root | cellular organisms
GO:0008343	Bilateria	33213.0	root | cellular organisms | Eukaryota | Opisthokonta | Metazoa | Eumetazoa | Bilateria
GO:0000419	Eukaryota	2759.0	root | cellular organisms | Eukaryota
GO:0031417	cellular organisms	131567.0	root | cellular organisms
GO:0009862	Eukaryota	2759.0	root | cellular organisms | Eukaryota
GO:0030137	Opisthokonta	33154.0	root | cellular organisms | Eukaryota | Opisthokonta
GO:0000380	cellular organisms	131567.0	root | cellular organisms
GO:0006337	Eukaryota	2759.0	root | cellular organisms | Eukaryota
GO:0071076	Unknown		
GO:0019303	cellular organisms	131567.0	root | cellular organisms
GO:0009966	root	1.0	root
GO:0043564	Eukaryota	2759.0	root | cellular organisms | Eukaryota
GO:0032592	Unknown		
GO:0051028	Unknown		3470597
GO:1903394	Eukaryota	2759.0	root | cellular organisms | Eukaryota
GO:0052894	Unknown		
GO:0010336	Viridiplantae	33090.0	root | cellular organisms | Eukaryota | Viridiplantae
GO:0062069	Amniota	32524.0	root | cellular organisms | Eukaryota | Opisthokonta | Metazoa | Eumetazoa | Bilateria | Deuterostomia | Chordata | Craniata | Vertebrata | Gnathostomata | Teleostomi | Euteleostomi | Sarcopterygii | Dipnotetrapodomorpha | Tetrapoda | Amniota
GO:0070530	cellular organisms	131567.0	root | cellular organisms
GO:0042306	Eukaryota	2759.0	root | cellular organisms | Eukaryota
GO:0036460	Gammaproteobacteria	1236.0	root | cellular organisms | Bacteria | Pseudomonadati | Pseudomonadota | Gammaproteobacteria
GO:0016530	root	1.0	root
GO:2000270	Amniota	32524.0	root | cellular organisms | Eukaryota | Opisthokonta | Metazoa | Eumetazoa | Bilateria | Deuterostomia | Chordata | Craniata | Vertebrata | Gnathostomata | Teleostomi | Euteleostomi | Sarcopterygii | Dipnotetrapodomorpha | Tetrapoda | Amniota
GO:0061133	cellular organisms	131567.0	root | cellular organisms
GO:0004340	cellular organisms	131567.0	root | cellular organisms
GO:0030151	root	1.0	root
GO:0019408	Unknown		
GO:0006747	cellular organisms	131567.0	root | cellular organisms
GO:0030877	Metazoa	33208.0	root | cellular organisms | Eukaryota | Opisthokonta | Metazoa
GO:0046914	cellular organisms	131567.0	root | cellular organisms
GO:0001403	Fungi	4751.0	root | cellular organisms | Eukaryota | Opisthokonta | Fungi
GO:0046974	Eukaryota	2759.0	root | cellular organisms | Eukaryota
GO:0030272	cellular organisms	131567.0	root | cellular organisms
GO:0015415	cellular organisms	131567.0	root | cellular organisms
GO:0032780	cellular organisms	131567.0	root | cellular organisms
GO:1901529	Eukaryota	2759.0	root | cellular organisms | Eukaryota
GO:0033566	Eukaryota	2759.0	root | cellular organisms | Eukaryota
GO:0045275	cellular organisms	131567.0	root | cellular organisms
GO:2000271	Tetrapoda	32523.0	root | cellular organisms | Eukaryota | Opisthokonta | Metazoa | Eumetazoa | Bilateria | Deuterostomia | Chordata | Craniata | Vertebrata | Gnathostomata | Teleostomi | Euteleostomi | Sarcopterygii | Dipnotetrapodomorpha | Tetrapoda
GO:0033878	Unknown		
GO:0006413	cellular organisms	131567.0	root | cellular organisms
GO:0080188	Viridiplantae	33090.0	root | cellular organisms | Eukaryota | Viridiplantae
GO:1990170	cellular organisms	131567.0	root | cellular organisms
GO:0002181	cellular organisms	131567.0	root | cellular organisms
GO:0120013	cellular organisms	131567.0	root | cellular organisms
GO:0090549	cellular organisms	131567.0	root | cellular organisms
GO:0002003	Bilateria	33213.0	root | cellular organisms | Eukaryota | Opisthokonta | Metazoa | Eumetazoa | Bilateria
GO:0006253	cellular organisms	131567.0	root | cellular organisms
GO:0030896	Eukaryota	2759.0	root | cellular organisms | Eukaryota
GO:0042026	root	1.0	root
GO:0045334	Eukaryota	2759.0	root | cellular organisms | Eukaryota
GO:0050139	Camelineae	980083.0	root | cellular organisms | Eukaryota | Viridiplantae | Streptophyta | Streptophytina | Embryophyta | Tracheophyta | Euphyllophyta | Spermatophyta | Magnoliopsida | Mesangiospermae | eudicotyledons | Gunneridae | Pentapetalae | rosids | malvids | Brassicales | Brassicaceae | Camelineae
GO:0032877	cellular organisms	131567.0	root | cellular organisms
GO:0030296	Bilateria	33213.0	root | cellular organisms | Eukaryota | Opisthokonta | Metazoa | Eumetazoa | Bilateria
GO:1990760	Euteleostomi	117571.0	root | cellular organisms | Eukaryota | Opisthokonta | Metazoa | Eumetazoa | Bilateria | Deuterostomia | Chordata | Craniata | Vertebrata | Gnathostomata | Teleostomi | Euteleostomi
GO:0001525	Vertebrata	7742.0	root | cellular organisms | Eukaryota | Opisthokonta | Metazoa | Eumetazoa | Bilateria | Deuterostomia | Chordata | Craniata | Vertebrata
GO:0016779	Unknown		3470597
GO:0010221	Mesangiospermae	1437183.0	root | cellular organisms | Eukaryota | Viridiplantae | Streptophyta | Streptophytina | Embryophyta | Tracheophyta | Euphyllophyta | Spermatophyta | Magnoliopsida | Mesangiospermae
GO:0031143	Eukaryota	2759.0	root | cellular organisms | Eukaryota
GO:0009813	cellular organisms	131567.0	root | cellular organisms
GO:0032960	Euarchontoglires	314146.0	root | cellular organisms | Eukaryota | Opisthokonta | Metazoa | Eumetazoa | Bilateria | Deuterostomia | Chordata | Craniata | Vertebrata | Gnathostomata | Teleostomi | Euteleostomi | Sarcopterygii | Dipnotetrapodomorpha | Tetrapoda | Amniota | Mammalia | Theria | Eutheria | Boreoeutheria | Euarchontoglires
GO:0030870	Eukaryota	2759.0	root | cellular organisms | Eukaryota
GO:0047158	Pentapetalae	1437201.0	root | cellular organisms | Eukaryota | Viridiplantae | Streptophyta | Streptophytina | Embryophyta | Tracheophyta | Euphyllophyta | Spermatophyta | Magnoliopsida | Mesangiospermae | eudicotyledons | Gunneridae | Pentapetalae
GO:0048579	Magnoliopsida	3398.0	root | cellular organisms | Eukaryota | Viridiplantae | Streptophyta | Streptophytina | Embryophyta | Tracheophyta | Euphyllophyta | Spermatophyta | Magnoliopsida
GO:0004014	root	1.0	root
GO:1990549	Opisthokonta	33154.0	root | cellular organisms | Eukaryota | Opisthokonta
GO:0008417	root	1.0	root
GO:0004619	cellular organisms	131567.0	root | cellular organisms
GO:1903753	cellular organisms	131567.0	root | cellular organisms
GO:0009543	Eukaryota	2759.0	root | cellular organisms | Eukaryota
GO:0039615	Viruses	10239.0	root | Viruses
GO:0004174	cellular organisms	131567.0	root | cellular organisms
GO:0006152	cellular organisms	131567.0	root | cellular organisms
GO:0030100	Eukaryota	2759.0	root | cellular organisms | Eukaryota
GO:0036123	Unknown		
GO:0010483	Mesangiospermae	1437183.0	root | cellular organisms | Eukaryota | Viridiplantae | Streptophyta | Streptophytina | Embryophyta | Tracheophyta | Euphyllophyta | Spermatophyta | Magnoliopsida | Mesangiospermae
GO:0071786	cellular organisms	131567.0	root | cellular organisms
GO:0034085	Eukaryota	2759.0	root | cellular organisms | Eukaryota
GO:0031413	Danio rerio	7955.0	root | cellular organisms | Eukaryota | Opisthokonta | Metazoa | Eumetazoa | Bilateria | Deuterostomia | Chordata | Craniata | Vertebrata | Gnathostomata | Teleostomi | Euteleostomi | Actinopterygii | Actinopteri | Neopterygii | Teleostei | Osteoglossocephalai | Clupeocephala | Otomorpha | Ostariophysi | Otophysi | Cypriniphysae | Cypriniformes | Cyprinoidei | Danionidae | Danioninae | Danio | Danio rerio
GO:0004024	Unknown		
GO:0050968	Bilateria	33213.0	root | cellular organisms | Eukaryota | Opisthokonta | Metazoa | Eumetazoa | Bilateria
GO:2001022	Unknown		
GO:0030599	root	1.0	root
GO:1990837	cellular organisms	131567.0	root | cellular organisms
GO:0051214	Eukaryota	2759.0	root | cellular organisms | Eukaryota
GO:0047975	cellular organisms	131567.0	root | cellular organisms
GO:0035403	Euteleostomi	117571.0	root | cellular organisms | Eukaryota | Opisthokonta | Metazoa | Eumetazoa | Bilateria | Deuterostomia | Chordata | Craniata | Vertebrata | Gnathostomata | Teleostomi | Euteleostomi
GO:0006430	cellular organisms	131567.0	root | cellular organisms
GO:2000632	Eukaryota	2759.0	root | cellular organisms | Eukaryota
GO:0006741	root	1.0	root
GO:0004809	Unknown		
GO:0140672	Eukaryota	2759.0	root | cellular organisms | Eukaryota
GO:0043120	Eumetazoa	6072.0	root | cellular organisms | Eukaryota | Opisthokonta | Metazoa | Eumetazoa
GO:0007124	Fungi	4751.0	root | cellular organisms | Eukaryota | Opisthokonta | Fungi
GO:0018117	cellular organisms	131567.0	root | cellular organisms
GO:0051276	Unknown		3470597
GO:0102952	Unknown		
GO:0047840	root	1.0	root
GO:0009308	root	1.0	root
GO:0042807	Magnoliopsida	3398.0	root | cellular organisms | Eukaryota | Viridiplantae | Streptophyta | Streptophytina | Embryophyta | Tracheophyta | Euphyllophyta | Spermatophyta | Magnoliopsida
GO:0106004	cellular organisms	131567.0	root | cellular organisms
GO:1902808	Eukaryota	2759.0	root | cellular organisms | Eukaryota
GO:0050342	cellular organisms	131567.0	root | cellular organisms
GO:0050661	root	1.0	root
GO:0000710	Opisthokonta	33154.0	root | cellular organisms | Eukaryota | Opisthokonta
GO:0140326	cellular organisms	131567.0	root | cellular organisms
GO:0004566	cellular organisms	131567.0	root | cellular organisms
GO:0002430	Metazoa	33208.0	root | cellular organisms | Eukaryota | Opisthokonta | Metazoa
GO:0030882	Bilateria	33213.0	root | cellular organisms | Eukaryota | Opisthokonta | Metazoa | Eumetazoa | Bilateria
GO:0001659	cellular organisms	131567.0	root | cellular organisms
GO:0046638	Amniota	32524.0	root | cellular organisms | Eukaryota | Opisthokonta | Metazoa | Eumetazoa | Bilateria | Deuterostomia | Chordata | Craniata | Vertebrata | Gnathostomata | Teleostomi | Euteleostomi | Sarcopterygii | Dipnotetrapodomorpha | Tetrapoda | Amniota
GO:0005682	Eukaryota	2759.0	root | cellular organisms | Eukaryota
GO:0006850	Eukaryota	2759.0	root | cellular organisms | Eukaryota
GO:0042448	cellular organisms	131567.0	root | cellular organisms
GO:0030224	Opisthokonta	33154.0	root | cellular organisms | Eukaryota | Opisthokonta
GO:0051124	Bilateria	33213.0	root | cellular organisms | Eukaryota | Opisthokonta | Metazoa | Eumetazoa | Bilateria
GO:0002144	cellular organisms	131567.0	root | cellular organisms
GO:0046655	root	1.0	root
GO:0048867	Eukaryota	2759.0	root | cellular organisms | Eukaryota
GO:0016810	root	1.0	root
GO:0090709	Embryophyta	3193.0	root | cellular organisms | Eukaryota | Viridiplantae | Streptophyta | Streptophytina | Embryophyta
GO:0033065	Eukaryota	2759.0	root | cellular organisms | Eukaryota
GO:1901911	cellular organisms	131567.0	root | cellular organisms
GO:0010321	Arabidopsis thaliana	3702.0	root | cellular organisms | Eukaryota | Viridiplantae | Streptophyta | Streptophytina | Embryophyta | Tracheophyta | Euphyllophyta | Spermatophyta | Magnoliopsida | Mesangiospermae | eudicotyledons | Gunneridae | Pentapetalae | rosids | malvids | Brassicales | Brassicaceae | Camelineae | Arabidopsis | Arabidopsis thaliana
GO:0010106	cellular organisms	131567.0	root | cellular organisms
GO:0000902	cellular organisms	131567.0	root | cellular organisms
GO:0042709	root	1.0	root
GO:0035060	Eukaryota	2759.0	root | cellular organisms | Eukaryota
GO:0030891	cellular organisms	131567.0	root | cellular organisms
GO:0070475	root	1.0	root
GO:0097550	cellular organisms	131567.0	root | cellular organisms
GO:0004109	cellular organisms	131567.0	root | cellular organisms
GO:0052605	Unknown		
GO:0006620	cellular organisms	131567.0	root | cellular organisms
GO:2000002	Opisthokonta	33154.0	root | cellular organisms | Eukaryota | Opisthokonta
GO:0042974	Vertebrata	7742.0	root | cellular organisms | Eukaryota | Opisthokonta | Metazoa | Eumetazoa | Bilateria | Deuterostomia | Chordata | Craniata | Vertebrata
GO:1902475	cellular organisms	131567.0	root | cellular organisms
GO:0016055	root	1.0	root
GO:0030427	cellular organisms	131567.0	root | cellular organisms
GO:0010436	cellular organisms	131567.0	root | cellular organisms
GO:1990188	Eukaryota	2759.0	root | cellular organisms | Eukaryota
GO:0005851	Eukaryota	2759.0	root | cellular organisms | Eukaryota
GO:0004827	root	1.0	root
GO:0043304	Gnathostomata	7776.0	root | cellular organisms | Eukaryota | Opisthokonta | Metazoa | Eumetazoa | Bilateria | Deuterostomia | Chordata | Craniata | Vertebrata | Gnathostomata
GO:0018215	saccharomyceta	716545.0	root | cellular organisms | Eukaryota | Opisthokonta | Fungi | Dikarya | Ascomycota | saccharomyceta
GO:0015774	cellular organisms	131567.0	root | cellular organisms
GO:0099078	Eukaryota	2759.0	root | cellular organisms | Eukaryota
GO:1903665	Amoebozoa	554915.0	root | cellular organisms | Eukaryota | Amoebozoa
GO:0110025	Euteleostomi	117571.0	root | cellular organisms | Eukaryota | Opisthokonta | Metazoa | Eumetazoa | Bilateria | Deuterostomia | Chordata | Craniata | Vertebrata | Gnathostomata | Teleostomi | Euteleostomi
GO:2000146	cellular organisms	131567.0	root | cellular organisms
GO:0098721	cellular organisms	131567.0	root | cellular organisms
GO:1990511	Unknown		
GO:0030142	Eukaryota	2759.0	root | cellular organisms | Eukaryota
GO:0005798	Eukaryota	2759.0	root | cellular organisms | Eukaryota
GO:0010777	Eukaryota	2759.0	root | cellular organisms | Eukaryota
GO:0035970	cellular organisms	131567.0	root | cellular organisms
GO:0002938	cellular organisms	131567.0	root | cellular organisms
GO:0080111	Unknown		
GO:0004815	root	1.0	root
GO:0017111	root	1.0	root
GO:0010333	cellular organisms	131567.0	root | cellular organisms
GO:0052928	Unknown		
GO:1901599	Arabidopsis thaliana	3702.0	root | cellular organisms | Eukaryota | Viridiplantae | Streptophyta | Streptophytina | Embryophyta | Tracheophyta | Euphyllophyta | Spermatophyta | Magnoliopsida | Mesangiospermae | eudicotyledons | Gunneridae | Pentapetalae | rosids | malvids | Brassicales | Brassicaceae | Camelineae | Arabidopsis | Arabidopsis thaliana
GO:0016682	cellular organisms	131567.0	root | cellular organisms
GO:0008973	cellular organisms	131567.0	root | cellular organisms
GO:0080058	Eukaryota	2759.0	root | cellular organisms | Eukaryota
GO:0030247	root	1.0	root
GO:0060966	Eukaryota	2759.0	root | cellular organisms | Eukaryota
GO:0050295	Eukaryota	2759.0	root | cellular organisms | Eukaryota
GO:0001940	Eukaryota	2759.0	root | cellular organisms | Eukaryota
GO:0007338	Eukaryota	2759.0	root | cellular organisms | Eukaryota
GO:0030389	Gnathostomata	7776.0	root | cellular organisms | Eukaryota | Opisthokonta | Metazoa | Eumetazoa | Bilateria | Deuterostomia | Chordata | Craniata | Vertebrata | Gnathostomata
GO:0008650	cellular organisms	131567.0	root | cellular organisms
GO:0003707	cellular organisms	131567.0	root | cellular organisms
GO:0005001	Bilateria	33213.0	root | cellular organisms | Eukaryota | Opisthokonta | Metazoa | Eumetazoa | Bilateria
GO:1905792	Ecdysozoa	1206794.0	root | cellular organisms | Eukaryota | Opisthokonta | Metazoa | Eumetazoa | Bilateria | Protostomia | Ecdysozoa
GO:0036310	Bilateria	33213.0	root | cellular organisms | Eukaryota | Opisthokonta | Metazoa | Eumetazoa | Bilateria
GO:0071215	Streptophytina	131221.0	root | cellular organisms | Eukaryota | Viridiplantae | Streptophyta | Streptophytina
GO:0008113	cellular organisms	131567.0	root | cellular organisms
GO:0019054	Unknown		
GO:0009089	Unknown		
GO:0030422	cellular organisms	131567.0	root | cellular organisms
GO:0010921	Euarchontoglires	314146.0	root | cellular organisms | Eukaryota | Opisthokonta | Metazoa | Eumetazoa | Bilateria | Deuterostomia | Chordata | Craniata | Vertebrata | Gnathostomata | Teleostomi | Euteleostomi | Sarcopterygii | Dipnotetrapodomorpha | Tetrapoda | Amniota | Mammalia | Theria | Eutheria | Boreoeutheria | Euarchontoglires
GO:0080141	Mesangiospermae	1437183.0	root | cellular organisms | Eukaryota | Viridiplantae | Streptophyta | Streptophytina | Embryophyta | Tracheophyta | Euphyllophyta | Spermatophyta | Magnoliopsida | Mesangiospermae
GO:0003690	root	1.0	root
GO:1905187	Unknown		
GO:0009902	Viridiplantae	33090.0	root | cellular organisms | Eukaryota | Viridiplantae
GO:0008045	Eumetazoa	6072.0	root | cellular organisms | Eukaryota | Opisthokonta | Metazoa | Eumetazoa
GO:1904380	cellular organisms	131567.0	root | cellular organisms
GO:0072669	cellular organisms	131567.0	root | cellular organisms
GO:0032929	Euteleostomi	117571.0	root | cellular organisms | Eukaryota | Opisthokonta | Metazoa | Eumetazoa | Bilateria | Deuterostomia | Chordata | Craniata | Vertebrata | Gnathostomata | Teleostomi | Euteleostomi
GO:0042868	root	1.0	root
GO:0031440	root	1.0	root
GO:0030906	Eukaryota	2759.0	root | cellular organisms | Eukaryota
GO:0046061	cellular organisms	131567.0	root | cellular organisms
GO:0044020	Eukaryota	2759.0	root | cellular organisms | Eukaryota
GO:1901534	Euteleostomi	117571.0	root | cellular organisms | Eukaryota | Opisthokonta | Metazoa | Eumetazoa | Bilateria | Deuterostomia | Chordata | Craniata | Vertebrata | Gnathostomata | Teleostomi | Euteleostomi
GO:0007062	cellular organisms	131567.0	root | cellular organisms
GO:1990189	cellular organisms	131567.0	root | cellular organisms
GO:0043433	Unknown		
GO:0051903	cellular organisms	131567.0	root | cellular organisms
GO:2000765	Opisthokonta	33154.0	root | cellular organisms | Eukaryota | Opisthokonta
GO:0018119	cellular organisms	131567.0	root | cellular organisms
GO:0070525	cellular organisms	131567.0	root | cellular organisms
GO:2001007	Brassicaceae	3700.0	root | cellular organisms | Eukaryota | Viridiplantae | Streptophyta | Streptophytina | Embryophyta | Tracheophyta | Euphyllophyta | Spermatophyta | Magnoliopsida | Mesangiospermae | eudicotyledons | Gunneridae | Pentapetalae | rosids | malvids | Brassicales | Brassicaceae
GO:0009765	cellular organisms	131567.0	root | cellular organisms
GO:0009640	Viridiplantae	33090.0	root | cellular organisms | Eukaryota | Viridiplantae
GO:0019941	cellular organisms	131567.0	root | cellular organisms
GO:0106411	Unknown		
GO:0000782	Eukaryota	2759.0	root | cellular organisms | Eukaryota
GO:0047938	cellular organisms	131567.0	root | cellular organisms
GO:0004631	root	1.0	root
GO:0015301	Unknown		
GO:0070534	Eukaryota	2759.0	root | cellular organisms | Eukaryota
GO:1901181	Brassicaceae	3700.0	root | cellular organisms | Eukaryota | Viridiplantae | Streptophyta | Streptophytina | Embryophyta | Tracheophyta | Euphyllophyta | Spermatophyta | Magnoliopsida | Mesangiospermae | eudicotyledons | Gunneridae | Pentapetalae | rosids | malvids | Brassicales | Brassicaceae
GO:0015886	cellular organisms	131567.0	root | cellular organisms
GO:0007368	Eukaryota	2759.0	root | cellular organisms | Eukaryota
GO:0003727	root	1.0	root
GO:0010199	rosids	71275.0	root | cellular organisms | Eukaryota | Viridiplantae | Streptophyta | Streptophytina | Embryophyta | Tracheophyta | Euphyllophyta | Spermatophyta | Magnoliopsida | Mesangiospermae | eudicotyledons | Gunneridae | Pentapetalae | rosids
GO:0052694	Brassicaceae	3700.0	root | cellular organisms | Eukaryota | Viridiplantae | Streptophyta | Streptophytina | Embryophyta | Tracheophyta | Euphyllophyta | Spermatophyta | Magnoliopsida | Mesangiospermae | eudicotyledons | Gunneridae | Pentapetalae | rosids | malvids | Brassicales | Brassicaceae
GO:0031564	root	1.0	root
GO:0015085	Eukaryota	2759.0	root | cellular organisms | Eukaryota
GO:0008276	root	1.0	root
GO:0080101	Unknown		
GO:1905573	cellular organisms	131567.0	root | cellular organisms
GO:1900243	Murinae	39107.0	root | cellular organisms | Eukaryota | Opisthokonta | Metazoa | Eumetazoa | Bilateria | Deuterostomia | Chordata | Craniata | Vertebrata | Gnathostomata | Teleostomi | Euteleostomi | Sarcopterygii | Dipnotetrapodomorpha | Tetrapoda | Amniota | Mammalia | Theria | Eutheria | Boreoeutheria | Euarchontoglires | Glires | Rodentia | Myomorpha | Muroidea | Muridae | Murinae
GO:0033314	Eukaryota	2759.0	root | cellular organisms | Eukaryota
GO:0080095	Embryophyta	3193.0	root | cellular organisms | Eukaryota | Viridiplantae | Streptophyta | Streptophytina | Embryophyta
GO:0051983	cellular organisms	131567.0	root | cellular organisms
GO:0005955	Eukaryota	2759.0	root | cellular organisms | Eukaryota
GO:0003912	cellular organisms	131567.0	root | cellular organisms
GO:0070121	Euteleostomi	117571.0	root | cellular organisms | Eukaryota | Opisthokonta | Metazoa | Eumetazoa | Bilateria | Deuterostomia | Chordata | Craniata | Vertebrata | Gnathostomata | Teleostomi | Euteleostomi
GO:0047165	Eukaryota	2759.0	root | cellular organisms | Eukaryota
GO:0006269	root	1.0	root
GO:0030140	Eukaryota	2759.0	root | cellular organisms | Eukaryota
GO:1903575	Bilateria	33213.0	root | cellular organisms | Eukaryota | Opisthokonta | Metazoa | Eumetazoa | Bilateria
GO:0061815	Eukaryota	2759.0	root | cellular organisms | Eukaryota
GO:0003950	root	1.0	root
GO:0042793	Eukaryota	2759.0	root | cellular organisms | Eukaryota
GO:0009561	Magnoliopsida	3398.0	root | cellular organisms | Eukaryota | Viridiplantae | Streptophyta | Streptophytina | Embryophyta | Tracheophyta | Euphyllophyta | Spermatophyta | Magnoliopsida
GO:0030975	cellular organisms	131567.0	root | cellular organisms
GO:0016707	Eukaryota	2759.0	root | cellular organisms | Eukaryota
GO:2000685	Eukaryota	2759.0	root | cellular organisms | Eukaryota
GO:0035642	Eukaryota	2759.0	root | cellular organisms | Eukaryota
GO:0035670	Arabidopsis thaliana	3702.0	root | cellular organisms | Eukaryota | Viridiplantae | Streptophyta | Streptophytina | Embryophyta | Tracheophyta | Euphyllophyta | Spermatophyta | Magnoliopsida | Mesangiospermae | eudicotyledons | Gunneridae | Pentapetalae | rosids | malvids | Brassicales | Brassicaceae | Camelineae | Arabidopsis | Arabidopsis thaliana
GO:0048024	cellular organisms	131567.0	root | cellular organisms
GO:0016274	cellular organisms	131567.0	root | cellular organisms
GO:0070840	cellular organisms	131567.0	root | cellular organisms
GO:0004521	root	1.0	root
GO:1903136	cellular organisms	131567.0	root | cellular organisms
GO:0035869	Eukaryota	2759.0	root | cellular organisms | Eukaryota
GO:0004019	root	1.0	root
GO:0071039	Eukaryota	2759.0	root | cellular organisms | Eukaryota
GO:0009889	Unknown		
GO:0015431	Eukaryota	2759.0	root | cellular organisms | Eukaryota
GO:0033591	Eukaryota	2759.0	root | cellular organisms | Eukaryota
GO:0010394	Arabidopsis thaliana	3702.0	root | cellular organisms | Eukaryota | Viridiplantae | Streptophyta | Streptophytina | Embryophyta | Tracheophyta | Euphyllophyta | Spermatophyta | Magnoliopsida | Mesangiospermae | eudicotyledons | Gunneridae | Pentapetalae | rosids | malvids | Brassicales | Brassicaceae | Camelineae | Arabidopsis | Arabidopsis thaliana
GO:0045347	Amniota	32524.0	root | cellular organisms | Eukaryota | Opisthokonta | Metazoa | Eumetazoa | Bilateria | Deuterostomia | Chordata | Craniata | Vertebrata | Gnathostomata | Teleostomi | Euteleostomi | Sarcopterygii | Dipnotetrapodomorpha | Tetrapoda | Amniota
GO:0015937	root	1.0	root
GO:0101031	cellular organisms	131567.0	root | cellular organisms
GO:0080133	cellular organisms	131567.0	root | cellular organisms
GO:0036381	cellular organisms	131567.0	root | cellular organisms
GO:0090428	Arabidopsis thaliana	3702.0	root | cellular organisms | Eukaryota | Viridiplantae | Streptophyta | Streptophytina | Embryophyta | Tracheophyta | Euphyllophyta | Spermatophyta | Magnoliopsida | Mesangiospermae | eudicotyledons | Gunneridae | Pentapetalae | rosids | malvids | Brassicales | Brassicaceae | Camelineae | Arabidopsis | Arabidopsis thaliana
GO:0017075	cellular organisms	131567.0	root | cellular organisms
GO:0051176	Unknown		
GO:0140691	root	1.0	root
GO:0006801	root	1.0	root
GO:0099617	Eukaryota	2759.0	root | cellular organisms | Eukaryota
GO:0046695	Eukaryota	2759.0	root | cellular organisms | Eukaryota
GO:0015976	cellular organisms	131567.0	root | cellular organisms
GO:0007612	Bilateria	33213.0	root | cellular organisms | Eukaryota | Opisthokonta | Metazoa | Eumetazoa | Bilateria
GO:0061025	root	1.0	root
GO:0009098	root	1.0	root
GO:0032259	root	1.0	root
GO:0044209	root	1.0	root
GO:0042318	leotiomyceta	716546.0	root | cellular organisms | Eukaryota | Opisthokonta | Fungi | Dikarya | Ascomycota | saccharomyceta | Pezizomycotina | leotiomyceta
GO:0052381	cellular organisms	131567.0	root | cellular organisms
GO:0051959	cellular organisms	131567.0	root | cellular organisms
GO:0102836	Unknown		
GO:1902659	Eukaryota	2759.0	root | cellular organisms | Eukaryota
GO:0004141	cellular organisms	131567.0	root | cellular organisms
GO:0009270	Eukaryota	2759.0	root | cellular organisms | Eukaryota
GO:0031901	Eukaryota	2759.0	root | cellular organisms | Eukaryota
GO:0005618	cellular organisms	131567.0	root | cellular organisms
GO:0031965	root	1.0	root
GO:0006725	Unknown		
GO:0090143	Unknown		
GO:0031535	Eukaryota	2759.0	root | cellular organisms | Eukaryota
GO:0032116	Eukaryota	2759.0	root | cellular organisms | Eukaryota
GO:0039520	Viruses	10239.0	root | Viruses
GO:0035050	Bilateria	33213.0	root | cellular organisms | Eukaryota | Opisthokonta | Metazoa | Eumetazoa | Bilateria
GO:0010928	Eukaryota	2759.0	root | cellular organisms | Eukaryota
GO:0002199	Bilateria	33213.0	root | cellular organisms | Eukaryota | Opisthokonta | Metazoa | Eumetazoa | Bilateria
GO:0010178	Arabidopsis thaliana	3702.0	root | cellular organisms | Eukaryota | Viridiplantae | Streptophyta | Streptophytina | Embryophyta | Tracheophyta | Euphyllophyta | Spermatophyta | Magnoliopsida | Mesangiospermae | eudicotyledons | Gunneridae | Pentapetalae | rosids | malvids | Brassicales | Brassicaceae | Camelineae | Arabidopsis | Arabidopsis thaliana
GO:0010595	Gnathostomata	7776.0	root | cellular organisms | Eukaryota | Opisthokonta | Metazoa | Eumetazoa | Bilateria | Deuterostomia | Chordata | Craniata | Vertebrata | Gnathostomata
GO:0033794	Bacteria	2.0	root | cellular organisms | Bacteria
GO:0002016	Euarchontoglires	314146.0	root | cellular organisms | Eukaryota | Opisthokonta | Metazoa | Eumetazoa | Bilateria | Deuterostomia | Chordata | Craniata | Vertebrata | Gnathostomata | Teleostomi | Euteleostomi | Sarcopterygii | Dipnotetrapodomorpha | Tetrapoda | Amniota | Mammalia | Theria | Eutheria | Boreoeutheria | Euarchontoglires
GO:0048446	Arabidopsis thaliana	3702.0	root | cellular organisms | Eukaryota | Viridiplantae | Streptophyta | Streptophytina | Embryophyta | Tracheophyta | Euphyllophyta | Spermatophyta | Magnoliopsida | Mesangiospermae | eudicotyledons | Gunneridae | Pentapetalae | rosids | malvids | Brassicales | Brassicaceae | Camelineae | Arabidopsis | Arabidopsis thaliana
GO:0048653	Magnoliopsida	3398.0	root | cellular organisms | Eukaryota | Viridiplantae | Streptophyta | Streptophytina | Embryophyta | Tracheophyta | Euphyllophyta | Spermatophyta | Magnoliopsida
GO:0021686	Sarcopterygii	8287.0	root | cellular organisms | Eukaryota | Opisthokonta | Metazoa | Eumetazoa | Bilateria | Deuterostomia | Chordata | Craniata | Vertebrata | Gnathostomata | Teleostomi | Euteleostomi | Sarcopterygii
GO:1900602	Aspergillus fumigatus Af293	330879.0	root | cellular organisms | Eukaryota | Opisthokonta | Fungi | Dikarya | Ascomycota | saccharomyceta | Pezizomycotina | leotiomyceta | Eurotiomycetes | Eurotiomycetidae | Eurotiales | Aspergillaceae | Aspergillus | Fumigati | Aspergillus fumigatus | Aspergillus fumigatus Af293
GO:0052691	cellular organisms	131567.0	root | cellular organisms
GO:0039672	Human herpesvirus 5 strain AD169	10360.0	root | Viruses | Duplodnaviria | Heunggongvirae | Peploviricota | Herviviricetes | Herpesvirales | Orthoherpesviridae | Betaherpesvirinae | Cytomegalovirus | Cytomegalovirus humanbeta5 | Human betaherpesvirus 5 | Human herpesvirus 5 strain AD169
GO:0110128	Arabidopsis thaliana	3702.0	root | cellular organisms | Eukaryota | Viridiplantae | Streptophyta | Streptophytina | Embryophyta | Tracheophyta | Euphyllophyta | Spermatophyta | Magnoliopsida | Mesangiospermae | eudicotyledons | Gunneridae | Pentapetalae | rosids | malvids | Brassicales | Brassicaceae | Camelineae | Arabidopsis | Arabidopsis thaliana
GO:0098003	Caudoviricetes	2731619.0	root | Viruses | Duplodnaviria | Heunggongvirae | Uroviricota | Caudoviricetes
GO:0035444	cellular organisms	131567.0	root | cellular organisms
GO:1903608	root	1.0	root
GO:0012511	Viridiplantae	33090.0	root | cellular organisms | Eukaryota | Viridiplantae
GO:0052934	cellular organisms	131567.0	root | cellular organisms
GO:0010842	Euteleostomi	117571.0	root | cellular organisms | Eukaryota | Opisthokonta | Metazoa | Eumetazoa | Bilateria | Deuterostomia | Chordata | Craniata | Vertebrata | Gnathostomata | Teleostomi | Euteleostomi
GO:0009887	Eukaryota	2759.0	root | cellular organisms | Eukaryota
GO:0052658	Eukaryota	2759.0	root | cellular organisms | Eukaryota
GO:0010555	Viridiplantae	33090.0	root | cellular organisms | Eukaryota | Viridiplantae
GO:0002238	Eukaryota	2759.0	root | cellular organisms | Eukaryota
GO:0080079	Eukaryota	2759.0	root | cellular organisms | Eukaryota
GO:0010569	cellular organisms	131567.0	root | cellular organisms
GO:0009920	Magnoliopsida	3398.0	root | cellular organisms | Eukaryota | Viridiplantae | Streptophyta | Streptophytina | Embryophyta | Tracheophyta | Euphyllophyta | Spermatophyta | Magnoliopsida
GO:2000378	Eukaryota	2759.0	root | cellular organisms | Eukaryota
GO:0030466	Eukaryota	2759.0	root | cellular organisms | Eukaryota
GO:0005506	root	1.0	root
GO:0010742	Amniota	32524.0	root | cellular organisms | Eukaryota | Opisthokonta | Metazoa | Eumetazoa | Bilateria | Deuterostomia | Chordata | Craniata | Vertebrata | Gnathostomata | Teleostomi | Euteleostomi | Sarcopterygii | Dipnotetrapodomorpha | Tetrapoda | Amniota
GO:0035198	Eukaryota	2759.0	root | cellular organisms | Eukaryota
GO:0009045	root	1.0	root
GO:0008509	Eukaryota	2759.0	root | cellular organisms | Eukaryota
GO:0030576	Eukaryota	2759.0	root | cellular organisms | Eukaryota
GO:0103055	Unknown		
GO:0042286	cellular organisms	131567.0	root | cellular organisms
GO:0046697	Theria	32525.0	root | cellular organisms | Eukaryota | Opisthokonta | Metazoa | Eumetazoa | Bilateria | Deuterostomia | Chordata | Craniata | Vertebrata | Gnathostomata | Teleostomi | Euteleostomi | Sarcopterygii | Dipnotetrapodomorpha | Tetrapoda | Amniota | Mammalia | Theria
GO:0010051	Brassicaceae	3700.0	root | cellular organisms | Eukaryota | Viridiplantae | Streptophyta | Streptophytina | Embryophyta | Tracheophyta | Euphyllophyta | Spermatophyta | Magnoliopsida | Mesangiospermae | eudicotyledons | Gunneridae | Pentapetalae | rosids | malvids | Brassicales | Brassicaceae
GO:0048188	Eukaryota	2759.0	root | cellular organisms | Eukaryota
GO:0043394	cellular organisms	131567.0	root | cellular organisms
GO:0090043	Euteleostomi	117571.0	root | cellular organisms | Eukaryota | Opisthokonta | Metazoa | Eumetazoa | Bilateria | Deuterostomia | Chordata | Craniata | Vertebrata | Gnathostomata | Teleostomi | Euteleostomi
GO:1903573	Euteleostomi	117571.0	root | cellular organisms | Eukaryota | Opisthokonta | Metazoa | Eumetazoa | Bilateria | Deuterostomia | Chordata | Craniata | Vertebrata | Gnathostomata | Teleostomi | Euteleostomi
GO:0032972	Amniota	32524.0	root | cellular organisms | Eukaryota | Opisthokonta | Metazoa | Eumetazoa | Bilateria | Deuterostomia | Chordata | Craniata | Vertebrata | Gnathostomata | Teleostomi | Euteleostomi | Sarcopterygii | Dipnotetrapodomorpha | Tetrapoda | Amniota
GO:1905157	Brassicaceae	3700.0	root | cellular organisms | Eukaryota | Viridiplantae | Streptophyta | Streptophytina | Embryophyta | Tracheophyta | Euphyllophyta | Spermatophyta | Magnoliopsida | Mesangiospermae | eudicotyledons | Gunneridae | Pentapetalae | rosids | malvids | Brassicales | Brassicaceae
GO:1990298	Eukaryota	2759.0	root | cellular organisms | Eukaryota
GO:0035652	Eukaryota	2759.0	root | cellular organisms | Eukaryota
GO:0099074	Amniota	32524.0	root | cellular organisms | Eukaryota | Opisthokonta | Metazoa | Eumetazoa | Bilateria | Deuterostomia | Chordata | Craniata | Vertebrata | Gnathostomata | Teleostomi | Euteleostomi | Sarcopterygii | Dipnotetrapodomorpha | Tetrapoda | Amniota
GO:0000959	Eukaryota	2759.0	root | cellular organisms | Eukaryota
GO:0015851	cellular organisms	131567.0	root | cellular organisms
GO:0016651	root	1.0	root
GO:0140708	Opisthokonta	33154.0	root | cellular organisms | Eukaryota | Opisthokonta
GO:0046976	Eukaryota	2759.0	root | cellular organisms | Eukaryota
GO:0005935	cellular organisms	131567.0	root | cellular organisms
GO:0000177	cellular organisms	131567.0	root | cellular organisms
GO:0002102	Eukaryota	2759.0	root | cellular organisms | Eukaryota
GO:0009833	Magnoliopsida	3398.0	root | cellular organisms | Eukaryota | Viridiplantae | Streptophyta | Streptophytina | Embryophyta | Tracheophyta | Euphyllophyta | Spermatophyta | Magnoliopsida
GO:0030410	cellular organisms	131567.0	root | cellular organisms
GO:0072158	Euteleostomi	117571.0	root | cellular organisms | Eukaryota | Opisthokonta | Metazoa | Eumetazoa | Bilateria | Deuterostomia | Chordata | Craniata | Vertebrata | Gnathostomata | Teleostomi | Euteleostomi
GO:0051415	Eukaryota	2759.0	root | cellular organisms | Eukaryota
GO:0033384	root	1.0	root
GO:0010420	cellular organisms	131567.0	root | cellular organisms
GO:0048538	Euteleostomi	117571.0	root | cellular organisms | Eukaryota | Opisthokonta | Metazoa | Eumetazoa | Bilateria | Deuterostomia | Chordata | Craniata | Vertebrata | Gnathostomata | Teleostomi | Euteleostomi
GO:0140318	Eukaryota	2759.0	root | cellular organisms | Eukaryota
GO:0006986	Eukaryota	2759.0	root | cellular organisms | Eukaryota
GO:0032056	Opisthokonta	33154.0	root | cellular organisms | Eukaryota | Opisthokonta
GO:0048040	root	1.0	root
GO:0030027	cellular organisms	131567.0	root | cellular organisms
GO:1903607	cellular organisms	131567.0	root | cellular organisms
GO:0033033	Amniota	32524.0	root | cellular organisms | Eukaryota | Opisthokonta | Metazoa | Eumetazoa | Bilateria | Deuterostomia | Chordata | Craniata | Vertebrata | Gnathostomata | Teleostomi | Euteleostomi | Sarcopterygii | Dipnotetrapodomorpha | Tetrapoda | Amniota
GO:0010971	Eukaryota	2759.0	root | cellular organisms | Eukaryota
GO:0000217	cellular organisms	131567.0	root | cellular organisms
GO:0031638	cellular organisms	131567.0	root | cellular organisms
GO:0008551	cellular organisms	131567.0	root | cellular organisms
GO:0090417	Embryophyta	3193.0	root | cellular organisms | Eukaryota | Viridiplantae | Streptophyta | Streptophytina | Embryophyta
GO:0008430	cellular organisms	131567.0	root | cellular organisms
GO:0019216	cellular organisms	131567.0	root | cellular organisms
GO:0019209	root	1.0	root
GO:0039547	Unknown		
GO:1901969	Unknown		
GO:0090399	Opisthokonta	33154.0	root | cellular organisms | Eukaryota | Opisthokonta
GO:0008312	root	1.0	root
GO:0007606	Metazoa	33208.0	root | cellular organisms | Eukaryota | Opisthokonta | Metazoa
GO:0005452	cellular organisms	131567.0	root | cellular organisms
GO:0020037	Unknown		330876
GO:0016855	cellular organisms	131567.0	root | cellular organisms
GO:0008955	cellular organisms	131567.0	root | cellular organisms
GO:0033234	cellular organisms	131567.0	root | cellular organisms
GO:0005683	Eukaryota	2759.0	root | cellular organisms | Eukaryota
GO:0000271	root	1.0	root
GO:0006839	Eukaryota	2759.0	root | cellular organisms | Eukaryota
GO:1990050	Eukaryota	2759.0	root | cellular organisms | Eukaryota
GO:0016925	root	1.0	root
GO:0055092	Eukaryota	2759.0	root | cellular organisms | Eukaryota
GO:0035872	Amniota	32524.0	root | cellular organisms | Eukaryota | Opisthokonta | Metazoa | Eumetazoa | Bilateria | Deuterostomia | Chordata | Craniata | Vertebrata | Gnathostomata | Teleostomi | Euteleostomi | Sarcopterygii | Dipnotetrapodomorpha | Tetrapoda | Amniota
GO:0097413	Euteleostomi	117571.0	root | cellular organisms | Eukaryota | Opisthokonta | Metazoa | Eumetazoa | Bilateria | Deuterostomia | Chordata | Craniata | Vertebrata | Gnathostomata | Teleostomi | Euteleostomi
GO:0008526	cellular organisms	131567.0	root | cellular organisms
GO:0005764	root	1.0	root
GO:0045542	Euteleostomi	117571.0	root | cellular organisms | Eukaryota | Opisthokonta | Metazoa | Eumetazoa | Bilateria | Deuterostomia | Chordata | Craniata | Vertebrata | Gnathostomata | Teleostomi | Euteleostomi
GO:0044390	Eukaryota	2759.0	root | cellular organisms | Eukaryota
GO:0005849	Eukaryota	2759.0	root | cellular organisms | Eukaryota
GO:0001889	Vertebrata	7742.0	root | cellular organisms | Eukaryota | Opisthokonta | Metazoa | Eumetazoa | Bilateria | Deuterostomia | Chordata | Craniata | Vertebrata
GO:0019898	cellular organisms	131567.0	root | cellular organisms
GO:0050767	Eumetazoa	6072.0	root | cellular organisms | Eukaryota | Opisthokonta | Metazoa | Eumetazoa
GO:0016002	Unknown		
GO:0042043	cellular organisms	131567.0	root | cellular organisms
GO:0005786	Eukaryota	2759.0	root | cellular organisms | Eukaryota
GO:0102549	Unknown		
GO:0043679	Bilateria	33213.0	root | cellular organisms | Eukaryota | Opisthokonta | Metazoa | Eumetazoa | Bilateria
GO:0004028	cellular organisms	131567.0	root | cellular organisms
GO:0016633	cellular organisms	131567.0	root | cellular organisms
GO:0006287	Eukaryota	2759.0	root | cellular organisms | Eukaryota
GO:1904643	Eukaryota	2759.0	root | cellular organisms | Eukaryota
GO:0070897	root	1.0	root
GO:0050284	Eukaryota	2759.0	root | cellular organisms | Eukaryota
GO:0060756	Rhabditida	6236.0	root | cellular organisms | Eukaryota | Opisthokonta | Metazoa | Eumetazoa | Bilateria | Protostomia | Ecdysozoa | Nematoda | Chromadorea | Rhabditida
GO:0043139	root	1.0	root
GO:0031442	Opisthokonta	33154.0	root | cellular organisms | Eukaryota | Opisthokonta
GO:0030727	Drosophila	7215.0	root | cellular organisms | Eukaryota | Opisthokonta | Metazoa | Eumetazoa | Bilateria | Protostomia | Ecdysozoa | Panarthropoda | Arthropoda | Mandibulata | Pancrustacea | Altocrustacea | Allotriocarida | Hexapoda | Insecta | Dicondylia | Pterygota | Neoptera | Eumetabola | Endopterygota | Aparaglossata | Panorpida | Diptera | Brachycera | Muscomorpha | Eremoneura | Cyclorrhapha | Schizophora | Acalyptratae | Ephydroidea | Drosophilidae | Drosophilinae | Drosophilini | Drosophila
GO:0015248	Unknown		
GO:0033630	Euteleostomi	117571.0	root | cellular organisms | Eukaryota | Opisthokonta | Metazoa | Eumetazoa | Bilateria | Deuterostomia | Chordata | Craniata | Vertebrata | Gnathostomata | Teleostomi | Euteleostomi
GO:0090241	Unknown		
GO:0030282	Vertebrata	7742.0	root | cellular organisms | Eukaryota | Opisthokonta | Metazoa | Eumetazoa | Bilateria | Deuterostomia | Chordata | Craniata | Vertebrata
GO:0061762	Opisthokonta	33154.0	root | cellular organisms | Eukaryota | Opisthokonta
GO:0022821	cellular organisms	131567.0	root | cellular organisms
GO:0090084	Amniota	32524.0	root | cellular organisms | Eukaryota | Opisthokonta | Metazoa | Eumetazoa | Bilateria | Deuterostomia | Chordata | Craniata | Vertebrata | Gnathostomata | Teleostomi | Euteleostomi | Sarcopterygii | Dipnotetrapodomorpha | Tetrapoda | Amniota
GO:0032300	cellular organisms	131567.0	root | cellular organisms
GO:0030015	Eukaryota	2759.0	root | cellular organisms | Eukaryota
GO:0008378	cellular organisms	131567.0	root | cellular organisms
GO:0070814	cellular organisms	131567.0	root | cellular organisms
GO:0090602	Arabidopsis thaliana	3702.0	root | cellular organisms | Eukaryota | Viridiplantae | Streptophyta | Streptophytina | Embryophyta | Tracheophyta | Euphyllophyta | Spermatophyta | Magnoliopsida | Mesangiospermae | eudicotyledons | Gunneridae | Pentapetalae | rosids | malvids | Brassicales | Brassicaceae | Camelineae | Arabidopsis | Arabidopsis thaliana
GO:0032286	Vertebrata	7742.0	root | cellular organisms | Eukaryota | Opisthokonta | Metazoa | Eumetazoa | Bilateria | Deuterostomia | Chordata | Craniata | Vertebrata
GO:0046392	cellular organisms	131567.0	root | cellular organisms
GO:0051553	Mesangiospermae	1437183.0	root | cellular organisms | Eukaryota | Viridiplantae | Streptophyta | Streptophytina | Embryophyta | Tracheophyta | Euphyllophyta | Spermatophyta | Magnoliopsida | Mesangiospermae
GO:0006811	Unknown		1554481
GO:0004556	root	1.0	root
GO:0001931	Eukaryota	2759.0	root | cellular organisms | Eukaryota
GO:0030847	Eukaryota	2759.0	root | cellular organisms | Eukaryota
GO:1904669	Opisthokonta	33154.0	root | cellular organisms | Eukaryota | Opisthokonta
GO:0140834	Opisthokonta	33154.0	root | cellular organisms | Eukaryota | Opisthokonta
GO:0045330	Unknown		
GO:0009512	cellular organisms	131567.0	root | cellular organisms
GO:0006283	cellular organisms	131567.0	root | cellular organisms
GO:0002094	Unknown		
GO:0000394	cellular organisms	131567.0	root | cellular organisms
GO:0008643	root	1.0	root
GO:1902183	Viridiplantae	33090.0	root | cellular organisms | Eukaryota | Viridiplantae
GO:1904985	Eukaryota	2759.0	root | cellular organisms | Eukaryota
GO:0106147	Arabidopsis thaliana	3702.0	root | cellular organisms | Eukaryota | Viridiplantae | Streptophyta | Streptophytina | Embryophyta | Tracheophyta | Euphyllophyta | Spermatophyta | Magnoliopsida | Mesangiospermae | eudicotyledons | Gunneridae | Pentapetalae | rosids | malvids | Brassicales | Brassicaceae | Camelineae | Arabidopsis | Arabidopsis thaliana
GO:0010470	Bilateria	33213.0	root | cellular organisms | Eukaryota | Opisthokonta | Metazoa | Eumetazoa | Bilateria
GO:0071885	cellular organisms	131567.0	root | cellular organisms
GO:1990757	cellular organisms	131567.0	root | cellular organisms
GO:0008444	cellular organisms	131567.0	root | cellular organisms
GO:0048759	Pentapetalae	1437201.0	root | cellular organisms | Eukaryota | Viridiplantae | Streptophyta | Streptophytina | Embryophyta | Tracheophyta | Euphyllophyta | Spermatophyta | Magnoliopsida | Mesangiospermae | eudicotyledons | Gunneridae | Pentapetalae
GO:0034727	Eukaryota	2759.0	root | cellular organisms | Eukaryota
GO:0004691	cellular organisms	131567.0	root | cellular organisms
GO:0048511	cellular organisms	131567.0	root | cellular organisms
GO:0010488	Embryophyta	3193.0	root | cellular organisms | Eukaryota | Viridiplantae | Streptophyta | Streptophytina | Embryophyta
GO:0090501	Unknown		
GO:0016035	root	1.0	root
GO:0046104	cellular organisms	131567.0	root | cellular organisms
GO:0009964	Arabidopsis thaliana	3702.0	root | cellular organisms | Eukaryota | Viridiplantae | Streptophyta | Streptophytina | Embryophyta | Tracheophyta | Euphyllophyta | Spermatophyta | Magnoliopsida | Mesangiospermae | eudicotyledons | Gunneridae | Pentapetalae | rosids | malvids | Brassicales | Brassicaceae | Camelineae | Arabidopsis | Arabidopsis thaliana
GO:0031362	Unknown		
GO:0001750	Eumetazoa	6072.0	root | cellular organisms | Eukaryota | Opisthokonta | Metazoa | Eumetazoa
GO:0140618	cellular organisms	131567.0	root | cellular organisms
GO:1904383	Eukaryota	2759.0	root | cellular organisms | Eukaryota
GO:0035036	Bilateria	33213.0	root | cellular organisms | Eukaryota | Opisthokonta | Metazoa | Eumetazoa | Bilateria
GO:0005198	Unknown		3470597
GO:0001822	Gnathostomata	7776.0	root | cellular organisms | Eukaryota | Opisthokonta | Metazoa | Eumetazoa | Bilateria | Deuterostomia | Chordata | Craniata | Vertebrata | Gnathostomata
GO:0008477	cellular organisms	131567.0	root | cellular organisms
GO:0005758	Eukaryota	2759.0	root | cellular organisms | Eukaryota
GO:0009739	Eukaryota	2759.0	root | cellular organisms | Eukaryota
GO:0034008	cellular organisms	131567.0	root | cellular organisms
GO:0030121	Eukaryota	2759.0	root | cellular organisms | Eukaryota
GO:0035721	Eukaryota	2759.0	root | cellular organisms | Eukaryota
GO:0009846	Viridiplantae	33090.0	root | cellular organisms | Eukaryota | Viridiplantae
GO:0034755	cellular organisms	131567.0	root | cellular organisms
GO:0033621	Fungi	4751.0	root | cellular organisms | Eukaryota | Opisthokonta | Fungi
GO:0002083	Unknown		
GO:0007626	Bilateria	33213.0	root | cellular organisms | Eukaryota | Opisthokonta | Metazoa | Eumetazoa | Bilateria
GO:0080065	Arabidopsis thaliana	3702.0	root | cellular organisms | Eukaryota | Viridiplantae | Streptophyta | Streptophytina | Embryophyta | Tracheophyta | Euphyllophyta | Spermatophyta | Magnoliopsida | Mesangiospermae | eudicotyledons | Gunneridae | Pentapetalae | rosids | malvids | Brassicales | Brassicaceae | Camelineae | Arabidopsis | Arabidopsis thaliana
GO:0046417	root	1.0	root
GO:0052637	Unknown		
GO:0043726	cellular organisms	131567.0	root | cellular organisms
GO:0031032	cellular organisms	131567.0	root | cellular organisms
GO:0046085	cellular organisms	131567.0	root | cellular organisms
GO:0031060	Unknown		
GO:0031641	Bilateria	33213.0	root | cellular organisms | Eukaryota | Opisthokonta | Metazoa | Eumetazoa | Bilateria
GO:0090382	Eukaryota	2759.0	root | cellular organisms | Eukaryota
GO:0006659	Eukaryota	2759.0	root | cellular organisms | Eukaryota
GO:0003979	root	1.0	root
GO:0005358	Eukaryota	2759.0	root | cellular organisms | Eukaryota
GO:0051646	Eukaryota	2759.0	root | cellular organisms | Eukaryota
GO:1900367	Embryophyta	3193.0	root | cellular organisms | Eukaryota | Viridiplantae | Streptophyta | Streptophytina | Embryophyta
GO:0010821	Eukaryota	2759.0	root | cellular organisms | Eukaryota
GO:0006045	cellular organisms	131567.0	root | cellular organisms
GO:2000082	Arabidopsis thaliana	3702.0	root | cellular organisms | Eukaryota | Viridiplantae | Streptophyta | Streptophytina | Embryophyta | Tracheophyta | Euphyllophyta | Spermatophyta | Magnoliopsida | Mesangiospermae | eudicotyledons | Gunneridae | Pentapetalae | rosids | malvids | Brassicales | Brassicaceae | Camelineae | Arabidopsis | Arabidopsis thaliana
GO:0005615	Unknown		
GO:0036464	cellular organisms	131567.0	root | cellular organisms
GO:0033494	cellular organisms	131567.0	root | cellular organisms
GO:0043295	cellular organisms	131567.0	root | cellular organisms
GO:0046622	Eukaryota	2759.0	root | cellular organisms | Eukaryota
GO:0046834	Eukaryota	2759.0	root | cellular organisms | Eukaryota
GO:0021903	Euteleostomi	117571.0	root | cellular organisms | Eukaryota | Opisthokonta | Metazoa | Eumetazoa | Bilateria | Deuterostomia | Chordata | Craniata | Vertebrata | Gnathostomata | Teleostomi | Euteleostomi
GO:0050687	root	1.0	root
GO:1901215	Unknown		
GO:0007276	Eukaryota	2759.0	root | cellular organisms | Eukaryota
GO:0071013	Eukaryota	2759.0	root | cellular organisms | Eukaryota
GO:0090431	Arabidopsis thaliana	3702.0	root | cellular organisms | Eukaryota | Viridiplantae | Streptophyta | Streptophytina | Embryophyta | Tracheophyta | Euphyllophyta | Spermatophyta | Magnoliopsida | Mesangiospermae | eudicotyledons | Gunneridae | Pentapetalae | rosids | malvids | Brassicales | Brassicaceae | Camelineae | Arabidopsis | Arabidopsis thaliana
GO:0051170	cellular organisms	131567.0	root | cellular organisms
GO:0005488	Euarchontoglires	314146.0	root | cellular organisms | Eukaryota | Opisthokonta | Metazoa | Eumetazoa | Bilateria | Deuterostomia | Chordata | Craniata | Vertebrata | Gnathostomata | Teleostomi | Euteleostomi | Sarcopterygii | Dipnotetrapodomorpha | Tetrapoda | Amniota | Mammalia | Theria | Eutheria | Boreoeutheria | Euarchontoglires
GO:0046972	Eukaryota	2759.0	root | cellular organisms | Eukaryota
GO:0007510	Ecdysozoa	1206794.0	root | cellular organisms | Eukaryota | Opisthokonta | Metazoa | Eumetazoa | Bilateria | Protostomia | Ecdysozoa
GO:2000672	Bilateria	33213.0	root | cellular organisms | Eukaryota | Opisthokonta | Metazoa | Eumetazoa | Bilateria
GO:1901029	Opisthokonta	33154.0	root | cellular organisms | Eukaryota | Opisthokonta
GO:0003955	root	1.0	root
GO:0045437	root	1.0	root
GO:0010308	cellular organisms	131567.0	root | cellular organisms
GO:0010015	Embryophyta	3193.0	root | cellular organisms | Eukaryota | Viridiplantae | Streptophyta | Streptophytina | Embryophyta
GO:0030411	Eukaryota	2759.0	root | cellular organisms | Eukaryota
GO:0060566	cellular organisms	131567.0	root | cellular organisms
GO:0102871	Unknown		
GO:0036132	Unknown		
GO:0000932	cellular organisms	131567.0	root | cellular organisms
GO:0015131	Eukaryota	2759.0	root | cellular organisms | Eukaryota
GO:0102521	cellular organisms	131567.0	root | cellular organisms
GO:0005730	Eukaryota	2759.0	root | cellular organisms | Eukaryota
GO:0033836	rosids	71275.0	root | cellular organisms | Eukaryota | Viridiplantae | Streptophyta | Streptophytina | Embryophyta | Tracheophyta | Euphyllophyta | Spermatophyta | Magnoliopsida | Mesangiospermae | eudicotyledons | Gunneridae | Pentapetalae | rosids
GO:0070034	cellular organisms	131567.0	root | cellular organisms
GO:0005667	root	1.0	root
GO:1900246	Euteleostomi	117571.0	root | cellular organisms | Eukaryota | Opisthokonta | Metazoa | Eumetazoa | Bilateria | Deuterostomia | Chordata | Craniata | Vertebrata | Gnathostomata | Teleostomi | Euteleostomi
GO:0097428	Unknown		
GO:0000923	Fungi	4751.0	root | cellular organisms | Eukaryota | Opisthokonta | Fungi
GO:0010048	cellular organisms	131567.0	root | cellular organisms
GO:0034484	cellular organisms	131567.0	root | cellular organisms
GO:0052722	Eukaryota	2759.0	root | cellular organisms | Eukaryota
GO:0007105	cellular organisms	131567.0	root | cellular organisms
GO:0097250	cellular organisms	131567.0	root | cellular organisms
GO:0070201	Bilateria	33213.0	root | cellular organisms | Eukaryota | Opisthokonta | Metazoa | Eumetazoa | Bilateria
GO:0030261	root	1.0	root
GO:0022027	Eukaryota	2759.0	root | cellular organisms | Eukaryota
GO:0008672	cellular organisms	131567.0	root | cellular organisms
GO:0044205	root	1.0	root
GO:0090385	Eukaryota	2759.0	root | cellular organisms | Eukaryota
GO:0016127	Pentapetalae	1437201.0	root | cellular organisms | Eukaryota | Viridiplantae | Streptophyta | Streptophytina | Embryophyta | Tracheophyta | Euphyllophyta | Spermatophyta | Magnoliopsida | Mesangiospermae | eudicotyledons | Gunneridae | Pentapetalae
GO:0046827	Eukaryota	2759.0	root | cellular organisms | Eukaryota
GO:0140627	root	1.0	root
GO:0017050	Unknown		
GO:0005513	Eukaryota	2759.0	root | cellular organisms | Eukaryota
GO:0033151	Metazoa	33208.0	root | cellular organisms | Eukaryota | Opisthokonta | Metazoa
GO:0140220	Evosea	2605435.0	root | cellular organisms | Eukaryota | Amoebozoa | Evosea
GO:0061709	Eukaryota	2759.0	root | cellular organisms | Eukaryota
GO:0045824	root	1.0	root
GO:0061065	Rhabditida	6236.0	root | cellular organisms | Eukaryota | Opisthokonta | Metazoa | Eumetazoa | Bilateria | Protostomia | Ecdysozoa | Nematoda | Chromadorea | Rhabditida
GO:0016207	cellular organisms	131567.0	root | cellular organisms
GO:0052325	Viridiplantae	33090.0	root | cellular organisms | Eukaryota | Viridiplantae
GO:0030981	Eukaryota	2759.0	root | cellular organisms | Eukaryota
GO:0015768	cellular organisms	131567.0	root | cellular organisms
GO:0010047	Magnoliopsida	3398.0	root | cellular organisms | Eukaryota | Viridiplantae | Streptophyta | Streptophytina | Embryophyta | Tracheophyta | Euphyllophyta | Spermatophyta | Magnoliopsida
GO:0034511	cellular organisms	131567.0	root | cellular organisms
GO:0016922	Eukaryota	2759.0	root | cellular organisms | Eukaryota
GO:1903775	cellular organisms	131567.0	root | cellular organisms
GO:0043066	root	1.0	root
GO:0051724	Eukaryota	2759.0	root | cellular organisms | Eukaryota
GO:0080072	Pentapetalae	1437201.0	root | cellular organisms | Eukaryota | Viridiplantae | Streptophyta | Streptophytina | Embryophyta | Tracheophyta | Euphyllophyta | Spermatophyta | Magnoliopsida | Mesangiospermae | eudicotyledons | Gunneridae | Pentapetalae
GO:0072755	Unknown		
GO:0009410	root	1.0	root
GO:0008936	root	1.0	root
GO:0000245	Eukaryota	2759.0	root | cellular organisms | Eukaryota
GO:0000800	Eukaryota	2759.0	root | cellular organisms | Eukaryota
GO:0048407	Vertebrata	7742.0	root | cellular organisms | Eukaryota | Opisthokonta | Metazoa | Eumetazoa | Bilateria | Deuterostomia | Chordata | Craniata | Vertebrata
GO:0030941	Pentapetalae	1437201.0	root | cellular organisms | Eukaryota | Viridiplantae | Streptophyta | Streptophytina | Embryophyta | Tracheophyta | Euphyllophyta | Spermatophyta | Magnoliopsida | Mesangiospermae | eudicotyledons | Gunneridae | Pentapetalae
GO:0030437	Ascomycota	4890.0	root | cellular organisms | Eukaryota | Opisthokonta | Fungi | Dikarya | Ascomycota
GO:0006082	Unknown		
GO:0016076	Euarchontoglires	314146.0	root | cellular organisms | Eukaryota | Opisthokonta | Metazoa | Eumetazoa | Bilateria | Deuterostomia | Chordata | Craniata | Vertebrata | Gnathostomata | Teleostomi | Euteleostomi | Sarcopterygii | Dipnotetrapodomorpha | Tetrapoda | Amniota | Mammalia | Theria | Eutheria | Boreoeutheria | Euarchontoglires
GO:0010186	Eukaryota	2759.0	root | cellular organisms | Eukaryota
GO:0042826	cellular organisms	131567.0	root | cellular organisms
GO:0004842	root	1.0	root
GO:0007052	Eukaryota	2759.0	root | cellular organisms | Eukaryota
GO:0070716	cellular organisms	131567.0	root | cellular organisms
GO:0006777	root	1.0	root
GO:0032221	Eukaryota	2759.0	root | cellular organisms | Eukaryota
GO:0071481	Bilateria	33213.0	root | cellular organisms | Eukaryota | Opisthokonta | Metazoa | Eumetazoa | Bilateria
GO:0004310	Unknown		
GO:0034051	Magnoliopsida	3398.0	root | cellular organisms | Eukaryota | Viridiplantae | Streptophyta | Streptophytina | Embryophyta | Tracheophyta | Euphyllophyta | Spermatophyta | Magnoliopsida
GO:0006388	root	1.0	root
GO:0000819	cellular organisms	131567.0	root | cellular organisms
GO:0006432	cellular organisms	131567.0	root | cellular organisms
GO:0019217	cellular organisms	131567.0	root | cellular organisms
GO:0006868	cellular organisms	131567.0	root | cellular organisms
GO:0030597	Viridiplantae	33090.0	root | cellular organisms | Eukaryota | Viridiplantae
GO:0000729	cellular organisms	131567.0	root | cellular organisms
GO:0010085	Bilateria	33213.0	root | cellular organisms | Eukaryota | Opisthokonta | Metazoa | Eumetazoa | Bilateria
GO:0102240	Mesangiospermae	1437183.0	root | cellular organisms | Eukaryota | Viridiplantae | Streptophyta | Streptophytina | Embryophyta | Tracheophyta | Euphyllophyta | Spermatophyta | Magnoliopsida | Mesangiospermae
GO:0017103	cellular organisms	131567.0	root | cellular organisms
GO:0004076	cellular organisms	131567.0	root | cellular organisms
GO:0010329	Viridiplantae	33090.0	root | cellular organisms | Eukaryota | Viridiplantae
GO:0080093	Arabidopsis thaliana	3702.0	root | cellular organisms | Eukaryota | Viridiplantae | Streptophyta | Streptophytina | Embryophyta | Tracheophyta | Euphyllophyta | Spermatophyta | Magnoliopsida | Mesangiospermae | eudicotyledons | Gunneridae | Pentapetalae | rosids | malvids | Brassicales | Brassicaceae | Camelineae | Arabidopsis | Arabidopsis thaliana
GO:0110078	Eukaryota	2759.0	root | cellular organisms | Eukaryota
GO:0048489	Eukaryota	2759.0	root | cellular organisms | Eukaryota
GO:0009959	Embryophyta	3193.0	root | cellular organisms | Eukaryota | Viridiplantae | Streptophyta | Streptophytina | Embryophyta
GO:0070601	Pentapetalae	1437201.0	root | cellular organisms | Eukaryota | Viridiplantae | Streptophyta | Streptophytina | Embryophyta | Tracheophyta | Euphyllophyta | Spermatophyta | Magnoliopsida | Mesangiospermae | eudicotyledons | Gunneridae | Pentapetalae
GO:0032696	Amniota	32524.0	root | cellular organisms | Eukaryota | Opisthokonta | Metazoa | Eumetazoa | Bilateria | Deuterostomia | Chordata | Craniata | Vertebrata | Gnathostomata | Teleostomi | Euteleostomi | Sarcopterygii | Dipnotetrapodomorpha | Tetrapoda | Amniota
GO:0002528	Amniota	32524.0	root | cellular organisms | Eukaryota | Opisthokonta | Metazoa | Eumetazoa | Bilateria | Deuterostomia | Chordata | Craniata | Vertebrata | Gnathostomata | Teleostomi | Euteleostomi | Sarcopterygii | Dipnotetrapodomorpha | Tetrapoda | Amniota
GO:0090333	cellular organisms	131567.0	root | cellular organisms
GO:0043968	Unknown		
GO:0009187	cellular organisms	131567.0	root | cellular organisms
GO:0033808	Spermatophyta	58024.0	root | cellular organisms | Eukaryota | Viridiplantae | Streptophyta | Streptophytina | Embryophyta | Tracheophyta | Euphyllophyta | Spermatophyta
GO:0000796	cellular organisms	131567.0	root | cellular organisms
GO:0009916	root	1.0	root
GO:0030943	cellular organisms	131567.0	root | cellular organisms
GO:0010585	Eukaryota	2759.0	root | cellular organisms | Eukaryota
GO:0048448	Arabidopsis thaliana	3702.0	root | cellular organisms | Eukaryota | Viridiplantae | Streptophyta | Streptophytina | Embryophyta | Tracheophyta | Euphyllophyta | Spermatophyta | Magnoliopsida | Mesangiospermae | eudicotyledons | Gunneridae | Pentapetalae | rosids | malvids | Brassicales | Brassicaceae | Camelineae | Arabidopsis | Arabidopsis thaliana
GO:0004965	Eukaryota	2759.0	root | cellular organisms | Eukaryota
GO:0048812	Opisthokonta	33154.0	root | cellular organisms | Eukaryota | Opisthokonta
GO:0004764	cellular organisms	131567.0	root | cellular organisms
GO:0007219	root	1.0	root
GO:0000122	root	1.0	root
GO:0051289	cellular organisms	131567.0	root | cellular organisms
GO:0042594	cellular organisms	131567.0	root | cellular organisms
GO:0007034	cellular organisms	131567.0	root | cellular organisms
GO:0080157	rosids	71275.0	root | cellular organisms | Eukaryota | Viridiplantae | Streptophyta | Streptophytina | Embryophyta | Tracheophyta | Euphyllophyta | Spermatophyta | Magnoliopsida | Mesangiospermae | eudicotyledons | Gunneridae | Pentapetalae | rosids
GO:0052815	cellular organisms	131567.0	root | cellular organisms
GO:0006266	Unknown		
GO:0080098	Brassicaceae	3700.0	root | cellular organisms | Eukaryota | Viridiplantae | Streptophyta | Streptophytina | Embryophyta | Tracheophyta | Euphyllophyta | Spermatophyta | Magnoliopsida | Mesangiospermae | eudicotyledons | Gunneridae | Pentapetalae | rosids | malvids | Brassicales | Brassicaceae
GO:0016050	cellular organisms	131567.0	root | cellular organisms
GO:0036503	root	1.0	root
GO:0007186	root	1.0	root
GO:0031371	Opisthokonta	33154.0	root | cellular organisms | Eukaryota | Opisthokonta
GO:0006891	cellular organisms	131567.0	root | cellular organisms
GO:0009960	Spermatophyta	58024.0	root | cellular organisms | Eukaryota | Viridiplantae | Streptophyta | Streptophytina | Embryophyta | Tracheophyta | Euphyllophyta | Spermatophyta
GO:0060736	Tetrapoda	32523.0	root | cellular organisms | Eukaryota | Opisthokonta | Metazoa | Eumetazoa | Bilateria | Deuterostomia | Chordata | Craniata | Vertebrata | Gnathostomata | Teleostomi | Euteleostomi | Sarcopterygii | Dipnotetrapodomorpha | Tetrapoda
GO:1900221	Amniota	32524.0	root | cellular organisms | Eukaryota | Opisthokonta | Metazoa | Eumetazoa | Bilateria | Deuterostomia | Chordata | Craniata | Vertebrata | Gnathostomata | Teleostomi | Euteleostomi | Sarcopterygii | Dipnotetrapodomorpha | Tetrapoda | Amniota
GO:0005847	Eukaryota	2759.0	root | cellular organisms | Eukaryota
GO:0034991	Unknown		
GO:0010430	cellular organisms	131567.0	root | cellular organisms
GO:0102121	Unknown		
GO:0009411	root	1.0	root
GO:0046966	Vertebrata	7742.0	root | cellular organisms | Eukaryota | Opisthokonta | Metazoa | Eumetazoa | Bilateria | Deuterostomia | Chordata | Craniata | Vertebrata
GO:0047760	Unknown		
GO:0000500	Eukaryota	2759.0	root | cellular organisms | Eukaryota
GO:0008519	cellular organisms	131567.0	root | cellular organisms
GO:0048363	Arabidopsis thaliana	3702.0	root | cellular organisms | Eukaryota | Viridiplantae | Streptophyta | Streptophytina | Embryophyta | Tracheophyta | Euphyllophyta | Spermatophyta | Magnoliopsida | Mesangiospermae | eudicotyledons | Gunneridae | Pentapetalae | rosids | malvids | Brassicales | Brassicaceae | Camelineae | Arabidopsis | Arabidopsis thaliana
GO:0030775	Mesangiospermae	1437183.0	root | cellular organisms | Eukaryota | Viridiplantae | Streptophyta | Streptophytina | Embryophyta | Tracheophyta | Euphyllophyta | Spermatophyta | Magnoliopsida | Mesangiospermae
GO:0097708	Eukaryota	2759.0	root | cellular organisms | Eukaryota
GO:0070059	Eukaryota	2759.0	root | cellular organisms | Eukaryota
GO:0046621	Eukaryota	2759.0	root | cellular organisms | Eukaryota
GO:0102767	Glycine max	3847.0	root | cellular organisms | Eukaryota | Viridiplantae | Streptophyta | Streptophytina | Embryophyta | Tracheophyta | Euphyllophyta | Spermatophyta | Magnoliopsida | Mesangiospermae | eudicotyledons | Gunneridae | Pentapetalae | rosids | fabids | Fabales | Fabaceae | Papilionoideae | 50 kb inversion clade | NPAAA clade | indigoferoid/millettioid clade | Phaseoleae | Glycine | Glycine subgen. Soja | Glycine max
GO:0106310	Unknown		3470597
GO:0009569	Viridiplantae	33090.0	root | cellular organisms | Eukaryota | Viridiplantae
GO:0000978	root	1.0	root
GO:0004370	cellular organisms	131567.0	root | cellular organisms
GO:0043447	Magnoliopsida	3398.0	root | cellular organisms | Eukaryota | Viridiplantae | Streptophyta | Streptophytina | Embryophyta | Tracheophyta | Euphyllophyta | Spermatophyta | Magnoliopsida
GO:0045428	Eukaryota	2759.0	root | cellular organisms | Eukaryota
GO:0004142	cellular organisms	131567.0	root | cellular organisms
GO:0042130	cellular organisms	131567.0	root | cellular organisms
GO:0030421	Bilateria	33213.0	root | cellular organisms | Eukaryota | Opisthokonta | Metazoa | Eumetazoa | Bilateria
GO:0010044	Eukaryota	2759.0	root | cellular organisms | Eukaryota
GO:0010942	Unknown		
GO:0005247	cellular organisms	131567.0	root | cellular organisms
GO:1902660	cellular organisms	131567.0	root | cellular organisms
GO:0032354	Euteleostomi	117571.0	root | cellular organisms | Eukaryota | Opisthokonta | Metazoa | Eumetazoa | Bilateria | Deuterostomia | Chordata | Craniata | Vertebrata | Gnathostomata | Teleostomi | Euteleostomi
GO:0008330	cellular organisms	131567.0	root | cellular organisms
GO:0009968	root	1.0	root
GO:0033138	cellular organisms	131567.0	root | cellular organisms
GO:0019048	Unknown		
GO:0097009	Eukaryota	2759.0	root | cellular organisms | Eukaryota
GO:0050801	cellular organisms	131567.0	root | cellular organisms
GO:0005737	root	1.0	root
GO:0016627	root	1.0	root
GO:0005388	root	1.0	root
GO:0004150	root	1.0	root
GO:1990538	Magnoliopsida	3398.0	root | cellular organisms | Eukaryota | Viridiplantae | Streptophyta | Streptophytina | Embryophyta | Tracheophyta | Euphyllophyta | Spermatophyta | Magnoliopsida
GO:1901857	cellular organisms	131567.0	root | cellular organisms
GO:2000347	root	1.0	root
GO:0070125	Eukaryota	2759.0	root | cellular organisms | Eukaryota
GO:0050982	cellular organisms	131567.0	root | cellular organisms
GO:0004838	cellular organisms	131567.0	root | cellular organisms
GO:0046475	cellular organisms	131567.0	root | cellular organisms
GO:0003935	root	1.0	root
GO:0032324	root	1.0	root
GO:0071104	Amniota	32524.0	root | cellular organisms | Eukaryota | Opisthokonta | Metazoa | Eumetazoa | Bilateria | Deuterostomia | Chordata | Craniata | Vertebrata | Gnathostomata | Teleostomi | Euteleostomi | Sarcopterygii | Dipnotetrapodomorpha | Tetrapoda | Amniota
GO:0005391	cellular organisms	131567.0	root | cellular organisms
GO:0044373	Mesangiospermae	1437183.0	root | cellular organisms | Eukaryota | Viridiplantae | Streptophyta | Streptophytina | Embryophyta | Tracheophyta | Euphyllophyta | Spermatophyta | Magnoliopsida | Mesangiospermae
GO:0048509	Magnoliopsida	3398.0	root | cellular organisms | Eukaryota | Viridiplantae | Streptophyta | Streptophytina | Embryophyta | Tracheophyta | Euphyllophyta | Spermatophyta | Magnoliopsida
GO:0035563	Eukaryota	2759.0	root | cellular organisms | Eukaryota
GO:0016464	Viridiplantae	33090.0	root | cellular organisms | Eukaryota | Viridiplantae
GO:0042412	Metazoa	33208.0	root | cellular organisms | Eukaryota | Opisthokonta | Metazoa
GO:0001156	cellular organisms	131567.0	root | cellular organisms
GO:0005835	cellular organisms	131567.0	root | cellular organisms
GO:1901031	cellular organisms	131567.0	root | cellular organisms
GO:0051494	root	1.0	root
GO:0110104	Eukaryota	2759.0	root | cellular organisms | Eukaryota
GO:0031429	Eukaryota	2759.0	root | cellular organisms | Eukaryota
GO:0043985	Unknown		
GO:0030276	cellular organisms	131567.0	root | cellular organisms
GO:0071586	cellular organisms	131567.0	root | cellular organisms
GO:0000023	cellular organisms	131567.0	root | cellular organisms
GO:0010667	Euteleostomi	117571.0	root | cellular organisms | Eukaryota | Opisthokonta | Metazoa | Eumetazoa | Bilateria | Deuterostomia | Chordata | Craniata | Vertebrata | Gnathostomata | Teleostomi | Euteleostomi
GO:0002520	Bilateria	33213.0	root | cellular organisms | Eukaryota | Opisthokonta | Metazoa | Eumetazoa | Bilateria
GO:0050105	cellular organisms	131567.0	root | cellular organisms
GO:0036440	cellular organisms	131567.0	root | cellular organisms
GO:0071459	Opisthokonta	33154.0	root | cellular organisms | Eukaryota | Opisthokonta
GO:1901747	Mesangiospermae	1437183.0	root | cellular organisms | Eukaryota | Viridiplantae | Streptophyta | Streptophytina | Embryophyta | Tracheophyta | Euphyllophyta | Spermatophyta | Magnoliopsida | Mesangiospermae
GO:0102389	Opisthokonta	33154.0	root | cellular organisms | Eukaryota | Opisthokonta
GO:0071627	Unknown		
GO:1902975	Eukaryota	2759.0	root | cellular organisms | Eukaryota
GO:0102490	Unknown		
GO:0051583	Bilateria	33213.0	root | cellular organisms | Eukaryota | Opisthokonta | Metazoa | Eumetazoa | Bilateria
GO:0018315	cellular organisms	131567.0	root | cellular organisms
GO:0015377	cellular organisms	131567.0	root | cellular organisms
GO:0042352	cellular organisms	131567.0	root | cellular organisms
GO:0017009	cellular organisms	131567.0	root | cellular organisms
GO:0043988	Unknown		
GO:0042752	cellular organisms	131567.0	root | cellular organisms
GO:0044547	cellular organisms	131567.0	root | cellular organisms
GO:0051741	cellular organisms	131567.0	root | cellular organisms
GO:0006556	root	1.0	root
GO:0033597	Eukaryota	2759.0	root | cellular organisms | Eukaryota
GO:0031397	cellular organisms	131567.0	root | cellular organisms
GO:0006574	cellular organisms	131567.0	root | cellular organisms
GO:0005950	cellular organisms	131567.0	root | cellular organisms
GO:0009000	cellular organisms	131567.0	root | cellular organisms
GO:0050577	root	1.0	root
GO:1900271	Bilateria	33213.0	root | cellular organisms | Eukaryota | Opisthokonta | Metazoa | Eumetazoa | Bilateria
GO:0031415	cellular organisms	131567.0	root | cellular organisms
GO:0050890	Bilateria	33213.0	root | cellular organisms | Eukaryota | Opisthokonta | Metazoa | Eumetazoa | Bilateria
GO:0031078	Opisthokonta	33154.0	root | cellular organisms | Eukaryota | Opisthokonta
GO:0015245	cellular organisms	131567.0	root | cellular organisms
GO:0034137	Amniota	32524.0	root | cellular organisms | Eukaryota | Opisthokonta | Metazoa | Eumetazoa | Bilateria | Deuterostomia | Chordata | Craniata | Vertebrata | Gnathostomata | Teleostomi | Euteleostomi | Sarcopterygii | Dipnotetrapodomorpha | Tetrapoda | Amniota
GO:0001094	Opisthokonta	33154.0	root | cellular organisms | Eukaryota | Opisthokonta
GO:0044877	root	1.0	root
GO:0009404	cellular organisms	131567.0	root | cellular organisms
GO:0016918	Eukaryota	2759.0	root | cellular organisms | Eukaryota
GO:0009956	Eukaryota	2759.0	root | cellular organisms | Eukaryota
GO:0051787	cellular organisms	131567.0	root | cellular organisms
GO:0006144	cellular organisms	131567.0	root | cellular organisms
GO:1990112	cellular organisms	131567.0	root | cellular organisms
GO:0006468	cellular organisms	131567.0	root | cellular organisms
GO:0032872	Bilateria	33213.0	root | cellular organisms | Eukaryota | Opisthokonta | Metazoa | Eumetazoa | Bilateria
GO:0004084	cellular organisms	131567.0	root | cellular organisms
GO:0052832	cellular organisms	131567.0	root | cellular organisms
GO:0004401	cellular organisms	131567.0	root | cellular organisms
GO:0051788	Eukaryota	2759.0	root | cellular organisms | Eukaryota
GO:0006784	cellular organisms	131567.0	root | cellular organisms
GO:0043482	Eukaryota	2759.0	root | cellular organisms | Eukaryota
GO:0004849	root	1.0	root
GO:0103059	Unknown		
GO:0046907	Eukaryota	2759.0	root | cellular organisms | Eukaryota
GO:0062150	Pentapetalae	1437201.0	root | cellular organisms | Eukaryota | Viridiplantae | Streptophyta | Streptophytina | Embryophyta | Tracheophyta | Euphyllophyta | Spermatophyta | Magnoliopsida | Mesangiospermae | eudicotyledons | Gunneridae | Pentapetalae
GO:0060992	Euarchontoglires	314146.0	root | cellular organisms | Eukaryota | Opisthokonta | Metazoa | Eumetazoa | Bilateria | Deuterostomia | Chordata | Craniata | Vertebrata | Gnathostomata | Teleostomi | Euteleostomi | Sarcopterygii | Dipnotetrapodomorpha | Tetrapoda | Amniota | Mammalia | Theria | Eutheria | Boreoeutheria | Euarchontoglires
GO:0061099	Euarchontoglires	314146.0	root | cellular organisms | Eukaryota | Opisthokonta | Metazoa | Eumetazoa | Bilateria | Deuterostomia | Chordata | Craniata | Vertebrata | Gnathostomata | Teleostomi | Euteleostomi | Sarcopterygii | Dipnotetrapodomorpha | Tetrapoda | Amniota | Mammalia | Theria | Eutheria | Boreoeutheria | Euarchontoglires
GO:0051443	Amniota	32524.0	root | cellular organisms | Eukaryota | Opisthokonta | Metazoa | Eumetazoa | Bilateria | Deuterostomia | Chordata | Craniata | Vertebrata | Gnathostomata | Teleostomi | Euteleostomi | Sarcopterygii | Dipnotetrapodomorpha | Tetrapoda | Amniota
GO:0005791	Eukaryota	2759.0	root | cellular organisms | Eukaryota
GO:0009532	Eukaryota	2759.0	root | cellular organisms | Eukaryota
GO:0006044	cellular organisms	131567.0	root | cellular organisms
GO:0102359	Unknown		
GO:0003923	cellular organisms	131567.0	root | cellular organisms
GO:0004326	cellular organisms	131567.0	root | cellular organisms
GO:0006307	root	1.0	root
GO:0000244	Eukaryota	2759.0	root | cellular organisms | Eukaryota
GO:0048678	cellular organisms	131567.0	root | cellular organisms
GO:0016075	root	1.0	root
GO:1901962	Eukaryota	2759.0	root | cellular organisms | Eukaryota
GO:0046677	root	1.0	root
GO:0040034	Eukaryota	2759.0	root | cellular organisms | Eukaryota
GO:0042066	Drosophila	7215.0	root | cellular organisms | Eukaryota | Opisthokonta | Metazoa | Eumetazoa | Bilateria | Protostomia | Ecdysozoa | Panarthropoda | Arthropoda | Mandibulata | Pancrustacea | Altocrustacea | Allotriocarida | Hexapoda | Insecta | Dicondylia | Pterygota | Neoptera | Eumetabola | Endopterygota | Aparaglossata | Panorpida | Diptera | Brachycera | Muscomorpha | Eremoneura | Cyclorrhapha | Schizophora | Acalyptratae | Ephydroidea | Drosophilidae | Drosophilinae | Drosophilini | Drosophila
GO:0005621	Dikarya	451864.0	root | cellular organisms | Eukaryota | Opisthokonta | Fungi | Dikarya
GO:0006601	cellular organisms	131567.0	root | cellular organisms
GO:0003977	root	1.0	root
GO:0035973	Eukaryota	2759.0	root | cellular organisms | Eukaryota
GO:0015977	Unknown		157496
GO:0010100	Streptophytina	131221.0	root | cellular organisms | Eukaryota | Viridiplantae | Streptophyta | Streptophytina
GO:0097632	cellular organisms	131567.0	root | cellular organisms
GO:1905572	Amniota	32524.0	root | cellular organisms | Eukaryota | Opisthokonta | Metazoa | Eumetazoa | Bilateria | Deuterostomia | Chordata | Craniata | Vertebrata | Gnathostomata | Teleostomi | Euteleostomi | Sarcopterygii | Dipnotetrapodomorpha | Tetrapoda | Amniota
GO:0006368	cellular organisms	131567.0	root | cellular organisms
GO:0071457	Viridiplantae	33090.0	root | cellular organisms | Eukaryota | Viridiplantae
GO:0006102	cellular organisms	131567.0	root | cellular organisms
GO:0019215	Eukaryota	2759.0	root | cellular organisms | Eukaryota
GO:0004573	cellular organisms	131567.0	root | cellular organisms
GO:0006515	cellular organisms	131567.0	root | cellular organisms
GO:0030904	Eukaryota	2759.0	root | cellular organisms | Eukaryota
GO:1990559	Eukaryota	2759.0	root | cellular organisms | Eukaryota
GO:0000215	cellular organisms	131567.0	root | cellular organisms
GO:1901671	cellular organisms	131567.0	root | cellular organisms
GO:0015807	cellular organisms	131567.0	root | cellular organisms
GO:0002229	Eukaryota	2759.0	root | cellular organisms | Eukaryota
GO:0042276	root	1.0	root
GO:0019240	cellular organisms	131567.0	root | cellular organisms
GO:0043484	root	1.0	root
GO:0045548	cellular organisms	131567.0	root | cellular organisms
GO:0003334	Gnathostomata	7776.0	root | cellular organisms | Eukaryota | Opisthokonta | Metazoa | Eumetazoa | Bilateria | Deuterostomia | Chordata | Craniata | Vertebrata | Gnathostomata
GO:0004821	root	1.0	root
GO:0000750	Unknown		
GO:0052656	cellular organisms	131567.0	root | cellular organisms
GO:0036020	Eukaryota	2759.0	root | cellular organisms | Eukaryota
GO:0070651	cellular organisms	131567.0	root | cellular organisms
GO:1900425	Eukaryota	2759.0	root | cellular organisms | Eukaryota
GO:0009245	cellular organisms	131567.0	root | cellular organisms
GO:0004857	root	1.0	root
GO:0040001	Eukaryota	2759.0	root | cellular organisms | Eukaryota
GO:0008511	Eukaryota	2759.0	root | cellular organisms | Eukaryota
GO:0048821	Bilateria	33213.0	root | cellular organisms | Eukaryota | Opisthokonta | Metazoa | Eumetazoa | Bilateria
GO:0019888	cellular organisms	131567.0	root | cellular organisms
GO:2000652	Viridiplantae	33090.0	root | cellular organisms | Eukaryota | Viridiplantae
GO:0014902	Amniota	32524.0	root | cellular organisms | Eukaryota | Opisthokonta | Metazoa | Eumetazoa | Bilateria | Deuterostomia | Chordata | Craniata | Vertebrata | Gnathostomata | Teleostomi | Euteleostomi | Sarcopterygii | Dipnotetrapodomorpha | Tetrapoda | Amniota
GO:1990165	Eukaryota	2759.0	root | cellular organisms | Eukaryota
GO:0031591	cellular organisms	131567.0	root | cellular organisms
GO:0003998	root	1.0	root
GO:1904159	Arabidopsis thaliana	3702.0	root | cellular organisms | Eukaryota | Viridiplantae | Streptophyta | Streptophytina | Embryophyta | Tracheophyta | Euphyllophyta | Spermatophyta | Magnoliopsida | Mesangiospermae | eudicotyledons | Gunneridae | Pentapetalae | rosids | malvids | Brassicales | Brassicaceae | Camelineae | Arabidopsis | Arabidopsis thaliana
GO:0000405	cellular organisms	131567.0	root | cellular organisms
GO:1904666	Euarchontoglires	314146.0	root | cellular organisms | Eukaryota | Opisthokonta | Metazoa | Eumetazoa | Bilateria | Deuterostomia | Chordata | Craniata | Vertebrata | Gnathostomata | Teleostomi | Euteleostomi | Sarcopterygii | Dipnotetrapodomorpha | Tetrapoda | Amniota | Mammalia | Theria | Eutheria | Boreoeutheria | Euarchontoglires
GO:0055014	Euteleostomi	117571.0	root | cellular organisms | Eukaryota | Opisthokonta | Metazoa | Eumetazoa | Bilateria | Deuterostomia | Chordata | Craniata | Vertebrata | Gnathostomata | Teleostomi | Euteleostomi
GO:0008373	root	1.0	root
GO:0030117	cellular organisms	131567.0	root | cellular organisms
GO:0009081	cellular organisms	131567.0	root | cellular organisms
GO:0071421	cellular organisms	131567.0	root | cellular organisms
GO:0050619	cellular organisms	131567.0	root | cellular organisms
GO:0031520	Eukaryota	2759.0	root | cellular organisms | Eukaryota
GO:0103056	Unknown		
GO:1901612	cellular organisms	131567.0	root | cellular organisms
GO:0061044	Gnathostomata	7776.0	root | cellular organisms | Eukaryota | Opisthokonta | Metazoa | Eumetazoa | Bilateria | Deuterostomia | Chordata | Craniata | Vertebrata | Gnathostomata
GO:0008676	root	1.0	root
GO:0032981	cellular organisms	131567.0	root | cellular organisms
GO:1902065	cellular organisms	131567.0	root | cellular organisms
GO:0002188	cellular organisms	131567.0	root | cellular organisms
GO:0005960	cellular organisms	131567.0	root | cellular organisms
GO:1902125	Spermatophyta	58024.0	root | cellular organisms | Eukaryota | Viridiplantae | Streptophyta | Streptophytina | Embryophyta | Tracheophyta | Euphyllophyta | Spermatophyta
GO:0000030	root	1.0	root
GO:0005992	cellular organisms	131567.0	root | cellular organisms
GO:0080008	cellular organisms	131567.0	root | cellular organisms
GO:0090560	cellular organisms	131567.0	root | cellular organisms
GO:0009544	Unknown		
GO:0034785	cellular organisms	131567.0	root | cellular organisms
GO:0042438	cellular organisms	131567.0	root | cellular organisms
GO:0070206	root	1.0	root
GO:0030858	Bilateria	33213.0	root | cellular organisms | Eukaryota | Opisthokonta | Metazoa | Eumetazoa | Bilateria
GO:1905048	Euteleostomi	117571.0	root | cellular organisms | Eukaryota | Opisthokonta | Metazoa | Eumetazoa | Bilateria | Deuterostomia | Chordata | Craniata | Vertebrata | Gnathostomata | Teleostomi | Euteleostomi
GO:0004824	root	1.0	root
GO:0010289	Arabidopsis thaliana	3702.0	root | cellular organisms | Eukaryota | Viridiplantae | Streptophyta | Streptophytina | Embryophyta | Tracheophyta | Euphyllophyta | Spermatophyta | Magnoliopsida | Mesangiospermae | eudicotyledons | Gunneridae | Pentapetalae | rosids | malvids | Brassicales | Brassicaceae | Camelineae | Arabidopsis | Arabidopsis thaliana
GO:1902426	Opisthokonta	33154.0	root | cellular organisms | Eukaryota | Opisthokonta
GO:0048359	Unknown		
GO:0021587	Euteleostomi	117571.0	root | cellular organisms | Eukaryota | Opisthokonta | Metazoa | Eumetazoa | Bilateria | Deuterostomia | Chordata | Craniata | Vertebrata | Gnathostomata | Teleostomi | Euteleostomi
GO:0010906	cellular organisms	131567.0	root | cellular organisms
GO:0006060	Eukaryota	2759.0	root | cellular organisms | Eukaryota
GO:0005996	cellular organisms	131567.0	root | cellular organisms
GO:0034982	Eukaryota	2759.0	root | cellular organisms | Eukaryota
GO:0008049	Bilateria	33213.0	root | cellular organisms | Eukaryota | Opisthokonta | Metazoa | Eumetazoa | Bilateria
GO:1901796	Euteleostomi	117571.0	root | cellular organisms | Eukaryota | Opisthokonta | Metazoa | Eumetazoa | Bilateria | Deuterostomia | Chordata | Craniata | Vertebrata | Gnathostomata | Teleostomi | Euteleostomi
GO:0004412	cellular organisms	131567.0	root | cellular organisms
GO:0070522	Eukaryota	2759.0	root | cellular organisms | Eukaryota
GO:0034774	Vertebrata	7742.0	root | cellular organisms | Eukaryota | Opisthokonta | Metazoa | Eumetazoa | Bilateria | Deuterostomia | Chordata | Craniata | Vertebrata
GO:0046466	Unknown		
GO:0071364	Bilateria	33213.0	root | cellular organisms | Eukaryota | Opisthokonta | Metazoa | Eumetazoa | Bilateria
GO:0000373	root	1.0	root
GO:0007341	Amniota	32524.0	root | cellular organisms | Eukaryota | Opisthokonta | Metazoa | Eumetazoa | Bilateria | Deuterostomia | Chordata | Craniata | Vertebrata | Gnathostomata | Teleostomi | Euteleostomi | Sarcopterygii | Dipnotetrapodomorpha | Tetrapoda | Amniota
GO:0042627	cellular organisms	131567.0	root | cellular organisms
GO:0061811	Unknown		
GO:0006121	cellular organisms	131567.0	root | cellular organisms
GO:0000723	root	1.0	root
GO:0010118	Streptophyta	35493.0	root | cellular organisms | Eukaryota | Viridiplantae | Streptophyta
GO:0034046	Eukaryota	2759.0	root | cellular organisms | Eukaryota
GO:0006999	cellular organisms	131567.0	root | cellular organisms
GO:0009435	root	1.0	root
GO:0031519	Eukaryota	2759.0	root | cellular organisms | Eukaryota
GO:1904667	Eukaryota	2759.0	root | cellular organisms | Eukaryota
GO:0006680	cellular organisms	131567.0	root | cellular organisms
GO:0051336	Murinae	39107.0	root | cellular organisms | Eukaryota | Opisthokonta | Metazoa | Eumetazoa | Bilateria | Deuterostomia | Chordata | Craniata | Vertebrata | Gnathostomata | Teleostomi | Euteleostomi | Sarcopterygii | Dipnotetrapodomorpha | Tetrapoda | Amniota | Mammalia | Theria | Eutheria | Boreoeutheria | Euarchontoglires | Glires | Rodentia | Myomorpha | Muroidea | Muridae | Murinae
GO:0004159	Bacteria	2.0	root | cellular organisms | Bacteria
GO:0000406	Opisthokonta	33154.0	root | cellular organisms | Eukaryota | Opisthokonta
GO:0001675	Eukaryota	2759.0	root | cellular organisms | Eukaryota
GO:0035033	Amniota	32524.0	root | cellular organisms | Eukaryota | Opisthokonta | Metazoa | Eumetazoa | Bilateria | Deuterostomia | Chordata | Craniata | Vertebrata | Gnathostomata | Teleostomi | Euteleostomi | Sarcopterygii | Dipnotetrapodomorpha | Tetrapoda | Amniota
GO:0043090	cellular organisms	131567.0	root | cellular organisms
GO:0071596	cellular organisms	131567.0	root | cellular organisms
GO:0070669	Amniota	32524.0	root | cellular organisms | Eukaryota | Opisthokonta | Metazoa | Eumetazoa | Bilateria | Deuterostomia | Chordata | Craniata | Vertebrata | Gnathostomata | Teleostomi | Euteleostomi | Sarcopterygii | Dipnotetrapodomorpha | Tetrapoda | Amniota
GO:0004422	cellular organisms	131567.0	root | cellular organisms
GO:0015866	cellular organisms	131567.0	root | cellular organisms
GO:0006400	root	1.0	root
GO:0006849	cellular organisms	131567.0	root | cellular organisms
GO:0006882	cellular organisms	131567.0	root | cellular organisms
GO:0006114	cellular organisms	131567.0	root | cellular organisms
GO:0006207	root	1.0	root
GO:0031545	Eukaryota	2759.0	root | cellular organisms | Eukaryota
GO:0006107	cellular organisms	131567.0	root | cellular organisms
GO:0008176	cellular organisms	131567.0	root | cellular organisms
GO:0010009	Eukaryota	2759.0	root | cellular organisms | Eukaryota
GO:0018454	cellular organisms	131567.0	root | cellular organisms
GO:2000039	Embryophyta	3193.0	root | cellular organisms | Eukaryota | Viridiplantae | Streptophyta | Streptophytina | Embryophyta
GO:0047957	Mesangiospermae	1437183.0	root | cellular organisms | Eukaryota | Viridiplantae | Streptophyta | Streptophytina | Embryophyta | Tracheophyta | Euphyllophyta | Spermatophyta | Magnoliopsida | Mesangiospermae
GO:0071569	cellular organisms	131567.0	root | cellular organisms
GO:0140567	Eukaryota	2759.0	root | cellular organisms | Eukaryota
GO:0009646	Eukaryota	2759.0	root | cellular organisms | Eukaryota
GO:0051641	Euarchontoglires	314146.0	root | cellular organisms | Eukaryota | Opisthokonta | Metazoa | Eumetazoa | Bilateria | Deuterostomia | Chordata | Craniata | Vertebrata | Gnathostomata | Teleostomi | Euteleostomi | Sarcopterygii | Dipnotetrapodomorpha | Tetrapoda | Amniota | Mammalia | Theria | Eutheria | Boreoeutheria | Euarchontoglires
GO:0034975	cellular organisms	131567.0	root | cellular organisms
GO:0071618	cellular organisms	131567.0	root | cellular organisms
GO:0009751	cellular organisms	131567.0	root | cellular organisms
GO:0022848	Eumetazoa	6072.0	root | cellular organisms | Eukaryota | Opisthokonta | Metazoa | Eumetazoa
GO:0071407	Unknown		
GO:0002940	cellular organisms	131567.0	root | cellular organisms
GO:0004711	Opisthokonta	33154.0	root | cellular organisms | Eukaryota | Opisthokonta
GO:1900459	Streptophyta	35493.0	root | cellular organisms | Eukaryota | Viridiplantae | Streptophyta
GO:1901216	Unknown		
GO:0031418	root	1.0	root
GO:0032970	Eukaryota	2759.0	root | cellular organisms | Eukaryota
GO:0032526	Opisthokonta	33154.0	root | cellular organisms | Eukaryota | Opisthokonta
GO:0021702	Euteleostomi	117571.0	root | cellular organisms | Eukaryota | Opisthokonta | Metazoa | Eumetazoa | Bilateria | Deuterostomia | Chordata | Craniata | Vertebrata | Gnathostomata | Teleostomi | Euteleostomi
GO:0016841	cellular organisms	131567.0	root | cellular organisms
GO:0008442	cellular organisms	131567.0	root | cellular organisms
GO:0090506	Mesangiospermae	1437183.0	root | cellular organisms | Eukaryota | Viridiplantae | Streptophyta | Streptophytina | Embryophyta | Tracheophyta | Euphyllophyta | Spermatophyta | Magnoliopsida | Mesangiospermae
GO:0016614	root	1.0	root
GO:0030238	Bilateria	33213.0	root | cellular organisms | Eukaryota | Opisthokonta | Metazoa | Eumetazoa | Bilateria
GO:0043201	cellular organisms	131567.0	root | cellular organisms
GO:0048490	Bilateria	33213.0	root | cellular organisms | Eukaryota | Opisthokonta | Metazoa | Eumetazoa | Bilateria
GO:1903189	cellular organisms	131567.0	root | cellular organisms
GO:0048487	root	1.0	root
GO:0006958	Vertebrata	7742.0	root | cellular organisms | Eukaryota | Opisthokonta | Metazoa | Eumetazoa | Bilateria | Deuterostomia | Chordata | Craniata | Vertebrata
GO:0008429	cellular organisms	131567.0	root | cellular organisms
GO:0051017	cellular organisms	131567.0	root | cellular organisms
GO:0016592	Eukaryota	2759.0	root | cellular organisms | Eukaryota
GO:0015576	cellular organisms	131567.0	root | cellular organisms
GO:0001227	cellular organisms	131567.0	root | cellular organisms
GO:1904731	Bilateria	33213.0	root | cellular organisms | Eukaryota | Opisthokonta | Metazoa | Eumetazoa | Bilateria
GO:0016416	cellular organisms	131567.0	root | cellular organisms
GO:0032984	cellular organisms	131567.0	root | cellular organisms
GO:0008685	cellular organisms	131567.0	root | cellular organisms
GO:0140855	Unknown		
GO:0061863	Eukaryota	2759.0	root | cellular organisms | Eukaryota
GO:0043754	root	1.0	root
GO:0071286	cellular organisms	131567.0	root | cellular organisms
GO:0102983	Mesangiospermae	1437183.0	root | cellular organisms | Eukaryota | Viridiplantae | Streptophyta | Streptophytina | Embryophyta | Tracheophyta | Euphyllophyta | Spermatophyta | Magnoliopsida | Mesangiospermae
GO:0035657	cellular organisms	131567.0	root | cellular organisms
GO:0031690	Boreoeutheria	1437010.0	root | cellular organisms | Eukaryota | Opisthokonta | Metazoa | Eumetazoa | Bilateria | Deuterostomia | Chordata | Craniata | Vertebrata | Gnathostomata | Teleostomi | Euteleostomi | Sarcopterygii | Dipnotetrapodomorpha | Tetrapoda | Amniota | Mammalia | Theria | Eutheria | Boreoeutheria
GO:0036172	cellular organisms	131567.0	root | cellular organisms
GO:0006427	cellular organisms	131567.0	root | cellular organisms
GO:0006627	Unknown		
GO:0052615	Eukaryota	2759.0	root | cellular organisms | Eukaryota
GO:0035349	Eukaryota	2759.0	root | cellular organisms | Eukaryota
GO:0030587	Dictyostelia	33083.0	root | cellular organisms | Eukaryota | Amoebozoa | Evosea | Eumycetozoa | Dictyostelia
GO:0004421	cellular organisms	131567.0	root | cellular organisms
GO:0035694	Eukaryota	2759.0	root | cellular organisms | Eukaryota
GO:0045026	Unknown		
GO:0090227	Mesangiospermae	1437183.0	root | cellular organisms | Eukaryota | Viridiplantae | Streptophyta | Streptophytina | Embryophyta | Tracheophyta | Euphyllophyta | Spermatophyta | Magnoliopsida | Mesangiospermae
GO:0006419	cellular organisms	131567.0	root | cellular organisms
GO:0015713	Embryophyta	3193.0	root | cellular organisms | Eukaryota | Viridiplantae | Streptophyta | Streptophytina | Embryophyta
GO:0004657	root	1.0	root
GO:0007399	Eukaryota	2759.0	root | cellular organisms | Eukaryota
GO:0009658	cellular organisms	131567.0	root | cellular organisms
GO:0008107	root	1.0	root
GO:0070733	cellular organisms	131567.0	root | cellular organisms
GO:0071539	Eukaryota	2759.0	root | cellular organisms | Eukaryota
GO:1902949	Unknown		
GO:1902936	Eukaryota	2759.0	root | cellular organisms | Eukaryota
GO:0007591	Drosophila	7215.0	root | cellular organisms | Eukaryota | Opisthokonta | Metazoa | Eumetazoa | Bilateria | Protostomia | Ecdysozoa | Panarthropoda | Arthropoda | Mandibulata | Pancrustacea | Altocrustacea | Allotriocarida | Hexapoda | Insecta | Dicondylia | Pterygota | Neoptera | Eumetabola | Endopterygota | Aparaglossata | Panorpida | Diptera | Brachycera | Muscomorpha | Eremoneura | Cyclorrhapha | Schizophora | Acalyptratae | Ephydroidea | Drosophilidae | Drosophilinae | Drosophilini | Drosophila
GO:0015629	cellular organisms	131567.0	root | cellular organisms
GO:0102756	Unknown		
GO:0052623	Unknown		
GO:0044015	Unknown		
GO:0006591	cellular organisms	131567.0	root | cellular organisms
GO:0033026	Murinae	39107.0	root | cellular organisms | Eukaryota | Opisthokonta | Metazoa | Eumetazoa | Bilateria | Deuterostomia | Chordata | Craniata | Vertebrata | Gnathostomata | Teleostomi | Euteleostomi | Sarcopterygii | Dipnotetrapodomorpha | Tetrapoda | Amniota | Mammalia | Theria | Eutheria | Boreoeutheria | Euarchontoglires | Glires | Rodentia | Myomorpha | Muroidea | Muridae | Murinae
GO:0002213	Eukaryota	2759.0	root | cellular organisms | Eukaryota
GO:0009264	root	1.0	root
GO:0050567	root	1.0	root
GO:0030337	root	1.0	root
GO:0071805	root	1.0	root
GO:0120091	Mesangiospermae	1437183.0	root | cellular organisms | Eukaryota | Viridiplantae | Streptophyta | Streptophytina | Embryophyta | Tracheophyta | Euphyllophyta | Spermatophyta | Magnoliopsida | Mesangiospermae
GO:0098574	Eukaryota	2759.0	root | cellular organisms | Eukaryota
GO:0004358	cellular organisms	131567.0	root | cellular organisms
GO:1901565	Unknown		
GO:0005652	Eukaryota	2759.0	root | cellular organisms | Eukaryota
GO:0000911	Viridiplantae	33090.0	root | cellular organisms | Eukaryota | Viridiplantae
GO:0061615	root	1.0	root
GO:0004185	root	1.0	root
GO:0031225	Unknown		
GO:0010182	Eukaryota	2759.0	root | cellular organisms | Eukaryota
GO:0050269	cellular organisms	131567.0	root | cellular organisms
GO:0071951	cellular organisms	131567.0	root | cellular organisms
GO:0019878	Unknown		
GO:0051669	cellular organisms	131567.0	root | cellular organisms
GO:0008476	cellular organisms	131567.0	root | cellular organisms
GO:0051457	Eukaryota	2759.0	root | cellular organisms | Eukaryota
GO:0016831	root	1.0	root
GO:0004639	root	1.0	root
GO:0070740	cellular organisms	131567.0	root | cellular organisms
GO:0035627	Eukaryota	2759.0	root | cellular organisms | Eukaryota
GO:0009011	cellular organisms	131567.0	root | cellular organisms
GO:0031956	cellular organisms	131567.0	root | cellular organisms
GO:0033140	Euarchontoglires	314146.0	root | cellular organisms | Eukaryota | Opisthokonta | Metazoa | Eumetazoa | Bilateria | Deuterostomia | Chordata | Craniata | Vertebrata | Gnathostomata | Teleostomi | Euteleostomi | Sarcopterygii | Dipnotetrapodomorpha | Tetrapoda | Amniota | Mammalia | Theria | Eutheria | Boreoeutheria | Euarchontoglires
GO:0005229	Eukaryota	2759.0	root | cellular organisms | Eukaryota
GO:0009855	Eukaryota	2759.0	root | cellular organisms | Eukaryota
GO:0010793	Opisthokonta	33154.0	root | cellular organisms | Eukaryota | Opisthokonta
GO:0010374	Embryophyta	3193.0	root | cellular organisms | Eukaryota | Viridiplantae | Streptophyta | Streptophytina | Embryophyta
GO:0003958	cellular organisms	131567.0	root | cellular organisms
GO:0051301	root	1.0	root
GO:1904095	Arabidopsis thaliana	3702.0	root | cellular organisms | Eukaryota | Viridiplantae | Streptophyta | Streptophytina | Embryophyta | Tracheophyta | Euphyllophyta | Spermatophyta | Magnoliopsida | Mesangiospermae | eudicotyledons | Gunneridae | Pentapetalae | rosids | malvids | Brassicales | Brassicaceae | Camelineae | Arabidopsis | Arabidopsis thaliana
GO:0019854	cellular organisms	131567.0	root | cellular organisms
GO:0070973	cellular organisms	131567.0	root | cellular organisms
GO:0098592	cellular organisms	131567.0	root | cellular organisms
GO:0008309	Amniota	32524.0	root | cellular organisms | Eukaryota | Opisthokonta | Metazoa | Eumetazoa | Bilateria | Deuterostomia | Chordata | Craniata | Vertebrata | Gnathostomata | Teleostomi | Euteleostomi | Sarcopterygii | Dipnotetrapodomorpha | Tetrapoda | Amniota
GO:0050897	root	1.0	root
GO:0000095	Eukaryota	2759.0	root | cellular organisms | Eukaryota
GO:0000256	cellular organisms	131567.0	root | cellular organisms
GO:0052739	Unknown		
GO:0031090	Eukaryota	2759.0	root | cellular organisms | Eukaryota
GO:0002009	Opisthokonta	33154.0	root | cellular organisms | Eukaryota | Opisthokonta
GO:0035252	cellular organisms	131567.0	root | cellular organisms
GO:0090065	Unknown		
GO:0052386	Arabidopsis thaliana	3702.0	root | cellular organisms | Eukaryota | Viridiplantae | Streptophyta | Streptophytina | Embryophyta | Tracheophyta | Euphyllophyta | Spermatophyta | Magnoliopsida | Mesangiospermae | eudicotyledons | Gunneridae | Pentapetalae | rosids | malvids | Brassicales | Brassicaceae | Camelineae | Arabidopsis | Arabidopsis thaliana
GO:0090102	Amniota	32524.0	root | cellular organisms | Eukaryota | Opisthokonta | Metazoa | Eumetazoa | Bilateria | Deuterostomia | Chordata | Craniata | Vertebrata | Gnathostomata | Teleostomi | Euteleostomi | Sarcopterygii | Dipnotetrapodomorpha | Tetrapoda | Amniota
GO:0031640	root	1.0	root
GO:0030020	cellular organisms	131567.0	root | cellular organisms
GO:0052546	Arabidopsis thaliana	3702.0	root | cellular organisms | Eukaryota | Viridiplantae | Streptophyta | Streptophytina | Embryophyta | Tracheophyta | Euphyllophyta | Spermatophyta | Magnoliopsida | Mesangiospermae | eudicotyledons | Gunneridae | Pentapetalae | rosids | malvids | Brassicales | Brassicaceae | Camelineae | Arabidopsis | Arabidopsis thaliana
GO:0004745	cellular organisms	131567.0	root | cellular organisms
GO:0061469	Euteleostomi	117571.0	root | cellular organisms | Eukaryota | Opisthokonta | Metazoa | Eumetazoa | Bilateria | Deuterostomia | Chordata | Craniata | Vertebrata | Gnathostomata | Teleostomi | Euteleostomi
GO:0010017	Viridiplantae	33090.0	root | cellular organisms | Eukaryota | Viridiplantae
GO:0090706	Arabidopsis thaliana	3702.0	root | cellular organisms | Eukaryota | Viridiplantae | Streptophyta | Streptophytina | Embryophyta | Tracheophyta | Euphyllophyta | Spermatophyta | Magnoliopsida | Mesangiospermae | eudicotyledons | Gunneridae | Pentapetalae | rosids | malvids | Brassicales | Brassicaceae | Camelineae | Arabidopsis | Arabidopsis thaliana
GO:0016758	root	1.0	root
GO:0044023	Unknown		
GO:0010241	Eukaryota	2759.0	root | cellular organisms | Eukaryota
GO:0008938	Mesangiospermae	1437183.0	root | cellular organisms | Eukaryota | Viridiplantae | Streptophyta | Streptophytina | Embryophyta | Tracheophyta | Euphyllophyta | Spermatophyta | Magnoliopsida | Mesangiospermae
GO:1903790	cellular organisms	131567.0	root | cellular organisms
GO:0008654	root	1.0	root
GO:0002128	cellular organisms	131567.0	root | cellular organisms
GO:0006906	cellular organisms	131567.0	root | cellular organisms
GO:0102763	Arabidopsis thaliana	3702.0	root | cellular organisms | Eukaryota | Viridiplantae | Streptophyta | Streptophytina | Embryophyta | Tracheophyta | Euphyllophyta | Spermatophyta | Magnoliopsida | Mesangiospermae | eudicotyledons | Gunneridae | Pentapetalae | rosids | malvids | Brassicales | Brassicaceae | Camelineae | Arabidopsis | Arabidopsis thaliana
GO:0035035	root	1.0	root
GO:0012501	cellular organisms	131567.0	root | cellular organisms
GO:0071422	cellular organisms	131567.0	root | cellular organisms
GO:0048512	Eukaryota	2759.0	root | cellular organisms | Eukaryota
GO:0140640	root	1.0	root
GO:0010907	Amniota	32524.0	root | cellular organisms | Eukaryota | Opisthokonta | Metazoa | Eumetazoa | Bilateria | Deuterostomia | Chordata | Craniata | Vertebrata | Gnathostomata | Teleostomi | Euteleostomi | Sarcopterygii | Dipnotetrapodomorpha | Tetrapoda | Amniota
GO:0044262	Unknown		
GO:0071986	Eukaryota	2759.0	root | cellular organisms | Eukaryota
GO:0006727	Neoptera	33340.0	root | cellular organisms | Eukaryota | Opisthokonta | Metazoa | Eumetazoa | Bilateria | Protostomia | Ecdysozoa | Panarthropoda | Arthropoda | Mandibulata | Pancrustacea | Altocrustacea | Allotriocarida | Hexapoda | Insecta | Dicondylia | Pterygota | Neoptera
GO:0015934	cellular organisms	131567.0	root | cellular organisms
GO:0002191	Eukaryota	2759.0	root | cellular organisms | Eukaryota
GO:0030552	cellular organisms	131567.0	root | cellular organisms
GO:0005451	Unknown		
GO:0008922	cellular organisms	131567.0	root | cellular organisms
GO:1905622	Brassicaceae	3700.0	root | cellular organisms | Eukaryota | Viridiplantae | Streptophyta | Streptophytina | Embryophyta | Tracheophyta | Euphyllophyta | Spermatophyta | Magnoliopsida | Mesangiospermae | eudicotyledons | Gunneridae | Pentapetalae | rosids | malvids | Brassicales | Brassicaceae
GO:0080081	Brassicaceae	3700.0	root | cellular organisms | Eukaryota | Viridiplantae | Streptophyta | Streptophytina | Embryophyta | Tracheophyta | Euphyllophyta | Spermatophyta | Magnoliopsida | Mesangiospermae | eudicotyledons | Gunneridae | Pentapetalae | rosids | malvids | Brassicales | Brassicaceae
GO:0006612	root	1.0	root
GO:0007155	root	1.0	root
GO:0004832	root	1.0	root
GO:0010466	cellular organisms	131567.0	root | cellular organisms
GO:0070122	Unknown		
GO:0001193	Eukaryota	2759.0	root | cellular organisms | Eukaryota
GO:2000677	Amniota	32524.0	root | cellular organisms | Eukaryota | Opisthokonta | Metazoa | Eumetazoa | Bilateria | Deuterostomia | Chordata | Craniata | Vertebrata | Gnathostomata | Teleostomi | Euteleostomi | Sarcopterygii | Dipnotetrapodomorpha | Tetrapoda | Amniota
GO:0099638	Eukaryota	2759.0	root | cellular organisms | Eukaryota
GO:0060324	Gnathostomata	7776.0	root | cellular organisms | Eukaryota | Opisthokonta | Metazoa | Eumetazoa | Bilateria | Deuterostomia | Chordata | Craniata | Vertebrata | Gnathostomata
GO:0048498	Arabidopsis thaliana	3702.0	root | cellular organisms | Eukaryota | Viridiplantae | Streptophyta | Streptophytina | Embryophyta | Tracheophyta | Euphyllophyta | Spermatophyta | Magnoliopsida | Mesangiospermae | eudicotyledons | Gunneridae | Pentapetalae | rosids | malvids | Brassicales | Brassicaceae | Camelineae | Arabidopsis | Arabidopsis thaliana
GO:0097190	Metazoa	33208.0	root | cellular organisms | Eukaryota | Opisthokonta | Metazoa
GO:0019748	root	1.0	root
GO:0061086	Unknown		
GO:0015171	cellular organisms	131567.0	root | cellular organisms
GO:0033206	Eukaryota	2759.0	root | cellular organisms | Eukaryota
GO:0048226	Mesangiospermae	1437183.0	root | cellular organisms | Eukaryota | Viridiplantae | Streptophyta | Streptophytina | Embryophyta | Tracheophyta | Euphyllophyta | Spermatophyta | Magnoliopsida | Mesangiospermae
GO:0007286	Eukaryota	2759.0	root | cellular organisms | Eukaryota
GO:0015165	Eukaryota	2759.0	root | cellular organisms | Eukaryota
GO:0004052	Euteleostomi	117571.0	root | cellular organisms | Eukaryota | Opisthokonta | Metazoa | Eumetazoa | Bilateria | Deuterostomia | Chordata | Craniata | Vertebrata | Gnathostomata | Teleostomi | Euteleostomi
GO:0010216	Unknown		
GO:0000225	cellular organisms	131567.0	root | cellular organisms
GO:0008134	root	1.0	root
GO:0009165	root	1.0	root
GO:0017158	Eukaryota	2759.0	root | cellular organisms | Eukaryota
GO:0051300	Fungi	4751.0	root | cellular organisms | Eukaryota | Opisthokonta | Fungi
GO:0004689	cellular organisms	131567.0	root | cellular organisms
GO:0015876	Amniota	32524.0	root | cellular organisms | Eukaryota | Opisthokonta | Metazoa | Eumetazoa | Bilateria | Deuterostomia | Chordata | Craniata | Vertebrata | Gnathostomata | Teleostomi | Euteleostomi | Sarcopterygii | Dipnotetrapodomorpha | Tetrapoda | Amniota
GO:0010884	Bilateria	33213.0	root | cellular organisms | Eukaryota | Opisthokonta | Metazoa | Eumetazoa | Bilateria
GO:0048254	Eukaryota	2759.0	root | cellular organisms | Eukaryota
GO:0015562	root	1.0	root
GO:0016106	cellular organisms	131567.0	root | cellular organisms
GO:0004325	root	1.0	root
GO:0051402	Bilateria	33213.0	root | cellular organisms | Eukaryota | Opisthokonta | Metazoa | Eumetazoa | Bilateria
GO:0099115	Opisthokonta	33154.0	root | cellular organisms | Eukaryota | Opisthokonta
GO:0090422	Eukaryota	2759.0	root | cellular organisms | Eukaryota
GO:0005964	cellular organisms	131567.0	root | cellular organisms
GO:0098813	Eukaryota	2759.0	root | cellular organisms | Eukaryota
GO:0015970	cellular organisms	131567.0	root | cellular organisms
GO:0015038	cellular organisms	131567.0	root | cellular organisms
GO:0004535	root	1.0	root
GO:1904019	Amniota	32524.0	root | cellular organisms | Eukaryota | Opisthokonta | Metazoa | Eumetazoa | Bilateria | Deuterostomia | Chordata | Craniata | Vertebrata | Gnathostomata | Teleostomi | Euteleostomi | Sarcopterygii | Dipnotetrapodomorpha | Tetrapoda | Amniota
GO:0010831	Chordata	7711.0	root | cellular organisms | Eukaryota | Opisthokonta | Metazoa | Eumetazoa | Bilateria | Deuterostomia | Chordata
GO:0080146	cellular organisms	131567.0	root | cellular organisms
GO:0061817	Eukaryota	2759.0	root | cellular organisms | Eukaryota
GO:0102218	Unknown		
GO:0048038	root	1.0	root
GO:0004407	cellular organisms	131567.0	root | cellular organisms
GO:0045684	Tetrapoda	32523.0	root | cellular organisms | Eukaryota | Opisthokonta | Metazoa | Eumetazoa | Bilateria | Deuterostomia | Chordata | Craniata | Vertebrata | Gnathostomata | Teleostomi | Euteleostomi | Sarcopterygii | Dipnotetrapodomorpha | Tetrapoda
GO:0010654	Arabidopsis thaliana	3702.0	root | cellular organisms | Eukaryota | Viridiplantae | Streptophyta | Streptophytina | Embryophyta | Tracheophyta | Euphyllophyta | Spermatophyta | Magnoliopsida | Mesangiospermae | eudicotyledons | Gunneridae | Pentapetalae | rosids | malvids | Brassicales | Brassicaceae | Camelineae | Arabidopsis | Arabidopsis thaliana
GO:0003995	cellular organisms	131567.0	root | cellular organisms
GO:0007212	Eumetazoa	6072.0	root | cellular organisms | Eukaryota | Opisthokonta | Metazoa | Eumetazoa
GO:0035725	root	1.0	root
GO:0042938	cellular organisms	131567.0	root | cellular organisms
GO:0010179	cellular organisms	131567.0	root | cellular organisms
GO:0102701	Spermatophyta	58024.0	root | cellular organisms | Eukaryota | Viridiplantae | Streptophyta | Streptophytina | Embryophyta | Tracheophyta | Euphyllophyta | Spermatophyta
GO:0032092	Eukaryota	2759.0	root | cellular organisms | Eukaryota
GO:0047634	Mesangiospermae	1437183.0	root | cellular organisms | Eukaryota | Viridiplantae | Streptophyta | Streptophytina | Embryophyta | Tracheophyta | Euphyllophyta | Spermatophyta | Magnoliopsida | Mesangiospermae
GO:0031274	Bilateria	33213.0	root | cellular organisms | Eukaryota | Opisthokonta | Metazoa | Eumetazoa | Bilateria
GO:0044550	root	1.0	root
GO:0080151	Mesangiospermae	1437183.0	root | cellular organisms | Eukaryota | Viridiplantae | Streptophyta | Streptophytina | Embryophyta | Tracheophyta | Euphyllophyta | Spermatophyta | Magnoliopsida | Mesangiospermae
GO:0046380	cellular organisms	131567.0	root | cellular organisms
GO:1990785	Eukaryota	2759.0	root | cellular organisms | Eukaryota
GO:0038128	root	1.0	root
GO:0102118	Mesangiospermae	1437183.0	root | cellular organisms | Eukaryota | Viridiplantae | Streptophyta | Streptophytina | Embryophyta | Tracheophyta | Euphyllophyta | Spermatophyta | Magnoliopsida | Mesangiospermae
GO:0019344	root	1.0	root
GO:0010297	Viridiplantae	33090.0	root | cellular organisms | Eukaryota | Viridiplantae
GO:0070043	cellular organisms	131567.0	root | cellular organisms
GO:0045168	Mesangiospermae	1437183.0	root | cellular organisms | Eukaryota | Viridiplantae | Streptophyta | Streptophytina | Embryophyta | Tracheophyta | Euphyllophyta | Spermatophyta | Magnoliopsida | Mesangiospermae
GO:0009409	cellular organisms	131567.0	root | cellular organisms
GO:0005874	cellular organisms	131567.0	root | cellular organisms
GO:0090448	Brassicaceae	3700.0	root | cellular organisms | Eukaryota | Viridiplantae | Streptophyta | Streptophytina | Embryophyta | Tracheophyta | Euphyllophyta | Spermatophyta | Magnoliopsida | Mesangiospermae | eudicotyledons | Gunneridae | Pentapetalae | rosids | malvids | Brassicales | Brassicaceae
GO:0010338	Arabidopsis thaliana	3702.0	root | cellular organisms | Eukaryota | Viridiplantae | Streptophyta | Streptophytina | Embryophyta | Tracheophyta | Euphyllophyta | Spermatophyta | Magnoliopsida | Mesangiospermae | eudicotyledons | Gunneridae | Pentapetalae | rosids | malvids | Brassicales | Brassicaceae | Camelineae | Arabidopsis | Arabidopsis thaliana
GO:0016324	cellular organisms	131567.0	root | cellular organisms
GO:1905202	cellular organisms	131567.0	root | cellular organisms
GO:1901990	Opisthokonta	33154.0	root | cellular organisms | Eukaryota | Opisthokonta
GO:0003697	Unknown		3470597
GO:0006715	Eukaryota	2759.0	root | cellular organisms | Eukaryota
GO:0047982	cellular organisms	131567.0	root | cellular organisms
GO:0010431	Spermatophyta	58024.0	root | cellular organisms | Eukaryota | Viridiplantae | Streptophyta | Streptophytina | Embryophyta | Tracheophyta | Euphyllophyta | Spermatophyta
GO:0015039	Unknown		
GO:0021532	Euteleostomi	117571.0	root | cellular organisms | Eukaryota | Opisthokonta | Metazoa | Eumetazoa | Bilateria | Deuterostomia | Chordata | Craniata | Vertebrata | Gnathostomata | Teleostomi | Euteleostomi
GO:0000162	root	1.0	root
GO:0030795	Mesangiospermae	1437183.0	root | cellular organisms | Eukaryota | Viridiplantae | Streptophyta | Streptophytina | Embryophyta | Tracheophyta | Euphyllophyta | Spermatophyta | Magnoliopsida | Mesangiospermae
GO:0042788	Unknown		
GO:0032775	Unknown		
GO:0080150	Mesangiospermae	1437183.0	root | cellular organisms | Eukaryota | Viridiplantae | Streptophyta | Streptophytina | Embryophyta | Tracheophyta | Euphyllophyta | Spermatophyta | Magnoliopsida | Mesangiospermae
GO:0010490	Eukaryota	2759.0	root | cellular organisms | Eukaryota
GO:0035312	root	1.0	root
GO:0034693	Eukaryota	2759.0	root | cellular organisms | Eukaryota
GO:0004576	cellular organisms	131567.0	root | cellular organisms
GO:0042744	root	1.0	root
GO:0048527	Viridiplantae	33090.0	root | cellular organisms | Eukaryota | Viridiplantae
GO:0044826	Viruses	10239.0	root | Viruses
GO:0018963	cellular organisms	131567.0	root | cellular organisms
GO:0098975	Drosophila	7215.0	root | cellular organisms | Eukaryota | Opisthokonta | Metazoa | Eumetazoa | Bilateria | Protostomia | Ecdysozoa | Panarthropoda | Arthropoda | Mandibulata | Pancrustacea | Altocrustacea | Allotriocarida | Hexapoda | Insecta | Dicondylia | Pterygota | Neoptera | Eumetabola | Endopterygota | Aparaglossata | Panorpida | Diptera | Brachycera | Muscomorpha | Eremoneura | Cyclorrhapha | Schizophora | Acalyptratae | Ephydroidea | Drosophilidae | Drosophilinae | Drosophilini | Drosophila
GO:0003962	cellular organisms	131567.0	root | cellular organisms
GO:0009556	Magnoliopsida	3398.0	root | cellular organisms | Eukaryota | Viridiplantae | Streptophyta | Streptophytina | Embryophyta | Tracheophyta | Euphyllophyta | Spermatophyta | Magnoliopsida
GO:0032586	Embryophyta	3193.0	root | cellular organisms | Eukaryota | Viridiplantae | Streptophyta | Streptophytina | Embryophyta
GO:0032880	root	1.0	root
GO:0004311	root	1.0	root
GO:0009157	Unknown		3470597
GO:0015917	Eukaryota	2759.0	root | cellular organisms | Eukaryota
GO:0097527	cellular organisms	131567.0	root | cellular organisms
GO:0006561	Unknown		
GO:0016593	Eukaryota	2759.0	root | cellular organisms | Eukaryota
GO:0051216	Chordata	7711.0	root | cellular organisms | Eukaryota | Opisthokonta | Metazoa | Eumetazoa | Bilateria | Deuterostomia | Chordata
GO:0000388	Eukaryota	2759.0	root | cellular organisms | Eukaryota
GO:1902347	Magnoliopsida	3398.0	root | cellular organisms | Eukaryota | Viridiplantae | Streptophyta | Streptophytina | Embryophyta | Tracheophyta | Euphyllophyta | Spermatophyta | Magnoliopsida
GO:0090150	cellular organisms	131567.0	root | cellular organisms
GO:0090363	Unknown		
GO:0102824	Unknown		
GO:2000671	Boreoeutheria	1437010.0	root | cellular organisms | Eukaryota | Opisthokonta | Metazoa | Eumetazoa | Bilateria | Deuterostomia | Chordata | Craniata | Vertebrata | Gnathostomata | Teleostomi | Euteleostomi | Sarcopterygii | Dipnotetrapodomorpha | Tetrapoda | Amniota | Mammalia | Theria | Eutheria | Boreoeutheria
GO:0008681	cellular organisms	131567.0	root | cellular organisms
GO:0006955	Unknown		3470597
GO:0044014	Unknown		
GO:0019673	root	1.0	root
GO:1902448	Mesangiospermae	1437183.0	root | cellular organisms | Eukaryota | Viridiplantae | Streptophyta | Streptophytina | Embryophyta | Tracheophyta | Euphyllophyta | Spermatophyta | Magnoliopsida | Mesangiospermae
GO:0060816	Euteleostomi	117571.0	root | cellular organisms | Eukaryota | Opisthokonta | Metazoa | Eumetazoa | Bilateria | Deuterostomia | Chordata | Craniata | Vertebrata | Gnathostomata | Teleostomi | Euteleostomi
GO:0044214	Unknown		
GO:0031119	cellular organisms	131567.0	root | cellular organisms
GO:0046658	Unknown		
GO:0051729	Bilateria	33213.0	root | cellular organisms | Eukaryota | Opisthokonta | Metazoa | Eumetazoa | Bilateria
GO:0006384	cellular organisms	131567.0	root | cellular organisms
GO:0032094	Bilateria	33213.0	root | cellular organisms | Eukaryota | Opisthokonta | Metazoa | Eumetazoa | Bilateria
GO:0045730	Eukaryota	2759.0	root | cellular organisms | Eukaryota
GO:0050731	Amniota	32524.0	root | cellular organisms | Eukaryota | Opisthokonta | Metazoa | Eumetazoa | Bilateria | Deuterostomia | Chordata | Craniata | Vertebrata | Gnathostomata | Teleostomi | Euteleostomi | Sarcopterygii | Dipnotetrapodomorpha | Tetrapoda | Amniota
GO:0030946	Eukaryota	2759.0	root | cellular organisms | Eukaryota
GO:0033573	cellular organisms	131567.0	root | cellular organisms
GO:0022408	Eukaryota	2759.0	root | cellular organisms | Eukaryota
GO:0080169	Arabidopsis thaliana	3702.0	root | cellular organisms | Eukaryota | Viridiplantae | Streptophyta | Streptophytina | Embryophyta | Tracheophyta | Euphyllophyta | Spermatophyta | Magnoliopsida | Mesangiospermae | eudicotyledons | Gunneridae | Pentapetalae | rosids | malvids | Brassicales | Brassicaceae | Camelineae | Arabidopsis | Arabidopsis thaliana
GO:0005685	Eukaryota	2759.0	root | cellular organisms | Eukaryota
GO:0010587	Eukaryota	2759.0	root | cellular organisms | Eukaryota
GO:0004721	root	1.0	root
GO:1903415	Magnoliopsida	3398.0	root | cellular organisms | Eukaryota | Viridiplantae | Streptophyta | Streptophytina | Embryophyta | Tracheophyta | Euphyllophyta | Spermatophyta | Magnoliopsida
GO:0043531	root	1.0	root
GO:0010319	Viridiplantae	33090.0	root | cellular organisms | Eukaryota | Viridiplantae
GO:0005634	root	1.0	root
GO:1905435	Unknown		
GO:2000008	Eukaryota	2759.0	root | cellular organisms | Eukaryota
GO:0007350	Drosophila	7215.0	root | cellular organisms | Eukaryota | Opisthokonta | Metazoa | Eumetazoa | Bilateria | Protostomia | Ecdysozoa | Panarthropoda | Arthropoda | Mandibulata | Pancrustacea | Altocrustacea | Allotriocarida | Hexapoda | Insecta | Dicondylia | Pterygota | Neoptera | Eumetabola | Endopterygota | Aparaglossata | Panorpida | Diptera | Brachycera | Muscomorpha | Eremoneura | Cyclorrhapha | Schizophora | Acalyptratae | Ephydroidea | Drosophilidae | Drosophilinae | Drosophilini | Drosophila
GO:0005681	Eukaryota	2759.0	root | cellular organisms | Eukaryota
GO:1901218	Unknown		
GO:0080177	Viridiplantae	33090.0	root | cellular organisms | Eukaryota | Viridiplantae
GO:1903138	Fungi	4751.0	root | cellular organisms | Eukaryota | Opisthokonta | Fungi
GO:1904751	Opisthokonta	33154.0	root | cellular organisms | Eukaryota | Opisthokonta
GO:0019079	root	1.0	root
GO:0031227	Unknown		
GO:1902326	Viridiplantae	33090.0	root | cellular organisms | Eukaryota | Viridiplantae
GO:0015230	cellular organisms	131567.0	root | cellular organisms
GO:0035539	root	1.0	root
GO:0048444	Magnoliopsida	3398.0	root | cellular organisms | Eukaryota | Viridiplantae | Streptophyta | Streptophytina | Embryophyta | Tracheophyta | Euphyllophyta | Spermatophyta | Magnoliopsida
GO:0019628	cellular organisms	131567.0	root | cellular organisms
GO:1904962	Arabidopsis thaliana	3702.0	root | cellular organisms | Eukaryota | Viridiplantae | Streptophyta | Streptophytina | Embryophyta | Tracheophyta | Euphyllophyta | Spermatophyta | Magnoliopsida | Mesangiospermae | eudicotyledons | Gunneridae | Pentapetalae | rosids | malvids | Brassicales | Brassicaceae | Camelineae | Arabidopsis | Arabidopsis thaliana
GO:0000322	Eukaryota	2759.0	root | cellular organisms | Eukaryota
GO:0005507	root	1.0	root
GO:0043332	cellular organisms	131567.0	root | cellular organisms
GO:0006517	cellular organisms	131567.0	root | cellular organisms
GO:0048450	Mesangiospermae	1437183.0	root | cellular organisms | Eukaryota | Viridiplantae | Streptophyta | Streptophytina | Embryophyta | Tracheophyta | Euphyllophyta | Spermatophyta | Magnoliopsida | Mesangiospermae
GO:0010279	Mesangiospermae	1437183.0	root | cellular organisms | Eukaryota | Viridiplantae | Streptophyta | Streptophytina | Embryophyta | Tracheophyta | Euphyllophyta | Spermatophyta | Magnoliopsida | Mesangiospermae
GO:0048477	Metazoa	33208.0	root | cellular organisms | Eukaryota | Opisthokonta | Metazoa
GO:0015843	Eukaryota	2759.0	root | cellular organisms | Eukaryota
GO:0045876	Eukaryota	2759.0	root | cellular organisms | Eukaryota
GO:0051997	cellular organisms	131567.0	root | cellular organisms
GO:0007164	Eukaryota	2759.0	root | cellular organisms | Eukaryota
GO:0005242	cellular organisms	131567.0	root | cellular organisms
GO:0035859	cellular organisms	131567.0	root | cellular organisms
GO:0050373	Mesangiospermae	1437183.0	root | cellular organisms | Eukaryota | Viridiplantae | Streptophyta | Streptophytina | Embryophyta | Tracheophyta | Euphyllophyta | Spermatophyta | Magnoliopsida | Mesangiospermae
GO:0008013	cellular organisms	131567.0	root | cellular organisms
GO:1900158	Vertebrata	7742.0	root | cellular organisms | Eukaryota | Opisthokonta | Metazoa | Eumetazoa | Bilateria | Deuterostomia | Chordata | Craniata | Vertebrata
GO:0009861	Arabidopsis thaliana	3702.0	root | cellular organisms | Eukaryota | Viridiplantae | Streptophyta | Streptophytina | Embryophyta | Tracheophyta | Euphyllophyta | Spermatophyta | Magnoliopsida | Mesangiospermae | eudicotyledons | Gunneridae | Pentapetalae | rosids | malvids | Brassicales | Brassicaceae | Camelineae | Arabidopsis | Arabidopsis thaliana
GO:0004649	root	1.0	root
GO:0015853	cellular organisms	131567.0	root | cellular organisms
GO:1904970	Gnathostomata	7776.0	root | cellular organisms | Eukaryota | Opisthokonta | Metazoa | Eumetazoa | Bilateria | Deuterostomia | Chordata | Craniata | Vertebrata | Gnathostomata
GO:0044090	Eukaryota	2759.0	root | cellular organisms | Eukaryota
GO:0045182	cellular organisms	131567.0	root | cellular organisms
GO:0045055	cellular organisms	131567.0	root | cellular organisms
GO:0090708	Viridiplantae	33090.0	root | cellular organisms | Eukaryota | Viridiplantae
GO:0017095	cellular organisms	131567.0	root | cellular organisms
GO:0009615	cellular organisms	131567.0	root | cellular organisms
GO:0030288	root	1.0	root
GO:0005991	cellular organisms	131567.0	root | cellular organisms
GO:0035825	cellular organisms	131567.0	root | cellular organisms
GO:1904813	Primates	9443.0	root | cellular organisms | Eukaryota | Opisthokonta | Metazoa | Eumetazoa | Bilateria | Deuterostomia | Chordata | Craniata | Vertebrata | Gnathostomata | Teleostomi | Euteleostomi | Sarcopterygii | Dipnotetrapodomorpha | Tetrapoda | Amniota | Mammalia | Theria | Eutheria | Boreoeutheria | Euarchontoglires | Primates
GO:0052751	cellular organisms	131567.0	root | cellular organisms
GO:0047434	cellular organisms	131567.0	root | cellular organisms
GO:0009737	cellular organisms	131567.0	root | cellular organisms
GO:0071466	cellular organisms	131567.0	root | cellular organisms
GO:0160205	cellular organisms	131567.0	root | cellular organisms
GO:0003905	root	1.0	root
GO:0071562	Eukaryota	2759.0	root | cellular organisms | Eukaryota
GO:0006362	cellular organisms	131567.0	root | cellular organisms
GO:1901000	cellular organisms	131567.0	root | cellular organisms
GO:0036149	cellular organisms	131567.0	root | cellular organisms
GO:1905895	Unknown		
GO:0042790	Eukaryota	2759.0	root | cellular organisms | Eukaryota
GO:0010601	Magnoliopsida	3398.0	root | cellular organisms | Eukaryota | Viridiplantae | Streptophyta | Streptophytina | Embryophyta | Tracheophyta | Euphyllophyta | Spermatophyta | Magnoliopsida
GO:0000470	cellular organisms	131567.0	root | cellular organisms
GO:0030500	Vertebrata	7742.0	root | cellular organisms | Eukaryota | Opisthokonta | Metazoa | Eumetazoa | Bilateria | Deuterostomia | Chordata | Craniata | Vertebrata
GO:0071008	Eukaryota	2759.0	root | cellular organisms | Eukaryota
GO:0060041	Vertebrata	7742.0	root | cellular organisms | Eukaryota | Opisthokonta | Metazoa | Eumetazoa | Bilateria | Deuterostomia | Chordata | Craniata | Vertebrata
GO:0006094	root	1.0	root
GO:0035902	Euteleostomi	117571.0	root | cellular organisms | Eukaryota | Opisthokonta | Metazoa | Eumetazoa | Bilateria | Deuterostomia | Chordata | Craniata | Vertebrata | Gnathostomata | Teleostomi | Euteleostomi
GO:0016157	cellular organisms	131567.0	root | cellular organisms
GO:0003831	cellular organisms	131567.0	root | cellular organisms
GO:0008428	cellular organisms	131567.0	root | cellular organisms
GO:0019762	Eukaryota	2759.0	root | cellular organisms | Eukaryota
GO:0030136	cellular organisms	131567.0	root | cellular organisms
GO:0102053	Unknown		
GO:0098739	Eukaryota	2759.0	root | cellular organisms | Eukaryota
GO:0003714	cellular organisms	131567.0	root | cellular organisms
GO:0005049	Eukaryota	2759.0	root | cellular organisms | Eukaryota
GO:0030436	cellular organisms	131567.0	root | cellular organisms
GO:0030950	Eukaryota	2759.0	root | cellular organisms | Eukaryota
GO:1904810	Rhabditida	6236.0	root | cellular organisms | Eukaryota | Opisthokonta | Metazoa | Eumetazoa | Bilateria | Protostomia | Ecdysozoa | Nematoda | Chromadorea | Rhabditida
GO:0003331	Euteleostomi	117571.0	root | cellular organisms | Eukaryota | Opisthokonta | Metazoa | Eumetazoa | Bilateria | Deuterostomia | Chordata | Craniata | Vertebrata | Gnathostomata | Teleostomi | Euteleostomi
GO:0050830	root	1.0	root
GO:0051742	cellular organisms	131567.0	root | cellular organisms
GO:0051926	Bilateria	33213.0	root | cellular organisms | Eukaryota | Opisthokonta | Metazoa | Eumetazoa | Bilateria
GO:0052541	malvids	91836.0	root | cellular organisms | Eukaryota | Viridiplantae | Streptophyta | Streptophytina | Embryophyta | Tracheophyta | Euphyllophyta | Spermatophyta | Magnoliopsida | Mesangiospermae | eudicotyledons | Gunneridae | Pentapetalae | rosids | malvids
GO:0004634	root	1.0	root
GO:0071169	cellular organisms	131567.0	root | cellular organisms
GO:0008716	root	1.0	root
GO:0007416	Eumetazoa	6072.0	root | cellular organisms | Eukaryota | Opisthokonta | Metazoa | Eumetazoa
GO:0016711	Eukaryota	2759.0	root | cellular organisms | Eukaryota
GO:0070861	Mus musculus	10090.0	root | cellular organisms | Eukaryota | Opisthokonta | Metazoa | Eumetazoa | Bilateria | Deuterostomia | Chordata | Craniata | Vertebrata | Gnathostomata | Teleostomi | Euteleostomi | Sarcopterygii | Dipnotetrapodomorpha | Tetrapoda | Amniota | Mammalia | Theria | Eutheria | Boreoeutheria | Euarchontoglires | Glires | Rodentia | Myomorpha | Muroidea | Muridae | Murinae | Mus | Mus | Mus musculus
GO:0036035	Euteleostomi	117571.0	root | cellular organisms | Eukaryota | Opisthokonta | Metazoa | Eumetazoa | Bilateria | Deuterostomia | Chordata | Craniata | Vertebrata | Gnathostomata | Teleostomi | Euteleostomi
GO:1901895	Boreoeutheria	1437010.0	root | cellular organisms | Eukaryota | Opisthokonta | Metazoa | Eumetazoa | Bilateria | Deuterostomia | Chordata | Craniata | Vertebrata | Gnathostomata | Teleostomi | Euteleostomi | Sarcopterygii | Dipnotetrapodomorpha | Tetrapoda | Amniota | Mammalia | Theria | Eutheria | Boreoeutheria
GO:0004021	cellular organisms	131567.0	root | cellular organisms
GO:0010759	Gnathostomata	7776.0	root | cellular organisms | Eukaryota | Opisthokonta | Metazoa | Eumetazoa | Bilateria | Deuterostomia | Chordata | Craniata | Vertebrata | Gnathostomata
GO:0002939	cellular organisms	131567.0	root | cellular organisms
GO:0016532	Eukaryota	2759.0	root | cellular organisms | Eukaryota
GO:0140487	Eukaryota	2759.0	root | cellular organisms | Eukaryota
GO:0090335	Amniota	32524.0	root | cellular organisms | Eukaryota | Opisthokonta | Metazoa | Eumetazoa | Bilateria | Deuterostomia | Chordata | Craniata | Vertebrata | Gnathostomata | Teleostomi | Euteleostomi | Sarcopterygii | Dipnotetrapodomorpha | Tetrapoda | Amniota
GO:0055010	Gnathostomata	7776.0	root | cellular organisms | Eukaryota | Opisthokonta | Metazoa | Eumetazoa | Bilateria | Deuterostomia | Chordata | Craniata | Vertebrata | Gnathostomata
GO:1900746	Gnathostomata	7776.0	root | cellular organisms | Eukaryota | Opisthokonta | Metazoa | Eumetazoa | Bilateria | Deuterostomia | Chordata | Craniata | Vertebrata | Gnathostomata
GO:0008670	root	1.0	root
GO:1905907	cellular organisms	131567.0	root | cellular organisms
GO:0043407	Amniota	32524.0	root | cellular organisms | Eukaryota | Opisthokonta | Metazoa | Eumetazoa | Bilateria | Deuterostomia | Chordata | Craniata | Vertebrata | Gnathostomata | Teleostomi | Euteleostomi | Sarcopterygii | Dipnotetrapodomorpha | Tetrapoda | Amniota
GO:0018106	Pseudomonadati	3379134.0	root | cellular organisms | Bacteria | Pseudomonadati
GO:0004070	root	1.0	root
GO:0019725	Eukaryota	2759.0	root | cellular organisms | Eukaryota
GO:0036089	cellular organisms	131567.0	root | cellular organisms
GO:0010091	Viridiplantae	33090.0	root | cellular organisms | Eukaryota | Viridiplantae
GO:0004567	cellular organisms	131567.0	root | cellular organisms
GO:0004534	root	1.0	root
GO:0050909	Eumetazoa	6072.0	root | cellular organisms | Eukaryota | Opisthokonta | Metazoa | Eumetazoa
GO:0006695	root	1.0	root
GO:0021695	Euteleostomi	117571.0	root | cellular organisms | Eukaryota | Opisthokonta | Metazoa | Eumetazoa | Bilateria | Deuterostomia | Chordata | Craniata | Vertebrata | Gnathostomata | Teleostomi | Euteleostomi
GO:0005749	Unknown		
GO:0009696	cellular organisms	131567.0	root | cellular organisms
GO:0015297	root	1.0	root
GO:0010474	Unknown		
GO:0009652	Eukaryota	2759.0	root | cellular organisms | Eukaryota
GO:0090306	Eukaryota	2759.0	root | cellular organisms | Eukaryota
GO:0043879	cellular organisms	131567.0	root | cellular organisms
GO:0045921	Eukaryota	2759.0	root | cellular organisms | Eukaryota
GO:0015718	cellular organisms	131567.0	root | cellular organisms
GO:0005770	root	1.0	root
GO:0030867	Eukaryota	2759.0	root | cellular organisms | Eukaryota
GO:0019098	Bilateria	33213.0	root | cellular organisms | Eukaryota | Opisthokonta | Metazoa | Eumetazoa | Bilateria
GO:0035598	cellular organisms	131567.0	root | cellular organisms
GO:0102895	Mesangiospermae	1437183.0	root | cellular organisms | Eukaryota | Viridiplantae | Streptophyta | Streptophytina | Embryophyta | Tracheophyta | Euphyllophyta | Spermatophyta | Magnoliopsida | Mesangiospermae
GO:0006598	cellular organisms	131567.0	root | cellular organisms
GO:0140597	Eukaryota	2759.0	root | cellular organisms | Eukaryota
GO:0030901	Gnathostomata	7776.0	root | cellular organisms | Eukaryota | Opisthokonta | Metazoa | Eumetazoa | Bilateria | Deuterostomia | Chordata | Craniata | Vertebrata | Gnathostomata
GO:1904357	Bilateria	33213.0	root | cellular organisms | Eukaryota | Opisthokonta | Metazoa | Eumetazoa | Bilateria
GO:0009204	Eukaryota	2759.0	root | cellular organisms | Eukaryota
GO:0004430	cellular organisms	131567.0	root | cellular organisms
GO:0030797	cellular organisms	131567.0	root | cellular organisms
GO:0061503	cellular organisms	131567.0	root | cellular organisms
GO:0004351	cellular organisms	131567.0	root | cellular organisms
GO:0120195	Arabidopsis thaliana	3702.0	root | cellular organisms | Eukaryota | Viridiplantae | Streptophyta | Streptophytina | Embryophyta | Tracheophyta | Euphyllophyta | Spermatophyta | Magnoliopsida | Mesangiospermae | eudicotyledons | Gunneridae | Pentapetalae | rosids | malvids | Brassicales | Brassicaceae | Camelineae | Arabidopsis | Arabidopsis thaliana
GO:0070932	Unknown		
GO:0010032	Eukaryota	2759.0	root | cellular organisms | Eukaryota
GO:0080170	Eukaryota	2759.0	root | cellular organisms | Eukaryota
GO:0010945	cellular organisms	131567.0	root | cellular organisms
GO:0016117	cellular organisms	131567.0	root | cellular organisms
GO:0006101	cellular organisms	131567.0	root | cellular organisms
GO:0008092	cellular organisms	131567.0	root | cellular organisms
GO:0008195	cellular organisms	131567.0	root | cellular organisms
GO:0016780	root	1.0	root
GO:0102170	Pentapetalae	1437201.0	root | cellular organisms | Eukaryota | Viridiplantae | Streptophyta | Streptophytina | Embryophyta | Tracheophyta | Euphyllophyta | Spermatophyta | Magnoliopsida | Mesangiospermae | eudicotyledons | Gunneridae | Pentapetalae
GO:0032091	cellular organisms	131567.0	root | cellular organisms
GO:0008219	Eukaryota	2759.0	root | cellular organisms | Eukaryota
GO:0043569	Bilateria	33213.0	root | cellular organisms | Eukaryota | Opisthokonta | Metazoa | Eumetazoa | Bilateria
GO:0051211	Eukaryota	2759.0	root | cellular organisms | Eukaryota
GO:0071485	Pentapetalae	1437201.0	root | cellular organisms | Eukaryota | Viridiplantae | Streptophyta | Streptophytina | Embryophyta | Tracheophyta | Euphyllophyta | Spermatophyta | Magnoliopsida | Mesangiospermae | eudicotyledons | Gunneridae | Pentapetalae
GO:0070516	Amniota	32524.0	root | cellular organisms | Eukaryota | Opisthokonta | Metazoa | Eumetazoa | Bilateria | Deuterostomia | Chordata | Craniata | Vertebrata | Gnathostomata | Teleostomi | Euteleostomi | Sarcopterygii | Dipnotetrapodomorpha | Tetrapoda | Amniota
GO:0050873	Euteleostomi	117571.0	root | cellular organisms | Eukaryota | Opisthokonta | Metazoa | Eumetazoa | Bilateria | Deuterostomia | Chordata | Craniata | Vertebrata | Gnathostomata | Teleostomi | Euteleostomi
GO:0034260	cellular organisms	131567.0	root | cellular organisms
GO:0060742	Tetrapoda	32523.0	root | cellular organisms | Eukaryota | Opisthokonta | Metazoa | Eumetazoa | Bilateria | Deuterostomia | Chordata | Craniata | Vertebrata | Gnathostomata | Teleostomi | Euteleostomi | Sarcopterygii | Dipnotetrapodomorpha | Tetrapoda
GO:0006482	cellular organisms	131567.0	root | cellular organisms
GO:0007100	Eukaryota	2759.0	root | cellular organisms | Eukaryota
GO:0019915	root	1.0	root
GO:0099080	Unknown		
GO:0140825	cellular organisms	131567.0	root | cellular organisms
GO:1904823	cellular organisms	131567.0	root | cellular organisms
GO:0080034	Arabidopsis thaliana	3702.0	root | cellular organisms | Eukaryota | Viridiplantae | Streptophyta | Streptophytina | Embryophyta | Tracheophyta | Euphyllophyta | Spermatophyta | Magnoliopsida | Mesangiospermae | eudicotyledons | Gunneridae | Pentapetalae | rosids | malvids | Brassicales | Brassicaceae | Camelineae | Arabidopsis | Arabidopsis thaliana
GO:0097363	root	1.0	root
GO:0043399	Eukaryota	2759.0	root | cellular organisms | Eukaryota
GO:0004402	root	1.0	root
GO:0050684	cellular organisms	131567.0	root | cellular organisms
GO:0035101	Eukaryota	2759.0	root | cellular organisms | Eukaryota
GO:0032516	Unknown		
GO:0050772	Opisthokonta	33154.0	root | cellular organisms | Eukaryota | Opisthokonta
GO:0001006	cellular organisms	131567.0	root | cellular organisms
GO:0071217	Eukaryota	2759.0	root | cellular organisms | Eukaryota
GO:0010280	Viridiplantae	33090.0	root | cellular organisms | Eukaryota | Viridiplantae
GO:0034196	Eukaryota	2759.0	root | cellular organisms | Eukaryota
GO:0004069	root	1.0	root
GO:0004385	root	1.0	root
GO:0006558	Eukaryota	2759.0	root | cellular organisms | Eukaryota
GO:2000373	Mammalia	40674.0	root | cellular organisms | Eukaryota | Opisthokonta | Metazoa | Eumetazoa | Bilateria | Deuterostomia | Chordata | Craniata | Vertebrata | Gnathostomata | Teleostomi | Euteleostomi | Sarcopterygii | Dipnotetrapodomorpha | Tetrapoda | Amniota | Mammalia
GO:0033729	cellular organisms	131567.0	root | cellular organisms
GO:0045671	Vertebrata	7742.0	root | cellular organisms | Eukaryota | Opisthokonta | Metazoa | Eumetazoa | Bilateria | Deuterostomia | Chordata | Craniata | Vertebrata
GO:0016605	Eukaryota	2759.0	root | cellular organisms | Eukaryota
GO:0031145	root	1.0	root
GO:0048315	leotiomyceta	716546.0	root | cellular organisms | Eukaryota | Opisthokonta | Fungi | Dikarya | Ascomycota | saccharomyceta | Pezizomycotina | leotiomyceta
GO:0090116	Unknown		
GO:0097043	Unknown		
GO:0010373	Brassicaceae	3700.0	root | cellular organisms | Eukaryota | Viridiplantae | Streptophyta | Streptophytina | Embryophyta | Tracheophyta | Euphyllophyta | Spermatophyta | Magnoliopsida | Mesangiospermae | eudicotyledons | Gunneridae | Pentapetalae | rosids | malvids | Brassicales | Brassicaceae
GO:0006437	root	1.0	root
GO:0052726	cellular organisms	131567.0	root | cellular organisms
GO:0019029	Viruses	10239.0	root | Viruses
GO:0052746	Unknown		
GO:0047890	cellular organisms	131567.0	root | cellular organisms
GO:0043136	cellular organisms	131567.0	root | cellular organisms
GO:0006653	Mus musculus	10090.0	root | cellular organisms | Eukaryota | Opisthokonta | Metazoa | Eumetazoa | Bilateria | Deuterostomia | Chordata | Craniata | Vertebrata | Gnathostomata | Teleostomi | Euteleostomi | Sarcopterygii | Dipnotetrapodomorpha | Tetrapoda | Amniota | Mammalia | Theria | Eutheria | Boreoeutheria | Euarchontoglires | Glires | Rodentia | Myomorpha | Muroidea | Muridae | Murinae | Mus | Mus | Mus musculus
GO:0008967	cellular organisms	131567.0	root | cellular organisms
GO:0051512	Mesangiospermae	1437183.0	root | cellular organisms | Eukaryota | Viridiplantae | Streptophyta | Streptophytina | Embryophyta | Tracheophyta | Euphyllophyta | Spermatophyta | Magnoliopsida | Mesangiospermae
GO:0043652	Eukaryota	2759.0	root | cellular organisms | Eukaryota
GO:0048829	Embryophyta	3193.0	root | cellular organisms | Eukaryota | Viridiplantae | Streptophyta | Streptophytina | Embryophyta
GO:0046848	Gnathostomata	7776.0	root | cellular organisms | Eukaryota | Opisthokonta | Metazoa | Eumetazoa | Bilateria | Deuterostomia | Chordata | Craniata | Vertebrata | Gnathostomata
GO:0002244	Bilateria	33213.0	root | cellular organisms | Eukaryota | Opisthokonta | Metazoa | Eumetazoa | Bilateria
GO:1990532	cellular organisms	131567.0	root | cellular organisms
GO:0103054	Unknown		
GO:0009729	Mesangiospermae	1437183.0	root | cellular organisms | Eukaryota | Viridiplantae | Streptophyta | Streptophytina | Embryophyta | Tracheophyta | Euphyllophyta | Spermatophyta | Magnoliopsida | Mesangiospermae
GO:0052545	Pentapetalae	1437201.0	root | cellular organisms | Eukaryota | Viridiplantae | Streptophyta | Streptophytina | Embryophyta | Tracheophyta | Euphyllophyta | Spermatophyta | Magnoliopsida | Mesangiospermae | eudicotyledons | Gunneridae | Pentapetalae
GO:0003383	Bilateria	33213.0	root | cellular organisms | Eukaryota | Opisthokonta | Metazoa | Eumetazoa | Bilateria
GO:0008525	cellular organisms	131567.0	root | cellular organisms
GO:0090356	Arabidopsis thaliana	3702.0	root | cellular organisms | Eukaryota | Viridiplantae | Streptophyta | Streptophytina | Embryophyta | Tracheophyta | Euphyllophyta | Spermatophyta | Magnoliopsida | Mesangiospermae | eudicotyledons | Gunneridae | Pentapetalae | rosids | malvids | Brassicales | Brassicaceae | Camelineae | Arabidopsis | Arabidopsis thaliana
GO:1903730	Unknown		
GO:1903460	Taphrinomycotina	451866.0	root | cellular organisms | Eukaryota | Opisthokonta | Fungi | Dikarya | Ascomycota | Taphrinomycotina
GO:0090090	cellular organisms	131567.0	root | cellular organisms
GO:0047325	cellular organisms	131567.0	root | cellular organisms
GO:0032940	cellular organisms	131567.0	root | cellular organisms
GO:0022604	cellular organisms	131567.0	root | cellular organisms
GO:0099026	Unknown		
GO:0030976	root	1.0	root
GO:0032211	Eukaryota	2759.0	root | cellular organisms | Eukaryota
GO:0008237	root	1.0	root
GO:0004362	cellular organisms	131567.0	root | cellular organisms
GO:0010170	cellular organisms	131567.0	root | cellular organisms
GO:0098857	Eukaryota	2759.0	root | cellular organisms | Eukaryota
GO:0010113	Spermatophyta	58024.0	root | cellular organisms | Eukaryota | Viridiplantae | Streptophyta | Streptophytina | Embryophyta | Tracheophyta | Euphyllophyta | Spermatophyta
GO:0035175	Eukaryota	2759.0	root | cellular organisms | Eukaryota
GO:0010287	Viridiplantae	33090.0	root | cellular organisms | Eukaryota | Viridiplantae
GO:0098808	root	1.0	root
GO:0030327	cellular organisms	131567.0	root | cellular organisms
GO:0010877	Bilateria	33213.0	root | cellular organisms | Eukaryota | Opisthokonta | Metazoa | Eumetazoa | Bilateria
GO:0000463	cellular organisms	131567.0	root | cellular organisms
GO:1990937	Unknown		
GO:1905815	Ecdysozoa	1206794.0	root | cellular organisms | Eukaryota | Opisthokonta | Metazoa | Eumetazoa | Bilateria | Protostomia | Ecdysozoa
GO:0140444	Opisthokonta	33154.0	root | cellular organisms | Eukaryota | Opisthokonta
GO:0008199	root	1.0	root
GO:0030297	Bilateria	33213.0	root | cellular organisms | Eukaryota | Opisthokonta | Metazoa | Eumetazoa | Bilateria
GO:0045893	Unknown		3470597
GO:0016539	root	1.0	root
GO:0061685	Eukaryota	2759.0	root | cellular organisms | Eukaryota
GO:0015120	Embryophyta	3193.0	root | cellular organisms | Eukaryota | Viridiplantae | Streptophyta | Streptophytina | Embryophyta
GO:0010043	cellular organisms	131567.0	root | cellular organisms
GO:0045648	Euteleostomi	117571.0	root | cellular organisms | Eukaryota | Opisthokonta | Metazoa | Eumetazoa | Bilateria | Deuterostomia | Chordata | Craniata | Vertebrata | Gnathostomata | Teleostomi | Euteleostomi
GO:0039657	Unknown		3470597
GO:1990571	Opisthokonta	33154.0	root | cellular organisms | Eukaryota | Opisthokonta
GO:0001708	cellular organisms	131567.0	root | cellular organisms
GO:0003712	cellular organisms	131567.0	root | cellular organisms
GO:0008251	cellular organisms	131567.0	root | cellular organisms
GO:0000439	Eukaryota	2759.0	root | cellular organisms | Eukaryota
GO:0004451	cellular organisms	131567.0	root | cellular organisms
GO:0005096	root	1.0	root
GO:0052666	Unknown		
GO:0042330	root	1.0	root
GO:0035266	Viridiplantae	33090.0	root | cellular organisms | Eukaryota | Viridiplantae
GO:1990388	Arabidopsis thaliana	3702.0	root | cellular organisms | Eukaryota | Viridiplantae | Streptophyta | Streptophytina | Embryophyta | Tracheophyta | Euphyllophyta | Spermatophyta | Magnoliopsida | Mesangiospermae | eudicotyledons | Gunneridae | Pentapetalae | rosids | malvids | Brassicales | Brassicaceae | Camelineae | Arabidopsis | Arabidopsis thaliana
GO:0006651	Eukaryota	2759.0	root | cellular organisms | Eukaryota
GO:0004563	root	1.0	root
GO:0097421	Euteleostomi	117571.0	root | cellular organisms | Eukaryota | Opisthokonta | Metazoa | Eumetazoa | Bilateria | Deuterostomia | Chordata | Craniata | Vertebrata | Gnathostomata | Teleostomi | Euteleostomi
GO:0033857	Eukaryota	2759.0	root | cellular organisms | Eukaryota
GO:0009863	Eukaryota	2759.0	root | cellular organisms | Eukaryota
GO:0048533	Arabidopsis thaliana	3702.0	root | cellular organisms | Eukaryota | Viridiplantae | Streptophyta | Streptophytina | Embryophyta | Tracheophyta | Euphyllophyta | Spermatophyta | Magnoliopsida | Mesangiospermae | eudicotyledons | Gunneridae | Pentapetalae | rosids | malvids | Brassicales | Brassicaceae | Camelineae | Arabidopsis | Arabidopsis thaliana
GO:0005788	Eukaryota	2759.0	root | cellular organisms | Eukaryota
GO:0102978	cellular organisms	131567.0	root | cellular organisms
GO:0009856	Streptophyta	35493.0	root | cellular organisms | Eukaryota | Viridiplantae | Streptophyta
GO:0032787	root	1.0	root
GO:0019557	Unknown		
GO:0080045	Mesangiospermae	1437183.0	root | cellular organisms | Eukaryota | Viridiplantae | Streptophyta | Streptophytina | Embryophyta | Tracheophyta | Euphyllophyta | Spermatophyta | Magnoliopsida | Mesangiospermae
GO:0004496	cellular organisms	131567.0	root | cellular organisms
GO:0008412	cellular organisms	131567.0	root | cellular organisms
GO:0050665	Eukaryota	2759.0	root | cellular organisms | Eukaryota
GO:0080124	Eukaryota	2759.0	root | cellular organisms | Eukaryota
GO:0018316	Arabidopsis thaliana	3702.0	root | cellular organisms | Eukaryota | Viridiplantae | Streptophyta | Streptophytina | Embryophyta | Tracheophyta | Euphyllophyta | Spermatophyta | Magnoliopsida | Mesangiospermae | eudicotyledons | Gunneridae | Pentapetalae | rosids | malvids | Brassicales | Brassicaceae | Camelineae | Arabidopsis | Arabidopsis thaliana
GO:0036456	Unknown		
GO:0019287	cellular organisms	131567.0	root | cellular organisms
GO:0046916	Unknown		
GO:0003846	Eukaryota	2759.0	root | cellular organisms | Eukaryota
GO:0033132	Tetrapoda	32523.0	root | cellular organisms | Eukaryota | Opisthokonta | Metazoa | Eumetazoa | Bilateria | Deuterostomia | Chordata | Craniata | Vertebrata | Gnathostomata | Teleostomi | Euteleostomi | Sarcopterygii | Dipnotetrapodomorpha | Tetrapoda
GO:0070903	Opisthokonta	33154.0	root | cellular organisms | Eukaryota | Opisthokonta
GO:0010477	Eukaryota	2759.0	root | cellular organisms | Eukaryota
GO:0050403	Mesangiospermae	1437183.0	root | cellular organisms | Eukaryota | Viridiplantae | Streptophyta | Streptophytina | Embryophyta | Tracheophyta | Euphyllophyta | Spermatophyta | Magnoliopsida | Mesangiospermae
GO:0017053	root	1.0	root
GO:0071261	Eukaryota	2759.0	root | cellular organisms | Eukaryota
GO:0042720	Eukaryota	2759.0	root | cellular organisms | Eukaryota
GO:0030581	Eukaryota	2759.0	root | cellular organisms | Eukaryota
GO:0070741	Amniota	32524.0	root | cellular organisms | Eukaryota | Opisthokonta | Metazoa | Eumetazoa | Bilateria | Deuterostomia | Chordata | Craniata | Vertebrata | Gnathostomata | Teleostomi | Euteleostomi | Sarcopterygii | Dipnotetrapodomorpha | Tetrapoda | Amniota
GO:0016120	cellular organisms	131567.0	root | cellular organisms
GO:0005985	cellular organisms	131567.0	root | cellular organisms
GO:0010955	Bilateria	33213.0	root | cellular organisms | Eukaryota | Opisthokonta | Metazoa | Eumetazoa | Bilateria
GO:0004739	cellular organisms	131567.0	root | cellular organisms
GO:0008160	Eukaryota	2759.0	root | cellular organisms | Eukaryota
GO:0010450	Arabidopsis thaliana	3702.0	root | cellular organisms | Eukaryota | Viridiplantae | Streptophyta | Streptophytina | Embryophyta | Tracheophyta | Euphyllophyta | Spermatophyta | Magnoliopsida | Mesangiospermae | eudicotyledons | Gunneridae | Pentapetalae | rosids | malvids | Brassicales | Brassicaceae | Camelineae | Arabidopsis | Arabidopsis thaliana
GO:1901731	Gnathostomata	7776.0	root | cellular organisms | Eukaryota | Opisthokonta | Metazoa | Eumetazoa | Bilateria | Deuterostomia | Chordata | Craniata | Vertebrata | Gnathostomata
GO:0102861	Unknown		
GO:0071218	cellular organisms	131567.0	root | cellular organisms
GO:0043198	Bilateria	33213.0	root | cellular organisms | Eukaryota | Opisthokonta | Metazoa | Eumetazoa | Bilateria
GO:0010315	Viridiplantae	33090.0	root | cellular organisms | Eukaryota | Viridiplantae
GO:0016851	cellular organisms	131567.0	root | cellular organisms
GO:0016578	Unknown		
GO:0018013	Euteleostomi	117571.0	root | cellular organisms | Eukaryota | Opisthokonta | Metazoa | Eumetazoa | Bilateria | Deuterostomia | Chordata | Craniata | Vertebrata | Gnathostomata | Teleostomi | Euteleostomi
GO:0006312	cellular organisms	131567.0	root | cellular organisms
GO:0015631	cellular organisms	131567.0	root | cellular organisms
GO:0003333	cellular organisms	131567.0	root | cellular organisms
GO:0050321	cellular organisms	131567.0	root | cellular organisms
GO:0019171	cellular organisms	131567.0	root | cellular organisms
GO:0019988	cellular organisms	131567.0	root | cellular organisms
GO:0003871	cellular organisms	131567.0	root | cellular organisms
GO:0033363	Eukaryota	2759.0	root | cellular organisms | Eukaryota
GO:0043274	Eukaryota	2759.0	root | cellular organisms | Eukaryota
GO:1901046	Nematoda	6231.0	root | cellular organisms | Eukaryota | Opisthokonta | Metazoa | Eumetazoa | Bilateria | Protostomia | Ecdysozoa | Nematoda
GO:0120115	Eukaryota	2759.0	root | cellular organisms | Eukaryota
GO:0042183	cellular organisms	131567.0	root | cellular organisms
GO:0032508	Unknown		
GO:0071249	cellular organisms	131567.0	root | cellular organisms
GO:0004490	cellular organisms	131567.0	root | cellular organisms
GO:0034446	Eukaryota	2759.0	root | cellular organisms | Eukaryota
GO:0017077	Eukaryota	2759.0	root | cellular organisms | Eukaryota
GO:0005844	Unknown		
GO:0009240	cellular organisms	131567.0	root | cellular organisms
GO:0005639	Unknown		
GO:0034633	Metazoa	33208.0	root | cellular organisms | Eukaryota | Opisthokonta | Metazoa
GO:0030334	root	1.0	root
GO:0015179	cellular organisms	131567.0	root | cellular organisms
GO:0102028	Unknown		
GO:0042392	cellular organisms	131567.0	root | cellular organisms
GO:0005484	root	1.0	root
GO:0043813	Eukaryota	2759.0	root | cellular organisms | Eukaryota
GO:0046861	malvids	91836.0	root | cellular organisms | Eukaryota | Viridiplantae | Streptophyta | Streptophytina | Embryophyta | Tracheophyta | Euphyllophyta | Spermatophyta | Magnoliopsida | Mesangiospermae | eudicotyledons | Gunneridae | Pentapetalae | rosids | malvids
GO:0030516	Bilateria	33213.0	root | cellular organisms | Eukaryota | Opisthokonta | Metazoa | Eumetazoa | Bilateria
GO:0070865	Drosophila	7215.0	root | cellular organisms | Eukaryota | Opisthokonta | Metazoa | Eumetazoa | Bilateria | Protostomia | Ecdysozoa | Panarthropoda | Arthropoda | Mandibulata | Pancrustacea | Altocrustacea | Allotriocarida | Hexapoda | Insecta | Dicondylia | Pterygota | Neoptera | Eumetabola | Endopterygota | Aparaglossata | Panorpida | Diptera | Brachycera | Muscomorpha | Eremoneura | Cyclorrhapha | Schizophora | Acalyptratae | Ephydroidea | Drosophilidae | Drosophilinae | Drosophilini | Drosophila
GO:0016487	Arabidopsis thaliana	3702.0	root | cellular organisms | Eukaryota | Viridiplantae | Streptophyta | Streptophytina | Embryophyta | Tracheophyta | Euphyllophyta | Spermatophyta | Magnoliopsida | Mesangiospermae | eudicotyledons | Gunneridae | Pentapetalae | rosids | malvids | Brassicales | Brassicaceae | Camelineae | Arabidopsis | Arabidopsis thaliana
GO:0110153	cellular organisms	131567.0	root | cellular organisms
GO:0031667	cellular organisms	131567.0	root | cellular organisms
GO:0008306	Bilateria	33213.0	root | cellular organisms | Eukaryota | Opisthokonta | Metazoa | Eumetazoa | Bilateria
GO:1900153	Opisthokonta	33154.0	root | cellular organisms | Eukaryota | Opisthokonta
GO:0039702	root	1.0	root
GO:0031782	Vertebrata	7742.0	root | cellular organisms | Eukaryota | Opisthokonta | Metazoa | Eumetazoa | Bilateria | Deuterostomia | Chordata | Craniata | Vertebrata
GO:0032088	Unknown		
GO:0014003	Vertebrata	7742.0	root | cellular organisms | Eukaryota | Opisthokonta | Metazoa | Eumetazoa | Bilateria | Deuterostomia | Chordata | Craniata | Vertebrata
GO:0071987	Eukaryota	2759.0	root | cellular organisms | Eukaryota
GO:0140426	Pentapetalae	1437201.0	root | cellular organisms | Eukaryota | Viridiplantae | Streptophyta | Streptophytina | Embryophyta | Tracheophyta | Euphyllophyta | Spermatophyta | Magnoliopsida | Mesangiospermae | eudicotyledons | Gunneridae | Pentapetalae
GO:0030388	root	1.0	root
GO:0010835	Euarchontoglires	314146.0	root | cellular organisms | Eukaryota | Opisthokonta | Metazoa | Eumetazoa | Bilateria | Deuterostomia | Chordata | Craniata | Vertebrata | Gnathostomata | Teleostomi | Euteleostomi | Sarcopterygii | Dipnotetrapodomorpha | Tetrapoda | Amniota | Mammalia | Theria | Eutheria | Boreoeutheria | Euarchontoglires
GO:0035553	Unknown		
GO:0034080	cellular organisms	131567.0	root | cellular organisms
GO:0030174	cellular organisms	131567.0	root | cellular organisms
GO:0001546	Theria	32525.0	root | cellular organisms | Eukaryota | Opisthokonta | Metazoa | Eumetazoa | Bilateria | Deuterostomia | Chordata | Craniata | Vertebrata | Gnathostomata | Teleostomi | Euteleostomi | Sarcopterygii | Dipnotetrapodomorpha | Tetrapoda | Amniota | Mammalia | Theria
GO:0008152	cellular organisms	131567.0	root | cellular organisms
GO:0030697	cellular organisms	131567.0	root | cellular organisms
GO:0015385	root	1.0	root
GO:0006097	cellular organisms	131567.0	root | cellular organisms
GO:0047933	cellular organisms	131567.0	root | cellular organisms
GO:0043653	Eukaryota	2759.0	root | cellular organisms | Eukaryota
GO:0051984	Eukaryota	2759.0	root | cellular organisms | Eukaryota
GO:0006438	cellular organisms	131567.0	root | cellular organisms
GO:1900366	Mesangiospermae	1437183.0	root | cellular organisms | Eukaryota | Viridiplantae | Streptophyta | Streptophytina | Embryophyta | Tracheophyta | Euphyllophyta | Spermatophyta | Magnoliopsida | Mesangiospermae
GO:0043023	cellular organisms	131567.0	root | cellular organisms
GO:0045723	cellular organisms	131567.0	root | cellular organisms
GO:0180006	Amniota	32524.0	root | cellular organisms | Eukaryota | Opisthokonta | Metazoa | Eumetazoa | Bilateria | Deuterostomia | Chordata | Craniata | Vertebrata | Gnathostomata | Teleostomi | Euteleostomi | Sarcopterygii | Dipnotetrapodomorpha | Tetrapoda | Amniota
GO:0071493	Eukaryota	2759.0	root | cellular organisms | Eukaryota
GO:0017096	cellular organisms	131567.0	root | cellular organisms
GO:0043722	cellular organisms	131567.0	root | cellular organisms
GO:0019367	cellular organisms	131567.0	root | cellular organisms
GO:0009840	Viridiplantae	33090.0	root | cellular organisms | Eukaryota | Viridiplantae
GO:0015231	cellular organisms	131567.0	root | cellular organisms
GO:0016051	root	1.0	root
GO:0000280	Eukaryota	2759.0	root | cellular organisms | Eukaryota
GO:0070851	Eumetazoa	6072.0	root | cellular organisms | Eukaryota | Opisthokonta | Metazoa | Eumetazoa
GO:0030293	Amniota	32524.0	root | cellular organisms | Eukaryota | Opisthokonta | Metazoa | Eumetazoa | Bilateria | Deuterostomia | Chordata | Craniata | Vertebrata | Gnathostomata | Teleostomi | Euteleostomi | Sarcopterygii | Dipnotetrapodomorpha | Tetrapoda | Amniota
GO:0043229	Eukaryota	2759.0	root | cellular organisms | Eukaryota
GO:0010405	Embryophyta	3193.0	root | cellular organisms | Eukaryota | Viridiplantae | Streptophyta | Streptophytina | Embryophyta
GO:0015720	cellular organisms	131567.0	root | cellular organisms
GO:0034993	Eukaryota	2759.0	root | cellular organisms | Eukaryota
GO:0044325	cellular organisms	131567.0	root | cellular organisms
GO:0042838	cellular organisms	131567.0	root | cellular organisms
GO:0009882	cellular organisms	131567.0	root | cellular organisms
GO:0099402	Viridiplantae	33090.0	root | cellular organisms | Eukaryota | Viridiplantae
GO:0031529	Euteleostomi	117571.0	root | cellular organisms | Eukaryota | Opisthokonta | Metazoa | Eumetazoa | Bilateria | Deuterostomia | Chordata | Craniata | Vertebrata | Gnathostomata | Teleostomi | Euteleostomi
GO:0010158	Eukaryota	2759.0	root | cellular organisms | Eukaryota
GO:1901997	Arabidopsis thaliana	3702.0	root | cellular organisms | Eukaryota | Viridiplantae | Streptophyta | Streptophytina | Embryophyta | Tracheophyta | Euphyllophyta | Spermatophyta | Magnoliopsida | Mesangiospermae | eudicotyledons | Gunneridae | Pentapetalae | rosids | malvids | Brassicales | Brassicaceae | Camelineae | Arabidopsis | Arabidopsis thaliana
GO:0047326	Eukaryota	2759.0	root | cellular organisms | Eukaryota
GO:0010112	Spermatophyta	58024.0	root | cellular organisms | Eukaryota | Viridiplantae | Streptophyta | Streptophytina | Embryophyta | Tracheophyta | Euphyllophyta | Spermatophyta
GO:0097344	Unknown		
GO:0001755	Eumetazoa	6072.0	root | cellular organisms | Eukaryota | Opisthokonta | Metazoa | Eumetazoa
GO:0044839	Eukaryota	2759.0	root | cellular organisms | Eukaryota
GO:0051412	Amniota	32524.0	root | cellular organisms | Eukaryota | Opisthokonta | Metazoa | Eumetazoa | Bilateria | Deuterostomia | Chordata | Craniata | Vertebrata | Gnathostomata | Teleostomi | Euteleostomi | Sarcopterygii | Dipnotetrapodomorpha | Tetrapoda | Amniota
GO:0001956	Bilateria	33213.0	root | cellular organisms | Eukaryota | Opisthokonta | Metazoa | Eumetazoa | Bilateria
GO:0031490	cellular organisms	131567.0	root | cellular organisms
GO:0035438	root	1.0	root
GO:0072487	Opisthokonta	33154.0	root | cellular organisms | Eukaryota | Opisthokonta
GO:0018107	Eukaryota	2759.0	root | cellular organisms | Eukaryota
GO:0018343	Eukaryota	2759.0	root | cellular organisms | Eukaryota
GO:0048240	Eukaryota	2759.0	root | cellular organisms | Eukaryota
GO:0071347	Euteleostomi	117571.0	root | cellular organisms | Eukaryota | Opisthokonta | Metazoa | Eumetazoa | Bilateria | Deuterostomia | Chordata | Craniata | Vertebrata | Gnathostomata | Teleostomi | Euteleostomi
GO:0019228	Opisthokonta	33154.0	root | cellular organisms | Eukaryota | Opisthokonta
GO:0009574	Viridiplantae	33090.0	root | cellular organisms | Eukaryota | Viridiplantae
GO:1902196	Solanum tuberosum	4113.0	root | cellular organisms | Eukaryota | Viridiplantae | Streptophyta | Streptophytina | Embryophyta | Tracheophyta | Euphyllophyta | Spermatophyta | Magnoliopsida | Mesangiospermae | eudicotyledons | Gunneridae | Pentapetalae | asterids | lamiids | Solanales | Solanaceae | Solanoideae | Solaneae | Solanum | Solanum tuberosum
GO:0042491	Vertebrata	7742.0	root | cellular organisms | Eukaryota | Opisthokonta | Metazoa | Eumetazoa | Bilateria | Deuterostomia | Chordata | Craniata | Vertebrata
GO:1901588	Amniota	32524.0	root | cellular organisms | Eukaryota | Opisthokonta | Metazoa | Eumetazoa | Bilateria | Deuterostomia | Chordata | Craniata | Vertebrata | Gnathostomata | Teleostomi | Euteleostomi | Sarcopterygii | Dipnotetrapodomorpha | Tetrapoda | Amniota
GO:1900029	Eukaryota	2759.0	root | cellular organisms | Eukaryota
GO:0033182	Unknown		
GO:0008534	root	1.0	root
GO:0046717	Amniota	32524.0	root | cellular organisms | Eukaryota | Opisthokonta | Metazoa | Eumetazoa | Bilateria | Deuterostomia | Chordata | Craniata | Vertebrata | Gnathostomata | Teleostomi | Euteleostomi | Sarcopterygii | Dipnotetrapodomorpha | Tetrapoda | Amniota
GO:0033737	Unknown		
GO:0003973	cellular organisms	131567.0	root | cellular organisms
GO:0052924	cellular organisms	131567.0	root | cellular organisms
GO:0000740	Eukaryota	2759.0	root | cellular organisms | Eukaryota
GO:0072582	Eukaryota	2759.0	root | cellular organisms | Eukaryota
GO:1990570	Eukaryota	2759.0	root | cellular organisms | Eukaryota
GO:0001975	Euteleostomi	117571.0	root | cellular organisms | Eukaryota | Opisthokonta | Metazoa | Eumetazoa | Bilateria | Deuterostomia | Chordata | Craniata | Vertebrata | Gnathostomata | Teleostomi | Euteleostomi
GO:0039536	root	1.0	root
GO:0009976	cellular organisms	131567.0	root | cellular organisms
GO:0140311	root	1.0	root
GO:0000032	cellular organisms	131567.0	root | cellular organisms
GO:0102243	Unknown		
GO:0005701	Drosophila	7215.0	root | cellular organisms | Eukaryota | Opisthokonta | Metazoa | Eumetazoa | Bilateria | Protostomia | Ecdysozoa | Panarthropoda | Arthropoda | Mandibulata | Pancrustacea | Altocrustacea | Allotriocarida | Hexapoda | Insecta | Dicondylia | Pterygota | Neoptera | Eumetabola | Endopterygota | Aparaglossata | Panorpida | Diptera | Brachycera | Muscomorpha | Eremoneura | Cyclorrhapha | Schizophora | Acalyptratae | Ephydroidea | Drosophilidae | Drosophilinae | Drosophilini | Drosophila
GO:1904594	Saccharomycetes	4891.0	root | cellular organisms | Eukaryota | Opisthokonta | Fungi | Dikarya | Ascomycota | saccharomyceta | Saccharomycotina | Saccharomycetes
GO:0046507	cellular organisms	131567.0	root | cellular organisms
GO:0032021	Eukaryota	2759.0	root | cellular organisms | Eukaryota
GO:0010005	Eukaryota	2759.0	root | cellular organisms | Eukaryota
GO:0050832	root	1.0	root
GO:0009554	Magnoliopsida	3398.0	root | cellular organisms | Eukaryota | Viridiplantae | Streptophyta | Streptophytina | Embryophyta | Tracheophyta | Euphyllophyta | Spermatophyta | Magnoliopsida
GO:0051665	Eukaryota	2759.0	root | cellular organisms | Eukaryota
GO:0031849	Eukaryota	2759.0	root | cellular organisms | Eukaryota
GO:0048640	Eukaryota	2759.0	root | cellular organisms | Eukaryota
GO:0008792	cellular organisms	131567.0	root | cellular organisms
GO:0004044	root	1.0	root
GO:0033167	Eukaryota	2759.0	root | cellular organisms | Eukaryota
GO:0008047	root	1.0	root
GO:0000813	Eukaryota	2759.0	root | cellular organisms | Eukaryota
GO:0006297	cellular organisms	131567.0	root | cellular organisms
GO:0034398	Eukaryota	2759.0	root | cellular organisms | Eukaryota
GO:0080001	Brassicaceae	3700.0	root | cellular organisms | Eukaryota | Viridiplantae | Streptophyta | Streptophytina | Embryophyta | Tracheophyta | Euphyllophyta | Spermatophyta | Magnoliopsida | Mesangiospermae | eudicotyledons | Gunneridae | Pentapetalae | rosids | malvids | Brassicales | Brassicaceae
GO:0004869	root	1.0	root
GO:0043291	Eukaryota	2759.0	root | cellular organisms | Eukaryota
GO:0006536	cellular organisms	131567.0	root | cellular organisms
GO:0006970	cellular organisms	131567.0	root | cellular organisms
GO:0019566	cellular organisms	131567.0	root | cellular organisms
GO:0050907	Bilateria	33213.0	root | cellular organisms | Eukaryota | Opisthokonta | Metazoa | Eumetazoa | Bilateria
GO:2001289	Eukaryota	2759.0	root | cellular organisms | Eukaryota
GO:0050955	Bilateria	33213.0	root | cellular organisms | Eukaryota | Opisthokonta | Metazoa | Eumetazoa | Bilateria
GO:0052631	cellular organisms	131567.0	root | cellular organisms
GO:0010867	root	1.0	root
GO:0004470	cellular organisms	131567.0	root | cellular organisms
GO:0044154	Unknown		
GO:1901797	Euteleostomi	117571.0	root | cellular organisms | Eukaryota | Opisthokonta | Metazoa | Eumetazoa | Bilateria | Deuterostomia | Chordata | Craniata | Vertebrata | Gnathostomata | Teleostomi | Euteleostomi
GO:0043507	Bilateria	33213.0	root | cellular organisms | Eukaryota | Opisthokonta | Metazoa | Eumetazoa | Bilateria
GO:0102391	cellular organisms	131567.0	root | cellular organisms
GO:0051881	Eukaryota	2759.0	root | cellular organisms | Eukaryota
GO:0019145	cellular organisms	131567.0	root | cellular organisms
GO:0010507	Eukaryota	2759.0	root | cellular organisms | Eukaryota
GO:0010972	Eukaryota	2759.0	root | cellular organisms | Eukaryota
GO:0070324	Bilateria	33213.0	root | cellular organisms | Eukaryota | Opisthokonta | Metazoa | Eumetazoa | Bilateria
GO:0045004	root	1.0	root
GO:0033045	Eukaryota	2759.0	root | cellular organisms | Eukaryota
GO:0006105	cellular organisms	131567.0	root | cellular organisms
GO:0070761	Eukaryota	2759.0	root | cellular organisms | Eukaryota
GO:0006792	Arabidopsis thaliana	3702.0	root | cellular organisms | Eukaryota | Viridiplantae | Streptophyta | Streptophytina | Embryophyta | Tracheophyta | Euphyllophyta | Spermatophyta | Magnoliopsida | Mesangiospermae | eudicotyledons | Gunneridae | Pentapetalae | rosids | malvids | Brassicales | Brassicaceae | Camelineae | Arabidopsis | Arabidopsis thaliana
GO:0035241	cellular organisms	131567.0	root | cellular organisms
GO:0001658	Euteleostomi	117571.0	root | cellular organisms | Eukaryota | Opisthokonta | Metazoa | Eumetazoa | Bilateria | Deuterostomia | Chordata | Craniata | Vertebrata | Gnathostomata | Teleostomi | Euteleostomi
GO:0016020	Unknown		3470597
GO:0040039	Rhabditida	6236.0	root | cellular organisms | Eukaryota | Opisthokonta | Metazoa | Eumetazoa | Bilateria | Protostomia | Ecdysozoa | Nematoda | Chromadorea | Rhabditida
GO:0009260	cellular organisms	131567.0	root | cellular organisms
GO:0005275	cellular organisms	131567.0	root | cellular organisms
GO:0005778	Eukaryota	2759.0	root | cellular organisms | Eukaryota
GO:0004121	Unknown		
GO:0030672	Eukaryota	2759.0	root | cellular organisms | Eukaryota
GO:0090201	root	1.0	root
GO:0046786	root	1.0	root
GO:0009530	Mesangiospermae	1437183.0	root | cellular organisms | Eukaryota | Viridiplantae | Streptophyta | Streptophytina | Embryophyta | Tracheophyta | Euphyllophyta | Spermatophyta | Magnoliopsida | Mesangiospermae
GO:0047598	root	1.0	root
GO:0034653	Chordata	7711.0	root | cellular organisms | Eukaryota | Opisthokonta | Metazoa | Eumetazoa | Bilateria | Deuterostomia | Chordata
GO:0030658	Eukaryota	2759.0	root | cellular organisms | Eukaryota
GO:0030490	cellular organisms	131567.0	root | cellular organisms
GO:0044203	Mastadenovirus	10509.0	root | Viruses | Varidnaviria | Bamfordvirae | Preplasmiviricota | Polisuviricotina | Pharingeaviricetes | Rowavirales | Adenoviridae | Mastadenovirus
GO:1903259	cellular organisms	131567.0	root | cellular organisms
GO:0043661	NPAAA clade	2231382.0	root | cellular organisms | Eukaryota | Viridiplantae | Streptophyta | Streptophytina | Embryophyta | Tracheophyta | Euphyllophyta | Spermatophyta | Magnoliopsida | Mesangiospermae | eudicotyledons | Gunneridae | Pentapetalae | rosids | fabids | Fabales | Fabaceae | Papilionoideae | 50 kb inversion clade | NPAAA clade
GO:0030953	Eukaryota	2759.0	root | cellular organisms | Eukaryota
GO:0071922	Unknown		
GO:0006154	cellular organisms	131567.0	root | cellular organisms
GO:0048838	Magnoliopsida	3398.0	root | cellular organisms | Eukaryota | Viridiplantae | Streptophyta | Streptophytina | Embryophyta | Tracheophyta | Euphyllophyta | Spermatophyta | Magnoliopsida
GO:0046710	root	1.0	root
GO:0007629	Bilateria	33213.0	root | cellular organisms | Eukaryota | Opisthokonta | Metazoa | Eumetazoa | Bilateria
GO:0009337	root	1.0	root
GO:0045036	Eukaryota	2759.0	root | cellular organisms | Eukaryota
GO:0090404	Embryophyta	3193.0	root | cellular organisms | Eukaryota | Viridiplantae | Streptophyta | Streptophytina | Embryophyta
GO:0004662	cellular organisms	131567.0	root | cellular organisms
GO:0016533	root	1.0	root
GO:0010442	Arabidopsis thaliana	3702.0	root | cellular organisms | Eukaryota | Viridiplantae | Streptophyta | Streptophytina | Embryophyta | Tracheophyta | Euphyllophyta | Spermatophyta | Magnoliopsida | Mesangiospermae | eudicotyledons | Gunneridae | Pentapetalae | rosids | malvids | Brassicales | Brassicaceae | Camelineae | Arabidopsis | Arabidopsis thaliana
GO:0035357	Gnathostomata	7776.0	root | cellular organisms | Eukaryota | Opisthokonta | Metazoa | Eumetazoa | Bilateria | Deuterostomia | Chordata | Craniata | Vertebrata | Gnathostomata
GO:0045158	Unknown		
GO:0036041	Bilateria	33213.0	root | cellular organisms | Eukaryota | Opisthokonta | Metazoa | Eumetazoa | Bilateria
GO:0098869	root	1.0	root
GO:0045298	Eukaryota	2759.0	root | cellular organisms | Eukaryota
GO:0000961	Bilateria	33213.0	root | cellular organisms | Eukaryota | Opisthokonta | Metazoa | Eumetazoa | Bilateria
GO:0034378	Amniota	32524.0	root | cellular organisms | Eukaryota | Opisthokonta | Metazoa | Eumetazoa | Bilateria | Deuterostomia | Chordata | Craniata | Vertebrata | Gnathostomata | Teleostomi | Euteleostomi | Sarcopterygii | Dipnotetrapodomorpha | Tetrapoda | Amniota
GO:0005290	Eukaryota	2759.0	root | cellular organisms | Eukaryota
GO:0120316	Eumetazoa	6072.0	root | cellular organisms | Eukaryota | Opisthokonta | Metazoa | Eumetazoa
GO:0004888	root	1.0	root
GO:0016573	Unknown		
GO:0042985	Eumetazoa	6072.0	root | cellular organisms | Eukaryota | Opisthokonta | Metazoa | Eumetazoa
GO:0080153	cellular organisms	131567.0	root | cellular organisms
GO:0031972	Streptophytina	131221.0	root | cellular organisms | Eukaryota | Viridiplantae | Streptophyta | Streptophytina
GO:0050515	cellular organisms	131567.0	root | cellular organisms
GO:0045095	cellular organisms	131567.0	root | cellular organisms
GO:0005967	Unknown		
GO:0005353	Eukaryota	2759.0	root | cellular organisms | Eukaryota
GO:0071233	Eukaryota	2759.0	root | cellular organisms | Eukaryota
GO:0080019	root	1.0	root
GO:0018708	cellular organisms	131567.0	root | cellular organisms
GO:0015369	cellular organisms	131567.0	root | cellular organisms
GO:0046283	Arabidopsis thaliana	3702.0	root | cellular organisms | Eukaryota | Viridiplantae | Streptophyta | Streptophytina | Embryophyta | Tracheophyta | Euphyllophyta | Spermatophyta | Magnoliopsida | Mesangiospermae | eudicotyledons | Gunneridae | Pentapetalae | rosids | malvids | Brassicales | Brassicaceae | Camelineae | Arabidopsis | Arabidopsis thaliana
GO:0010266	Eukaryota	2759.0	root | cellular organisms | Eukaryota
GO:0044018	Unknown		
GO:1900181	root	1.0	root
GO:0008171	root	1.0	root
GO:0017101	cellular organisms	131567.0	root | cellular organisms
GO:0033592	root	1.0	root
GO:0098830	Bilateria	33213.0	root | cellular organisms | Eukaryota | Opisthokonta | Metazoa | Eumetazoa | Bilateria
GO:0007094	Eukaryota	2759.0	root | cellular organisms | Eukaryota
GO:0004623	root	1.0	root
GO:0043436	cellular organisms	131567.0	root | cellular organisms
GO:1901700	Unknown		
GO:0008831	root	1.0	root
GO:0006780	cellular organisms	131567.0	root | cellular organisms
GO:0015607	Eukaryota	2759.0	root | cellular organisms | Eukaryota
GO:0090657	cellular organisms	131567.0	root | cellular organisms
GO:0006290	cellular organisms	131567.0	root | cellular organisms
GO:0008441	cellular organisms	131567.0	root | cellular organisms
GO:0047086	cellular organisms	131567.0	root | cellular organisms
GO:0034628	cellular organisms	131567.0	root | cellular organisms
GO:0000333	Eukaryota	2759.0	root | cellular organisms | Eukaryota
GO:0042593	cellular organisms	131567.0	root | cellular organisms
GO:0000814	Eukaryota	2759.0	root | cellular organisms | Eukaryota
GO:0052611	Unknown		
GO:0032933	Eukaryota	2759.0	root | cellular organisms | Eukaryota
GO:0043227	Unknown		
GO:0010099	Viridiplantae	33090.0	root | cellular organisms | Eukaryota | Viridiplantae
GO:0009635	root	1.0	root
GO:0070129	Eukaryota	2759.0	root | cellular organisms | Eukaryota
GO:0006546	root	1.0	root
GO:0009536	Eukaryota	2759.0	root | cellular organisms | Eukaryota
GO:0150078	Amniota	32524.0	root | cellular organisms | Eukaryota | Opisthokonta | Metazoa | Eumetazoa | Bilateria | Deuterostomia | Chordata | Craniata | Vertebrata | Gnathostomata | Teleostomi | Euteleostomi | Sarcopterygii | Dipnotetrapodomorpha | Tetrapoda | Amniota
GO:0016462	root	1.0	root
GO:0043743	root	1.0	root
GO:0005779	Unknown		
GO:0040025	Nematoda	6231.0	root | cellular organisms | Eukaryota | Opisthokonta | Metazoa | Eumetazoa | Bilateria | Protostomia | Ecdysozoa | Nematoda
GO:0000293	cellular organisms	131567.0	root | cellular organisms
GO:0044211	cellular organisms	131567.0	root | cellular organisms
GO:0042783	root	1.0	root
GO:0097355	Eukaryota	2759.0	root | cellular organisms | Eukaryota
GO:0060090	root	1.0	root
GO:0080147	Viridiplantae	33090.0	root | cellular organisms | Eukaryota | Viridiplantae
GO:0008168	root	1.0	root
GO:0009828	Mesangiospermae	1437183.0	root | cellular organisms | Eukaryota | Viridiplantae | Streptophyta | Streptophytina | Embryophyta | Tracheophyta | Euphyllophyta | Spermatophyta | Magnoliopsida | Mesangiospermae
GO:0042349	Brassicaceae	3700.0	root | cellular organisms | Eukaryota | Viridiplantae | Streptophyta | Streptophytina | Embryophyta | Tracheophyta | Euphyllophyta | Spermatophyta | Magnoliopsida | Mesangiospermae | eudicotyledons | Gunneridae | Pentapetalae | rosids | malvids | Brassicales | Brassicaceae
GO:0003841	cellular organisms	131567.0	root | cellular organisms
GO:0019069	Viruses	10239.0	root | Viruses
GO:0004561	cellular organisms	131567.0	root | cellular organisms
GO:0043473	cellular organisms	131567.0	root | cellular organisms
GO:0072546	Eukaryota	2759.0	root | cellular organisms | Eukaryota
GO:0061564	Eumetazoa	6072.0	root | cellular organisms | Eukaryota | Opisthokonta | Metazoa | Eumetazoa
GO:0009961	Arabidopsis thaliana	3702.0	root | cellular organisms | Eukaryota | Viridiplantae | Streptophyta | Streptophytina | Embryophyta | Tracheophyta | Euphyllophyta | Spermatophyta | Magnoliopsida | Mesangiospermae | eudicotyledons | Gunneridae | Pentapetalae | rosids | malvids | Brassicales | Brassicaceae | Camelineae | Arabidopsis | Arabidopsis thaliana
GO:0080054	Spermatophyta	58024.0	root | cellular organisms | Eukaryota | Viridiplantae | Streptophyta | Streptophytina | Embryophyta | Tracheophyta | Euphyllophyta | Spermatophyta
GO:0034388	Eukaryota	2759.0	root | cellular organisms | Eukaryota
GO:0030127	Eukaryota	2759.0	root | cellular organisms | Eukaryota
GO:0014911	Vertebrata	7742.0	root | cellular organisms | Eukaryota | Opisthokonta | Metazoa | Eumetazoa | Bilateria | Deuterostomia | Chordata | Craniata | Vertebrata
GO:0001520	Mammalia	40674.0	root | cellular organisms | Eukaryota | Opisthokonta | Metazoa | Eumetazoa | Bilateria | Deuterostomia | Chordata | Craniata | Vertebrata | Gnathostomata | Teleostomi | Euteleostomi | Sarcopterygii | Dipnotetrapodomorpha | Tetrapoda | Amniota | Mammalia
GO:0005750	Unknown		
GO:0097224	Unknown		
GO:0090481	Eukaryota	2759.0	root | cellular organisms | Eukaryota
GO:0004328	cellular organisms	131567.0	root | cellular organisms
GO:0060047	Eukaryota	2759.0	root | cellular organisms | Eukaryota
GO:0042994	Unknown		
GO:0048443	Magnoliopsida	3398.0	root | cellular organisms | Eukaryota | Viridiplantae | Streptophyta | Streptophytina | Embryophyta | Tracheophyta | Euphyllophyta | Spermatophyta | Magnoliopsida
GO:0042820	cellular organisms	131567.0	root | cellular organisms
GO:0001669	Eukaryota	2759.0	root | cellular organisms | Eukaryota
GO:0090543	Eukaryota	2759.0	root | cellular organisms | Eukaryota
GO:2000825	Unknown		
GO:0008374	Unknown		
GO:0051591	Eukaryota	2759.0	root | cellular organisms | Eukaryota
GO:0005483	cellular organisms	131567.0	root | cellular organisms
GO:0046556	root	1.0	root
GO:1901909	cellular organisms	131567.0	root | cellular organisms
GO:0007269	Metazoa	33208.0	root | cellular organisms | Eukaryota | Opisthokonta | Metazoa
GO:0000455	cellular organisms	131567.0	root | cellular organisms
GO:0032399	Homo sapiens	9606.0	root | cellular organisms | Eukaryota | Opisthokonta | Metazoa | Eumetazoa | Bilateria | Deuterostomia | Chordata | Craniata | Vertebrata | Gnathostomata | Teleostomi | Euteleostomi | Sarcopterygii | Dipnotetrapodomorpha | Tetrapoda | Amniota | Mammalia | Theria | Eutheria | Boreoeutheria | Euarchontoglires | Primates | Haplorrhini | Simiiformes | Catarrhini | Hominoidea | Hominidae | Homininae | Homo | Homo sapiens
GO:0010495	Arabidopsis thaliana	3702.0	root | cellular organisms | Eukaryota | Viridiplantae | Streptophyta | Streptophytina | Embryophyta | Tracheophyta | Euphyllophyta | Spermatophyta | Magnoliopsida | Mesangiospermae | eudicotyledons | Gunneridae | Pentapetalae | rosids | malvids | Brassicales | Brassicaceae | Camelineae | Arabidopsis | Arabidopsis thaliana
GO:0072718	Eukaryota	2759.0	root | cellular organisms | Eukaryota
GO:0047746	cellular organisms	131567.0	root | cellular organisms
GO:0080136	malvids	91836.0	root | cellular organisms | Eukaryota | Viridiplantae | Streptophyta | Streptophytina | Embryophyta | Tracheophyta | Euphyllophyta | Spermatophyta | Magnoliopsida | Mesangiospermae | eudicotyledons | Gunneridae | Pentapetalae | rosids | malvids
GO:0030473	Eukaryota	2759.0	root | cellular organisms | Eukaryota
GO:0070585	cellular organisms	131567.0	root | cellular organisms
GO:0006888	cellular organisms	131567.0	root | cellular organisms
GO:0009942	Magnoliopsida	3398.0	root | cellular organisms | Eukaryota | Viridiplantae | Streptophyta | Streptophytina | Embryophyta | Tracheophyta | Euphyllophyta | Spermatophyta | Magnoliopsida
GO:0045595	cellular organisms	131567.0	root | cellular organisms
GO:0042262	root	1.0	root
GO:0060050	Unknown		
GO:0009931	Eukaryota	2759.0	root | cellular organisms | Eukaryota
GO:0050776	root	1.0	root
GO:0032469	Eukaryota	2759.0	root | cellular organisms | Eukaryota
GO:0032733	Gnathostomata	7776.0	root | cellular organisms | Eukaryota | Opisthokonta | Metazoa | Eumetazoa | Bilateria | Deuterostomia | Chordata | Craniata | Vertebrata | Gnathostomata
GO:1900618	Petrosaviidae	1437197.0	root | cellular organisms | Eukaryota | Viridiplantae | Streptophyta | Streptophytina | Embryophyta | Tracheophyta | Euphyllophyta | Spermatophyta | Magnoliopsida | Mesangiospermae | Liliopsida | Petrosaviidae
GO:0036444	cellular organisms	131567.0	root | cellular organisms
GO:0030875	Eukaryota	2759.0	root | cellular organisms | Eukaryota
GO:0009992	cellular organisms	131567.0	root | cellular organisms
GO:0008345	Bilateria	33213.0	root | cellular organisms | Eukaryota | Opisthokonta | Metazoa | Eumetazoa | Bilateria
GO:0090449	Arabidopsis thaliana	3702.0	root | cellular organisms | Eukaryota | Viridiplantae | Streptophyta | Streptophytina | Embryophyta | Tracheophyta | Euphyllophyta | Spermatophyta | Magnoliopsida | Mesangiospermae | eudicotyledons | Gunneridae | Pentapetalae | rosids | malvids | Brassicales | Brassicaceae | Camelineae | Arabidopsis | Arabidopsis thaliana
GO:1990115	Eukaryota	2759.0	root | cellular organisms | Eukaryota
GO:1990133	cellular organisms	131567.0	root | cellular organisms
GO:2001251	cellular organisms	131567.0	root | cellular organisms
GO:0071300	Bilateria	33213.0	root | cellular organisms | Eukaryota | Opisthokonta | Metazoa | Eumetazoa | Bilateria
GO:0003825	cellular organisms	131567.0	root | cellular organisms
GO:0019934	Unknown		
GO:0048441	Magnoliopsida	3398.0	root | cellular organisms | Eukaryota | Viridiplantae | Streptophyta | Streptophytina | Embryophyta | Tracheophyta | Euphyllophyta | Spermatophyta | Magnoliopsida
GO:0051092	Unknown		
GO:0044828	Bilateria	33213.0	root | cellular organisms | Eukaryota | Opisthokonta | Metazoa | Eumetazoa | Bilateria
GO:0032497	Eukaryota	2759.0	root | cellular organisms | Eukaryota
GO:0033356	cellular organisms	131567.0	root | cellular organisms
GO:0039723	Viruses	10239.0	root | Viruses
GO:0043276	Amniota	32524.0	root | cellular organisms | Eukaryota | Opisthokonta | Metazoa | Eumetazoa | Bilateria | Deuterostomia | Chordata | Craniata | Vertebrata | Gnathostomata | Teleostomi | Euteleostomi | Sarcopterygii | Dipnotetrapodomorpha | Tetrapoda | Amniota
GO:0070061	cellular organisms	131567.0	root | cellular organisms
GO:0006534	Unknown		
GO:0031146	cellular organisms	131567.0	root | cellular organisms
GO:0050200	Unknown		
GO:0035162	Bilateria	33213.0	root | cellular organisms | Eukaryota | Opisthokonta | Metazoa | Eumetazoa | Bilateria
GO:0005126	cellular organisms	131567.0	root | cellular organisms
GO:0010845	Eukaryota	2759.0	root | cellular organisms | Eukaryota
GO:0034765	cellular organisms	131567.0	root | cellular organisms
GO:0016168	root	1.0	root
GO:0043170	Homo sapiens	9606.0	root | cellular organisms | Eukaryota | Opisthokonta | Metazoa | Eumetazoa | Bilateria | Deuterostomia | Chordata | Craniata | Vertebrata | Gnathostomata | Teleostomi | Euteleostomi | Sarcopterygii | Dipnotetrapodomorpha | Tetrapoda | Amniota | Mammalia | Theria | Eutheria | Boreoeutheria | Euarchontoglires | Primates | Haplorrhini | Simiiformes | Catarrhini | Hominoidea | Hominidae | Homininae | Homo | Homo sapiens
GO:0003678	root	1.0	root
GO:0045485	Eukaryota	2759.0	root | cellular organisms | Eukaryota
GO:0015189	cellular organisms	131567.0	root | cellular organisms
GO:0060633	Opisthokonta	33154.0	root | cellular organisms | Eukaryota | Opisthokonta
GO:0071456	cellular organisms	131567.0	root | cellular organisms
GO:0043085	Eukaryota	2759.0	root | cellular organisms | Eukaryota
GO:0010230	cellular organisms	131567.0	root | cellular organisms
GO:0019544	Unknown		
GO:0006282	root	1.0	root
GO:0002833	Unknown		
GO:0080122	Eukaryota	2759.0	root | cellular organisms | Eukaryota
GO:0009061	root	1.0	root
GO:0103117	cellular organisms	131567.0	root | cellular organisms
GO:0006260	Unknown		3470597
GO:0016513	Metazoa	33208.0	root | cellular organisms | Eukaryota | Opisthokonta | Metazoa
GO:0000913	Streptophytina	131221.0	root | cellular organisms | Eukaryota | Viridiplantae | Streptophyta | Streptophytina
GO:0008840	root	1.0	root
GO:0044524	Euarchontoglires	314146.0	root | cellular organisms | Eukaryota | Opisthokonta | Metazoa | Eumetazoa | Bilateria | Deuterostomia | Chordata | Craniata | Vertebrata | Gnathostomata | Teleostomi | Euteleostomi | Sarcopterygii | Dipnotetrapodomorpha | Tetrapoda | Amniota | Mammalia | Theria | Eutheria | Boreoeutheria | Euarchontoglires
GO:0051383	Eukaryota	2759.0	root | cellular organisms | Eukaryota
GO:0043292	Bilateria	33213.0	root | cellular organisms | Eukaryota | Opisthokonta | Metazoa | Eumetazoa | Bilateria
GO:0043410	Eukaryota	2759.0	root | cellular organisms | Eukaryota
GO:0001654	Eumetazoa	6072.0	root | cellular organisms | Eukaryota | Opisthokonta | Metazoa | Eumetazoa
GO:0060623	Opisthokonta	33154.0	root | cellular organisms | Eukaryota | Opisthokonta
GO:0005675	Eukaryota	2759.0	root | cellular organisms | Eukaryota
GO:0046294	root	1.0	root
GO:0071541	Eukaryota	2759.0	root | cellular organisms | Eukaryota
GO:0010421	Eukaryota	2759.0	root | cellular organisms | Eukaryota
GO:0140416	root	1.0	root
GO:1900239	Opisthokonta	33154.0	root | cellular organisms | Eukaryota | Opisthokonta
GO:0010253	Viridiplantae	33090.0	root | cellular organisms | Eukaryota | Viridiplantae
GO:0110143	Pseudomonadota	1224.0	root | cellular organisms | Bacteria | Pseudomonadati | Pseudomonadota
GO:0071442	Unknown		
GO:0043996	Opisthokonta	33154.0	root | cellular organisms | Eukaryota | Opisthokonta
GO:0042417	cellular organisms	131567.0	root | cellular organisms
GO:0035494	root	1.0	root
GO:0014069	Opisthokonta	33154.0	root | cellular organisms | Eukaryota | Opisthokonta
GO:0042755	Bilateria	33213.0	root | cellular organisms | Eukaryota | Opisthokonta | Metazoa | Eumetazoa | Bilateria
GO:0097501	cellular organisms	131567.0	root | cellular organisms
GO:1904580	Eukaryota	2759.0	root | cellular organisms | Eukaryota
GO:0032204	root	1.0	root
GO:0000178	cellular organisms	131567.0	root | cellular organisms
GO:0006119	Unknown		330876
GO:0017003	cellular organisms	131567.0	root | cellular organisms
GO:0061513	cellular organisms	131567.0	root | cellular organisms
GO:0030527	root	1.0	root
GO:0008841	cellular organisms	131567.0	root | cellular organisms
GO:0032230	Metazoa	33208.0	root | cellular organisms | Eukaryota | Opisthokonta | Metazoa
GO:0030111	Eumetazoa	6072.0	root | cellular organisms | Eukaryota | Opisthokonta | Metazoa | Eumetazoa
GO:0070126	Eukaryota	2759.0	root | cellular organisms | Eukaryota
GO:0008333	cellular organisms	131567.0	root | cellular organisms
GO:0016197	cellular organisms	131567.0	root | cellular organisms
GO:0006210	cellular organisms	131567.0	root | cellular organisms
GO:0003127	Euteleostomi	117571.0	root | cellular organisms | Eukaryota | Opisthokonta | Metazoa | Eumetazoa | Bilateria | Deuterostomia | Chordata | Craniata | Vertebrata | Gnathostomata | Teleostomi | Euteleostomi
GO:0016746	root	1.0	root
GO:0004357	cellular organisms	131567.0	root | cellular organisms
GO:0046547	Eukaryota	2759.0	root | cellular organisms | Eukaryota
GO:0010094	Mesangiospermae	1437183.0	root | cellular organisms | Eukaryota | Viridiplantae | Streptophyta | Streptophytina | Embryophyta | Tracheophyta | Euphyllophyta | Spermatophyta | Magnoliopsida | Mesangiospermae
GO:0003721	Unknown		
GO:0004733	cellular organisms	131567.0	root | cellular organisms
GO:0032968	root	1.0	root
GO:0010425	Unknown		
GO:1903861	Bilateria	33213.0	root | cellular organisms | Eukaryota | Opisthokonta | Metazoa | Eumetazoa | Bilateria
GO:0048530	Magnoliopsida	3398.0	root | cellular organisms | Eukaryota | Viridiplantae | Streptophyta | Streptophytina | Embryophyta | Tracheophyta | Euphyllophyta | Spermatophyta | Magnoliopsida
GO:0004078	Unknown		
GO:0033302	Unknown		
GO:0019781	cellular organisms	131567.0	root | cellular organisms
GO:0044174	Unknown		3470597
GO:0006734	Unknown		
GO:0140656	Opisthokonta	33154.0	root | cellular organisms | Eukaryota | Opisthokonta
GO:0008853	Unknown		
GO:0061953	Amniota	32524.0	root | cellular organisms | Eukaryota | Opisthokonta | Metazoa | Eumetazoa | Bilateria | Deuterostomia | Chordata | Craniata | Vertebrata | Gnathostomata | Teleostomi | Euteleostomi | Sarcopterygii | Dipnotetrapodomorpha | Tetrapoda | Amniota
GO:0016229	Eukaryota	2759.0	root | cellular organisms | Eukaryota
GO:0006646	root	1.0	root
GO:0045071	root	1.0	root
GO:0005254	root	1.0	root
GO:0031934	Eukaryota	2759.0	root | cellular organisms | Eukaryota
GO:0006637	cellular organisms	131567.0	root | cellular organisms
GO:0000110	Eukaryota	2759.0	root | cellular organisms | Eukaryota
GO:0102341	Unknown		
GO:0005539	cellular organisms	131567.0	root | cellular organisms
GO:2000969	Murinae	39107.0	root | cellular organisms | Eukaryota | Opisthokonta | Metazoa | Eumetazoa | Bilateria | Deuterostomia | Chordata | Craniata | Vertebrata | Gnathostomata | Teleostomi | Euteleostomi | Sarcopterygii | Dipnotetrapodomorpha | Tetrapoda | Amniota | Mammalia | Theria | Eutheria | Boreoeutheria | Euarchontoglires | Glires | Rodentia | Myomorpha | Muroidea | Muridae | Murinae
GO:0004966	cellular organisms	131567.0	root | cellular organisms
GO:0015036	cellular organisms	131567.0	root | cellular organisms
GO:0097435	cellular organisms	131567.0	root | cellular organisms
GO:0102058	Unknown		
GO:0010136	Pentapetalae	1437201.0	root | cellular organisms | Eukaryota | Viridiplantae | Streptophyta | Streptophytina | Embryophyta | Tracheophyta | Euphyllophyta | Spermatophyta | Magnoliopsida | Mesangiospermae | eudicotyledons | Gunneridae | Pentapetalae
GO:0015801	cellular organisms	131567.0	root | cellular organisms
GO:0048255	cellular organisms	131567.0	root | cellular organisms
GO:0010475	Unknown		
GO:0008307	cellular organisms	131567.0	root | cellular organisms
GO:0005761	Eukaryota	2759.0	root | cellular organisms | Eukaryota
GO:0071491	Eukaryota	2759.0	root | cellular organisms | Eukaryota
GO:0010150	Viridiplantae	33090.0	root | cellular organisms | Eukaryota | Viridiplantae
GO:0034639	cellular organisms	131567.0	root | cellular organisms
GO:0061462	Eukaryota	2759.0	root | cellular organisms | Eukaryota
GO:0031768	Euteleostomi	117571.0	root | cellular organisms | Eukaryota | Opisthokonta | Metazoa | Eumetazoa | Bilateria | Deuterostomia | Chordata | Craniata | Vertebrata | Gnathostomata | Teleostomi | Euteleostomi
GO:0019684	root	1.0	root
GO:0047451	Unknown		
GO:0004329	root	1.0	root
GO:1904508	Rhabditida	6236.0	root | cellular organisms | Eukaryota | Opisthokonta | Metazoa | Eumetazoa | Bilateria | Protostomia | Ecdysozoa | Nematoda | Chromadorea | Rhabditida
GO:0008886	cellular organisms	131567.0	root | cellular organisms
GO:1990166	Eukaryota	2759.0	root | cellular organisms | Eukaryota
GO:0016409	cellular organisms	131567.0	root | cellular organisms
GO:0140592	Eukaryota	2759.0	root | cellular organisms | Eukaryota
GO:0015015	Unknown		
GO:0071001	Opisthokonta	33154.0	root | cellular organisms | Eukaryota | Opisthokonta
GO:0051686	Drosophila	7215.0	root | cellular organisms | Eukaryota | Opisthokonta | Metazoa | Eumetazoa | Bilateria | Protostomia | Ecdysozoa | Panarthropoda | Arthropoda | Mandibulata | Pancrustacea | Altocrustacea | Allotriocarida | Hexapoda | Insecta | Dicondylia | Pterygota | Neoptera | Eumetabola | Endopterygota | Aparaglossata | Panorpida | Diptera | Brachycera | Muscomorpha | Eremoneura | Cyclorrhapha | Schizophora | Acalyptratae | Ephydroidea | Drosophilidae | Drosophilinae | Drosophilini | Drosophila
GO:0015149	cellular organisms	131567.0	root | cellular organisms
GO:0075341	Orthoherpesviridae	3044472.0	root | Viruses | Duplodnaviria | Heunggongvirae | Peploviricota | Herviviricetes | Herpesvirales | Orthoherpesviridae
GO:0008184	cellular organisms	131567.0	root | cellular organisms
GO:0030159	Eukaryota	2759.0	root | cellular organisms | Eukaryota
GO:0050518	cellular organisms	131567.0	root | cellular organisms
GO:0004320	Unknown		
GO:2001243	Eukaryota	2759.0	root | cellular organisms | Eukaryota
GO:0045900	cellular organisms	131567.0	root | cellular organisms
GO:0002177	Chordata	7711.0	root | cellular organisms | Eukaryota | Opisthokonta | Metazoa | Eumetazoa | Bilateria | Deuterostomia | Chordata
GO:0003939	cellular organisms	131567.0	root | cellular organisms
GO:0042764	Ascomycota	4890.0	root | cellular organisms | Eukaryota | Opisthokonta | Fungi | Dikarya | Ascomycota
GO:0061809	cellular organisms	131567.0	root | cellular organisms
GO:0070461	Eukaryota	2759.0	root | cellular organisms | Eukaryota
GO:0009638	Streptophytina	131221.0	root | cellular organisms | Eukaryota | Viridiplantae | Streptophyta | Streptophytina
GO:0034457	Eukaryota	2759.0	root | cellular organisms | Eukaryota
GO:0019321	cellular organisms	131567.0	root | cellular organisms
GO:0009384	cellular organisms	131567.0	root | cellular organisms
GO:2000641	cellular organisms	131567.0	root | cellular organisms
GO:1900049	Unknown		
GO:0034625	Eukaryota	2759.0	root | cellular organisms | Eukaryota
GO:0005461	Eumetazoa	6072.0	root | cellular organisms | Eukaryota | Opisthokonta | Metazoa | Eumetazoa
GO:0004794	root	1.0	root
GO:1904964	Arabidopsis thaliana	3702.0	root | cellular organisms | Eukaryota | Viridiplantae | Streptophyta | Streptophytina | Embryophyta | Tracheophyta | Euphyllophyta | Spermatophyta | Magnoliopsida | Mesangiospermae | eudicotyledons | Gunneridae | Pentapetalae | rosids | malvids | Brassicales | Brassicaceae | Camelineae | Arabidopsis | Arabidopsis thaliana
GO:0004698	Eukaryota	2759.0	root | cellular organisms | Eukaryota
GO:1904515	Eukaryota	2759.0	root | cellular organisms | Eukaryota
GO:0016199	Bilateria	33213.0	root | cellular organisms | Eukaryota | Opisthokonta | Metazoa | Eumetazoa | Bilateria
GO:0043087	cellular organisms	131567.0	root | cellular organisms
GO:0097001	Eukaryota	2759.0	root | cellular organisms | Eukaryota
GO:0006661	cellular organisms	131567.0	root | cellular organisms
GO:0006164	root	1.0	root
GO:0009791	Eukaryota	2759.0	root | cellular organisms | Eukaryota
GO:0098553	Eukaryota	2759.0	root | cellular organisms | Eukaryota
GO:0050773	Eumetazoa	6072.0	root | cellular organisms | Eukaryota | Opisthokonta | Metazoa | Eumetazoa
GO:0005871	cellular organisms	131567.0	root | cellular organisms
GO:0000307	cellular organisms	131567.0	root | cellular organisms
GO:0045179	Eukaryota	2759.0	root | cellular organisms | Eukaryota
GO:0009051	cellular organisms	131567.0	root | cellular organisms
GO:0034236	cellular organisms	131567.0	root | cellular organisms
GO:0050004	Eukaryota	2759.0	root | cellular organisms | Eukaryota
GO:0007091	Eukaryota	2759.0	root | cellular organisms | Eukaryota
GO:0021954	Bilateria	33213.0	root | cellular organisms | Eukaryota | Opisthokonta | Metazoa | Eumetazoa | Bilateria
GO:0090436	Mesangiospermae	1437183.0	root | cellular organisms | Eukaryota | Viridiplantae | Streptophyta | Streptophytina | Embryophyta | Tracheophyta | Euphyllophyta | Spermatophyta | Magnoliopsida | Mesangiospermae
GO:0051974	Unknown		
GO:0045944	root	1.0	root
GO:0003711	cellular organisms	131567.0	root | cellular organisms
GO:0045444	Bilateria	33213.0	root | cellular organisms | Eukaryota | Opisthokonta | Metazoa | Eumetazoa | Bilateria
GO:0034979	root	1.0	root
GO:0031213	Eukaryota	2759.0	root | cellular organisms | Eukaryota
GO:0005457	Eukaryota	2759.0	root | cellular organisms | Eukaryota
GO:0045806	Eukaryota	2759.0	root | cellular organisms | Eukaryota
GO:0005987	cellular organisms	131567.0	root | cellular organisms
GO:0019277	cellular organisms	131567.0	root | cellular organisms
GO:0050291	root	1.0	root
GO:0003723	Unknown		3470597
GO:0019262	cellular organisms	131567.0	root | cellular organisms
GO:0006271	root	1.0	root
GO:0048309	cellular organisms	131567.0	root | cellular organisms
GO:0047734	cellular organisms	131567.0	root | cellular organisms
GO:0035336	cellular organisms	131567.0	root | cellular organisms
GO:0030133	Eukaryota	2759.0	root | cellular organisms | Eukaryota
GO:1990113	Eukaryota	2759.0	root | cellular organisms | Eukaryota
GO:0004424	root	1.0	root
GO:1901611	cellular organisms	131567.0	root | cellular organisms
GO:1902979	Fungi	4751.0	root | cellular organisms | Eukaryota | Opisthokonta | Fungi
GO:0010219	Arabidopsis thaliana	3702.0	root | cellular organisms | Eukaryota | Viridiplantae | Streptophyta | Streptophytina | Embryophyta | Tracheophyta | Euphyllophyta | Spermatophyta | Magnoliopsida | Mesangiospermae | eudicotyledons | Gunneridae | Pentapetalae | rosids | malvids | Brassicales | Brassicaceae | Camelineae | Arabidopsis | Arabidopsis thaliana
GO:0046691	Euteleostomi	117571.0	root | cellular organisms | Eukaryota | Opisthokonta | Metazoa | Eumetazoa | Bilateria | Deuterostomia | Chordata | Craniata | Vertebrata | Gnathostomata | Teleostomi | Euteleostomi
GO:1900005	Euarchontoglires	314146.0	root | cellular organisms | Eukaryota | Opisthokonta | Metazoa | Eumetazoa | Bilateria | Deuterostomia | Chordata | Craniata | Vertebrata | Gnathostomata | Teleostomi | Euteleostomi | Sarcopterygii | Dipnotetrapodomorpha | Tetrapoda | Amniota | Mammalia | Theria | Eutheria | Boreoeutheria | Euarchontoglires
GO:2000306	Pentapetalae	1437201.0	root | cellular organisms | Eukaryota | Viridiplantae | Streptophyta | Streptophytina | Embryophyta | Tracheophyta | Euphyllophyta | Spermatophyta | Magnoliopsida | Mesangiospermae | eudicotyledons | Gunneridae | Pentapetalae
GO:0061059	Drosophila	7215.0	root | cellular organisms | Eukaryota | Opisthokonta | Metazoa | Eumetazoa | Bilateria | Protostomia | Ecdysozoa | Panarthropoda | Arthropoda | Mandibulata | Pancrustacea | Altocrustacea | Allotriocarida | Hexapoda | Insecta | Dicondylia | Pterygota | Neoptera | Eumetabola | Endopterygota | Aparaglossata | Panorpida | Diptera | Brachycera | Muscomorpha | Eremoneura | Cyclorrhapha | Schizophora | Acalyptratae | Ephydroidea | Drosophilidae | Drosophilinae | Drosophilini | Drosophila
GO:1904278	Mesangiospermae	1437183.0	root | cellular organisms | Eukaryota | Viridiplantae | Streptophyta | Streptophytina | Embryophyta | Tracheophyta | Euphyllophyta | Spermatophyta | Magnoliopsida | Mesangiospermae
GO:2000070	Viridiplantae	33090.0	root | cellular organisms | Eukaryota | Viridiplantae
GO:0075526	Polyploviricotina	2497571.0	root | Viruses | Riboviria | Orthornavirae | Negarnaviricota | Polyploviricotina
GO:0003700	Unknown		3470597
GO:1990927	Bilateria	33213.0	root | cellular organisms | Eukaryota | Opisthokonta | Metazoa | Eumetazoa | Bilateria
GO:0008420	root	1.0	root
GO:0010726	Unknown		
GO:0015288	root	1.0	root
GO:0015789	Eukaryota	2759.0	root | cellular organisms | Eukaryota
GO:0080052	Arabidopsis thaliana	3702.0	root | cellular organisms | Eukaryota | Viridiplantae | Streptophyta | Streptophytina | Embryophyta | Tracheophyta | Euphyllophyta | Spermatophyta | Magnoliopsida | Mesangiospermae | eudicotyledons | Gunneridae | Pentapetalae | rosids | malvids | Brassicales | Brassicaceae | Camelineae | Arabidopsis | Arabidopsis thaliana
GO:0006545	root	1.0	root
GO:0051291	cellular organisms	131567.0	root | cellular organisms
GO:0021522	Vertebrata	7742.0	root | cellular organisms | Eukaryota | Opisthokonta | Metazoa | Eumetazoa | Bilateria | Deuterostomia | Chordata | Craniata | Vertebrata
GO:0002793	Bilateria	33213.0	root | cellular organisms | Eukaryota | Opisthokonta | Metazoa | Eumetazoa | Bilateria
GO:0045830	Eumetazoa	6072.0	root | cellular organisms | Eukaryota | Opisthokonta | Metazoa | Eumetazoa
GO:0004844	root	1.0	root
GO:0097268	cellular organisms	131567.0	root | cellular organisms
GO:0032148	Eutheria	9347.0	root | cellular organisms | Eukaryota | Opisthokonta | Metazoa | Eumetazoa | Bilateria | Deuterostomia | Chordata | Craniata | Vertebrata | Gnathostomata | Teleostomi | Euteleostomi | Sarcopterygii | Dipnotetrapodomorpha | Tetrapoda | Amniota | Mammalia | Theria | Eutheria
GO:0071528	Eukaryota	2759.0	root | cellular organisms | Eukaryota
GO:0006285	root	1.0	root
GO:0032370	Bilateria	33213.0	root | cellular organisms | Eukaryota | Opisthokonta | Metazoa | Eumetazoa | Bilateria
GO:0106364	cellular organisms	131567.0	root | cellular organisms
GO:0009934	Magnoliopsida	3398.0	root | cellular organisms | Eukaryota | Viridiplantae | Streptophyta | Streptophytina | Embryophyta | Tracheophyta | Euphyllophyta | Spermatophyta | Magnoliopsida
GO:1903403	Amniota	32524.0	root | cellular organisms | Eukaryota | Opisthokonta | Metazoa | Eumetazoa | Bilateria | Deuterostomia | Chordata | Craniata | Vertebrata | Gnathostomata | Teleostomi | Euteleostomi | Sarcopterygii | Dipnotetrapodomorpha | Tetrapoda | Amniota
GO:0003910	root	1.0	root
GO:0010647	Eukaryota	2759.0	root | cellular organisms | Eukaryota
GO:0102654	Pentapetalae	1437201.0	root | cellular organisms | Eukaryota | Viridiplantae | Streptophyta | Streptophytina | Embryophyta | Tracheophyta | Euphyllophyta | Spermatophyta | Magnoliopsida | Mesangiospermae | eudicotyledons | Gunneridae | Pentapetalae
GO:1903352	cellular organisms	131567.0	root | cellular organisms
GO:0001963	Eumetazoa	6072.0	root | cellular organisms | Eukaryota | Opisthokonta | Metazoa | Eumetazoa
GO:0080061	cellular organisms	131567.0	root | cellular organisms
GO:0008375	cellular organisms	131567.0	root | cellular organisms
GO:0017148	cellular organisms	131567.0	root | cellular organisms
GO:0005047	cellular organisms	131567.0	root | cellular organisms
GO:0010114	Eukaryota	2759.0	root | cellular organisms | Eukaryota
GO:0009830	Magnoliopsida	3398.0	root | cellular organisms | Eukaryota | Viridiplantae | Streptophyta | Streptophytina | Embryophyta | Tracheophyta | Euphyllophyta | Spermatophyta | Magnoliopsida
GO:1902892	Brassicaceae	3700.0	root | cellular organisms | Eukaryota | Viridiplantae | Streptophyta | Streptophytina | Embryophyta | Tracheophyta | Euphyllophyta | Spermatophyta | Magnoliopsida | Mesangiospermae | eudicotyledons | Gunneridae | Pentapetalae | rosids | malvids | Brassicales | Brassicaceae
GO:0019731	cellular organisms	131567.0	root | cellular organisms
GO:0015884	cellular organisms	131567.0	root | cellular organisms
GO:0043144	Eukaryota	2759.0	root | cellular organisms | Eukaryota
GO:0048714	Vertebrata	7742.0	root | cellular organisms | Eukaryota | Opisthokonta | Metazoa | Eumetazoa | Bilateria | Deuterostomia | Chordata | Craniata | Vertebrata
GO:0008553	cellular organisms	131567.0	root | cellular organisms
GO:0051252	cellular organisms	131567.0	root | cellular organisms
GO:0061631	root	1.0	root
GO:0032777	Eukaryota	2759.0	root | cellular organisms | Eukaryota
GO:0016717	root	1.0	root
GO:0007224	cellular organisms	131567.0	root | cellular organisms
GO:0043616	Amniota	32524.0	root | cellular organisms | Eukaryota | Opisthokonta | Metazoa | Eumetazoa | Bilateria | Deuterostomia | Chordata | Craniata | Vertebrata | Gnathostomata | Teleostomi | Euteleostomi | Sarcopterygii | Dipnotetrapodomorpha | Tetrapoda | Amniota
GO:0032422	cellular organisms	131567.0	root | cellular organisms
GO:0001833	Theria	32525.0	root | cellular organisms | Eukaryota | Opisthokonta | Metazoa | Eumetazoa | Bilateria | Deuterostomia | Chordata | Craniata | Vertebrata | Gnathostomata | Teleostomi | Euteleostomi | Sarcopterygii | Dipnotetrapodomorpha | Tetrapoda | Amniota | Mammalia | Theria
GO:0045727	root	1.0	root
GO:0043330	Bilateria	33213.0	root | cellular organisms | Eukaryota | Opisthokonta | Metazoa | Eumetazoa | Bilateria
GO:0010332	cellular organisms	131567.0	root | cellular organisms
GO:0005795	Eukaryota	2759.0	root | cellular organisms | Eukaryota
GO:0015035	root	1.0	root
GO:0080031	cellular organisms	131567.0	root | cellular organisms
GO:0102485	Unknown		
GO:0048831	Embryophyta	3193.0	root | cellular organisms | Eukaryota | Viridiplantae | Streptophyta | Streptophytina | Embryophyta
GO:0009575	Viridiplantae	33090.0	root | cellular organisms | Eukaryota | Viridiplantae
GO:0045040	Eukaryota	2759.0	root | cellular organisms | Eukaryota
GO:0070417	cellular organisms	131567.0	root | cellular organisms
GO:0019491	root	1.0	root
GO:0061727	Unknown		
GO:0050821	root	1.0	root
GO:0070038	cellular organisms	131567.0	root | cellular organisms
GO:1904966	Arabidopsis thaliana	3702.0	root | cellular organisms | Eukaryota | Viridiplantae | Streptophyta | Streptophytina | Embryophyta | Tracheophyta | Euphyllophyta | Spermatophyta | Magnoliopsida | Mesangiospermae | eudicotyledons | Gunneridae | Pentapetalae | rosids | malvids | Brassicales | Brassicaceae | Camelineae | Arabidopsis | Arabidopsis thaliana
GO:0005460	Eukaryota	2759.0	root | cellular organisms | Eukaryota
GO:0010007	Viridiplantae	33090.0	root | cellular organisms | Eukaryota | Viridiplantae
GO:0046608	cellular organisms	131567.0	root | cellular organisms
GO:0045879	Eukaryota	2759.0	root | cellular organisms | Eukaryota
GO:0008645	cellular organisms	131567.0	root | cellular organisms
GO:0061734	Bilateria	33213.0	root | cellular organisms | Eukaryota | Opisthokonta | Metazoa | Eumetazoa | Bilateria
GO:0062234	Amniota	32524.0	root | cellular organisms | Eukaryota | Opisthokonta | Metazoa | Eumetazoa | Bilateria | Deuterostomia | Chordata | Craniata | Vertebrata | Gnathostomata | Teleostomi | Euteleostomi | Sarcopterygii | Dipnotetrapodomorpha | Tetrapoda | Amniota
GO:0097503	cellular organisms	131567.0	root | cellular organisms
GO:0033184	Unknown		
GO:0071329	Eukaryota	2759.0	root | cellular organisms | Eukaryota
GO:0140376	Pentapetalae	1437201.0	root | cellular organisms | Eukaryota | Viridiplantae | Streptophyta | Streptophytina | Embryophyta | Tracheophyta | Euphyllophyta | Spermatophyta | Magnoliopsida | Mesangiospermae | eudicotyledons | Gunneridae | Pentapetalae
GO:0005901	Eukaryota	2759.0	root | cellular organisms | Eukaryota
GO:0010166	Arabidopsis thaliana	3702.0	root | cellular organisms | Eukaryota | Viridiplantae | Streptophyta | Streptophytina | Embryophyta | Tracheophyta | Euphyllophyta | Spermatophyta | Magnoliopsida | Mesangiospermae | eudicotyledons | Gunneridae | Pentapetalae | rosids | malvids | Brassicales | Brassicaceae | Camelineae | Arabidopsis | Arabidopsis thaliana
GO:0009867	Viridiplantae	33090.0	root | cellular organisms | Eukaryota | Viridiplantae
GO:0051548	Amniota	32524.0	root | cellular organisms | Eukaryota | Opisthokonta | Metazoa | Eumetazoa | Bilateria | Deuterostomia | Chordata | Craniata | Vertebrata | Gnathostomata | Teleostomi | Euteleostomi | Sarcopterygii | Dipnotetrapodomorpha | Tetrapoda | Amniota
GO:0004652	Unknown		
GO:1902530	Tetrapoda	32523.0	root | cellular organisms | Eukaryota | Opisthokonta | Metazoa | Eumetazoa | Bilateria | Deuterostomia | Chordata | Craniata | Vertebrata | Gnathostomata | Teleostomi | Euteleostomi | Sarcopterygii | Dipnotetrapodomorpha | Tetrapoda
GO:0006071	root	1.0	root
GO:0005882	cellular organisms	131567.0	root | cellular organisms
GO:0070611	cellular organisms	131567.0	root | cellular organisms
GO:0048437	Magnoliopsida	3398.0	root | cellular organisms | Eukaryota | Viridiplantae | Streptophyta | Streptophytina | Embryophyta | Tracheophyta | Euphyllophyta | Spermatophyta | Magnoliopsida
GO:0090158	Eukaryota	2759.0	root | cellular organisms | Eukaryota
GO:1900563	Aspergillus nidulans FGSC A4	227321.0	root | cellular organisms | Eukaryota | Opisthokonta | Fungi | Dikarya | Ascomycota | saccharomyceta | Pezizomycotina | leotiomyceta | Eurotiomycetes | Eurotiomycetidae | Eurotiales | Aspergillaceae | Aspergillus | Nidulantes | Aspergillus nidulans | Aspergillus nidulans FGSC A4
GO:0003852	cellular organisms	131567.0	root | cellular organisms
GO:0072380	cellular organisms	131567.0	root | cellular organisms
GO:0009578	Zea mays	4577.0	root | cellular organisms | Eukaryota | Viridiplantae | Streptophyta | Streptophytina | Embryophyta | Tracheophyta | Euphyllophyta | Spermatophyta | Magnoliopsida | Mesangiospermae | Liliopsida | Petrosaviidae | commelinids | Poales | Poaceae | PACMAD clade | Panicoideae | Andropogonodae | Andropogoneae | Tripsacinae | Zea | Zea mays
GO:1990074	Eukaryota	2759.0	root | cellular organisms | Eukaryota
GO:0008728	root	1.0	root
GO:0015964	cellular organisms	131567.0	root | cellular organisms
GO:0007156	root	1.0	root
GO:0033263	Eukaryota	2759.0	root | cellular organisms | Eukaryota
GO:0035196	Eukaryota	2759.0	root | cellular organisms | Eukaryota
GO:0050524	root	1.0	root
GO:0060147	Eukaryota	2759.0	root | cellular organisms | Eukaryota
GO:0048488	Metazoa	33208.0	root | cellular organisms | Eukaryota | Opisthokonta | Metazoa
GO:0018293	Eukaryota	2759.0	root | cellular organisms | Eukaryota
GO:0009682	Eukaryota	2759.0	root | cellular organisms | Eukaryota
GO:0035265	Eukaryota	2759.0	root | cellular organisms | Eukaryota
GO:0098794	Opisthokonta	33154.0	root | cellular organisms | Eukaryota | Opisthokonta
GO:0071454	cellular organisms	131567.0	root | cellular organisms
GO:0016150	cellular organisms	131567.0	root | cellular organisms
GO:0045666	Eukaryota	2759.0	root | cellular organisms | Eukaryota
GO:2000639	Opisthokonta	33154.0	root | cellular organisms | Eukaryota | Opisthokonta
GO:1904851	Amniota	32524.0	root | cellular organisms | Eukaryota | Opisthokonta | Metazoa | Eumetazoa | Bilateria | Deuterostomia | Chordata | Craniata | Vertebrata | Gnathostomata | Teleostomi | Euteleostomi | Sarcopterygii | Dipnotetrapodomorpha | Tetrapoda | Amniota
GO:0140793	Amniota	32524.0	root | cellular organisms | Eukaryota | Opisthokonta | Metazoa | Eumetazoa | Bilateria | Deuterostomia | Chordata | Craniata | Vertebrata | Gnathostomata | Teleostomi | Euteleostomi | Sarcopterygii | Dipnotetrapodomorpha | Tetrapoda | Amniota
GO:0008689	Unknown		
GO:0034402	Unknown		
GO:0080184	Eukaryota	2759.0	root | cellular organisms | Eukaryota
GO:0046664	Drosophila	7215.0	root | cellular organisms | Eukaryota | Opisthokonta | Metazoa | Eumetazoa | Bilateria | Protostomia | Ecdysozoa | Panarthropoda | Arthropoda | Mandibulata | Pancrustacea | Altocrustacea | Allotriocarida | Hexapoda | Insecta | Dicondylia | Pterygota | Neoptera | Eumetabola | Endopterygota | Aparaglossata | Panorpida | Diptera | Brachycera | Muscomorpha | Eremoneura | Cyclorrhapha | Schizophora | Acalyptratae | Ephydroidea | Drosophilidae | Drosophilinae | Drosophilini | Drosophila
GO:0030098	Euteleostomi	117571.0	root | cellular organisms | Eukaryota | Opisthokonta | Metazoa | Eumetazoa | Bilateria | Deuterostomia | Chordata | Craniata | Vertebrata | Gnathostomata | Teleostomi | Euteleostomi
GO:1990915	Schizosaccharomyces pombe 972h-	284812.0	root | cellular organisms | Eukaryota | Opisthokonta | Fungi | Dikarya | Ascomycota | Taphrinomycotina | Schizosaccharomycetes | Schizosaccharomycetales | Schizosaccharomycetaceae | Schizosaccharomyces | Schizosaccharomyces pombe | Schizosaccharomyces pombe 972h-
GO:0030955	cellular organisms	131567.0	root | cellular organisms
GO:0046940	Unknown		
GO:0035457	Euteleostomi	117571.0	root | cellular organisms | Eukaryota | Opisthokonta | Metazoa | Eumetazoa | Bilateria | Deuterostomia | Chordata | Craniata | Vertebrata | Gnathostomata | Teleostomi | Euteleostomi
GO:0000423	Eukaryota	2759.0	root | cellular organisms | Eukaryota
GO:0042903	Eukaryota	2759.0	root | cellular organisms | Eukaryota
GO:0042789	Eukaryota	2759.0	root | cellular organisms | Eukaryota
GO:0180005	Schizosaccharomyces pombe 972h-	284812.0	root | cellular organisms | Eukaryota | Opisthokonta | Fungi | Dikarya | Ascomycota | Taphrinomycotina | Schizosaccharomycetes | Schizosaccharomycetales | Schizosaccharomycetaceae | Schizosaccharomyces | Schizosaccharomyces pombe | Schizosaccharomyces pombe 972h-
GO:1901002	cellular organisms	131567.0	root | cellular organisms
GO:0051010	cellular organisms	131567.0	root | cellular organisms
GO:0019028	Unknown		1554481
GO:0009788	Eukaryota	2759.0	root | cellular organisms | Eukaryota
GO:0016763	root	1.0	root
GO:0071108	root	1.0	root
GO:0045271	cellular organisms	131567.0	root | cellular organisms
GO:0006506	cellular organisms	131567.0	root | cellular organisms
GO:0046854	root	1.0	root
GO:0005921	Eumetazoa	6072.0	root | cellular organisms | Eukaryota | Opisthokonta | Metazoa | Eumetazoa
GO:0010952	Boreoeutheria	1437010.0	root | cellular organisms | Eukaryota | Opisthokonta | Metazoa | Eumetazoa | Bilateria | Deuterostomia | Chordata | Craniata | Vertebrata | Gnathostomata | Teleostomi | Euteleostomi | Sarcopterygii | Dipnotetrapodomorpha | Tetrapoda | Amniota | Mammalia | Theria | Eutheria | Boreoeutheria
GO:0030259	Unknown		
GO:0030241	Bilateria	33213.0	root | cellular organisms | Eukaryota | Opisthokonta | Metazoa | Eumetazoa | Bilateria
GO:0035874	Arabidopsis	3701.0	root | cellular organisms | Eukaryota | Viridiplantae | Streptophyta | Streptophytina | Embryophyta | Tracheophyta | Euphyllophyta | Spermatophyta | Magnoliopsida | Mesangiospermae | eudicotyledons | Gunneridae | Pentapetalae | rosids | malvids | Brassicales | Brassicaceae | Camelineae | Arabidopsis
GO:0070338	Saccharomycetaceae	4893.0	root | cellular organisms | Eukaryota | Opisthokonta | Fungi | Dikarya | Ascomycota | saccharomyceta | Saccharomycotina | Saccharomycetes | Saccharomycetales | Saccharomycetaceae
GO:0042795	cellular organisms	131567.0	root | cellular organisms
GO:0103045	cellular organisms	131567.0	root | cellular organisms
GO:0019903	root	1.0	root
GO:0006431	root	1.0	root
GO:0032051	Eukaryota	2759.0	root | cellular organisms | Eukaryota
GO:0048507	Spermatophyta	58024.0	root | cellular organisms | Eukaryota | Viridiplantae | Streptophyta | Streptophytina | Embryophyta | Tracheophyta | Euphyllophyta | Spermatophyta
GO:1990206	Brassicaceae	3700.0	root | cellular organisms | Eukaryota | Viridiplantae | Streptophyta | Streptophytina | Embryophyta | Tracheophyta | Euphyllophyta | Spermatophyta | Magnoliopsida | Mesangiospermae | eudicotyledons | Gunneridae | Pentapetalae | rosids | malvids | Brassicales | Brassicaceae
GO:0032436	root	1.0	root
GO:0030073	Eumetazoa	6072.0	root | cellular organisms | Eukaryota | Opisthokonta | Metazoa | Eumetazoa
GO:1902465	Unknown		
GO:1902334	Arabidopsis thaliana	3702.0	root | cellular organisms | Eukaryota | Viridiplantae | Streptophyta | Streptophytina | Embryophyta | Tracheophyta | Euphyllophyta | Spermatophyta | Magnoliopsida | Mesangiospermae | eudicotyledons | Gunneridae | Pentapetalae | rosids | malvids | Brassicales | Brassicaceae | Camelineae | Arabidopsis | Arabidopsis thaliana
GO:0052728	Pentapetalae	1437201.0	root | cellular organisms | Eukaryota | Viridiplantae | Streptophyta | Streptophytina | Embryophyta | Tracheophyta | Euphyllophyta | Spermatophyta | Magnoliopsida | Mesangiospermae | eudicotyledons | Gunneridae | Pentapetalae
GO:0000408	cellular organisms	131567.0	root | cellular organisms
GO:0009904	Embryophyta	3193.0	root | cellular organisms | Eukaryota | Viridiplantae | Streptophyta | Streptophytina | Embryophyta
GO:0061509	Unknown		
GO:1903543	Bilateria	33213.0	root | cellular organisms | Eukaryota | Opisthokonta | Metazoa | Eumetazoa | Bilateria
GO:0033389	Unknown		
GO:0031071	root	1.0	root
GO:0000038	Eukaryota	2759.0	root | cellular organisms | Eukaryota
GO:0003949	root	1.0	root
GO:0098552	root	1.0	root
GO:0040011	Eukaryota	2759.0	root | cellular organisms | Eukaryota
GO:0000278	Eukaryota	2759.0	root | cellular organisms | Eukaryota
GO:0003684	root	1.0	root
GO:0015793	root	1.0	root
GO:0034286	Streptophytina	131221.0	root | cellular organisms | Eukaryota | Viridiplantae | Streptophyta | Streptophytina
GO:2000037	Eukaryota	2759.0	root | cellular organisms | Eukaryota
GO:0009671	Spermatophyta	58024.0	root | cellular organisms | Eukaryota | Viridiplantae | Streptophyta | Streptophytina | Embryophyta | Tracheophyta | Euphyllophyta | Spermatophyta
GO:0106093	Mesangiospermae	1437183.0	root | cellular organisms | Eukaryota | Viridiplantae | Streptophyta | Streptophytina | Embryophyta | Tracheophyta | Euphyllophyta | Spermatophyta | Magnoliopsida | Mesangiospermae
GO:0009584	root	1.0	root
GO:0050551	Eukaryota	2759.0	root | cellular organisms | Eukaryota
GO:0018002	Bilateria	33213.0	root | cellular organisms | Eukaryota | Opisthokonta | Metazoa | Eumetazoa | Bilateria
GO:0046394	root	1.0	root
GO:1904690	Bilateria	33213.0	root | cellular organisms | Eukaryota | Opisthokonta | Metazoa | Eumetazoa | Bilateria
GO:0000421	cellular organisms	131567.0	root | cellular organisms
GO:0071617	Eukaryota	2759.0	root | cellular organisms | Eukaryota
GO:0005355	Unknown		
GO:0003872	root	1.0	root
GO:0010506	Eukaryota	2759.0	root | cellular organisms | Eukaryota
GO:0035269	root	1.0	root
GO:0007095	Eukaryota	2759.0	root | cellular organisms | Eukaryota
GO:0016441	Eukaryota	2759.0	root | cellular organisms | Eukaryota
GO:0046920	cellular organisms	131567.0	root | cellular organisms
GO:0004677	Eukaryota	2759.0	root | cellular organisms | Eukaryota
GO:0030240	Bilateria	33213.0	root | cellular organisms | Eukaryota | Opisthokonta | Metazoa | Eumetazoa | Bilateria
GO:0006569	cellular organisms	131567.0	root | cellular organisms
GO:0102867	Unknown		
GO:0015930	cellular organisms	131567.0	root | cellular organisms
GO:0062055	Arabidopsis thaliana	3702.0	root | cellular organisms | Eukaryota | Viridiplantae | Streptophyta | Streptophytina | Embryophyta | Tracheophyta | Euphyllophyta | Spermatophyta | Magnoliopsida | Mesangiospermae | eudicotyledons | Gunneridae | Pentapetalae | rosids | malvids | Brassicales | Brassicaceae | Camelineae | Arabidopsis | Arabidopsis thaliana
GO:0009056	Caenorhabditis elegans	6239.0	root | cellular organisms | Eukaryota | Opisthokonta | Metazoa | Eumetazoa | Bilateria | Protostomia | Ecdysozoa | Nematoda | Chromadorea | Rhabditida | Rhabditina | Rhabditomorpha | Rhabditoidea | Rhabditidae | Peloderinae | Caenorhabditis | Caenorhabditis elegans
GO:0042273	cellular organisms	131567.0	root | cellular organisms
GO:0006826	root	1.0	root
GO:0033186	cellular organisms	131567.0	root | cellular organisms
GO:0004618	root	1.0	root
GO:0015152	Eukaryota	2759.0	root | cellular organisms | Eukaryota
GO:0042462	Bilateria	33213.0	root | cellular organisms | Eukaryota | Opisthokonta | Metazoa | Eumetazoa | Bilateria
GO:0042176	Eukaryota	2759.0	root | cellular organisms | Eukaryota
GO:0001056	Unknown		
GO:0097718	root	1.0	root
GO:0048172	Opisthokonta	33154.0	root | cellular organisms | Eukaryota | Opisthokonta
GO:0004164	cellular organisms	131567.0	root | cellular organisms
GO:0003006	Eukaryota	2759.0	root | cellular organisms | Eukaryota
GO:0018272	cellular organisms	131567.0	root | cellular organisms
GO:0019911	Bilateria	33213.0	root | cellular organisms | Eukaryota | Opisthokonta | Metazoa | Eumetazoa | Bilateria
GO:0071000	cellular organisms	131567.0	root | cellular organisms
GO:0071705	Arabidopsis thaliana	3702.0	root | cellular organisms | Eukaryota | Viridiplantae | Streptophyta | Streptophytina | Embryophyta | Tracheophyta | Euphyllophyta | Spermatophyta | Magnoliopsida | Mesangiospermae | eudicotyledons | Gunneridae | Pentapetalae | rosids | malvids | Brassicales | Brassicaceae | Camelineae | Arabidopsis | Arabidopsis thaliana
GO:0009952	Eukaryota	2759.0	root | cellular organisms | Eukaryota
GO:1902751	Eukaryota	2759.0	root | cellular organisms | Eukaryota
GO:0071704	Unknown		
GO:0030328	cellular organisms	131567.0	root | cellular organisms
GO:0008541	cellular organisms	131567.0	root | cellular organisms
GO:0004315	root	1.0	root
GO:0035641	Bilateria	33213.0	root | cellular organisms | Eukaryota | Opisthokonta | Metazoa | Eumetazoa | Bilateria
GO:0003863	cellular organisms	131567.0	root | cellular organisms
GO:0043231	Eukaryota	2759.0	root | cellular organisms | Eukaryota
GO:0050268	cellular organisms	131567.0	root | cellular organisms
GO:0052642	Eukaryota	2759.0	root | cellular organisms | Eukaryota
GO:0008935	cellular organisms	131567.0	root | cellular organisms
GO:0098789	Unknown		
GO:0032591	Eumetazoa	6072.0	root | cellular organisms | Eukaryota | Opisthokonta | Metazoa | Eumetazoa
GO:0015140	cellular organisms	131567.0	root | cellular organisms
GO:0010698	Eukaryota	2759.0	root | cellular organisms | Eukaryota
GO:0030674	root	1.0	root
GO:0051572	Unknown		
GO:0017069	cellular organisms	131567.0	root | cellular organisms
GO:0047196	cellular organisms	131567.0	root | cellular organisms
GO:2001170	Amniota	32524.0	root | cellular organisms | Eukaryota | Opisthokonta | Metazoa | Eumetazoa | Bilateria | Deuterostomia | Chordata | Craniata | Vertebrata | Gnathostomata | Teleostomi | Euteleostomi | Sarcopterygii | Dipnotetrapodomorpha | Tetrapoda | Amniota
GO:1990585	Magnoliopsida	3398.0	root | cellular organisms | Eukaryota | Viridiplantae | Streptophyta | Streptophytina | Embryophyta | Tracheophyta | Euphyllophyta | Spermatophyta | Magnoliopsida
GO:0043069	Eukaryota	2759.0	root | cellular organisms | Eukaryota
GO:0010478	Streptophytina	131221.0	root | cellular organisms | Eukaryota | Viridiplantae | Streptophyta | Streptophytina
GO:1901222	Metazoa	33208.0	root | cellular organisms | Eukaryota | Opisthokonta | Metazoa
GO:0031536	Opisthokonta	33154.0	root | cellular organisms | Eukaryota | Opisthokonta
GO:0033629	Gnathostomata	7776.0	root | cellular organisms | Eukaryota | Opisthokonta | Metazoa | Eumetazoa | Bilateria | Deuterostomia | Chordata | Craniata | Vertebrata | Gnathostomata
GO:0006501	Opisthokonta	33154.0	root | cellular organisms | Eukaryota | Opisthokonta
GO:0036289	cellular organisms	131567.0	root | cellular organisms
GO:0001097	Eukaryota	2759.0	root | cellular organisms | Eukaryota
GO:0017059	cellular organisms	131567.0	root | cellular organisms
GO:0061646	Bilateria	33213.0	root | cellular organisms | Eukaryota | Opisthokonta | Metazoa | Eumetazoa | Bilateria
GO:0004550	root	1.0	root
GO:0006978	Unknown		
GO:0033683	Unknown		
GO:0045494	Eukaryota	2759.0	root | cellular organisms | Eukaryota
GO:0007163	cellular organisms	131567.0	root | cellular organisms
GO:0000427	Viridiplantae	33090.0	root | cellular organisms | Eukaryota | Viridiplantae
GO:0006004	root	1.0	root
GO:0060021	Euteleostomi	117571.0	root | cellular organisms | Eukaryota | Opisthokonta | Metazoa | Eumetazoa | Bilateria | Deuterostomia | Chordata | Craniata | Vertebrata | Gnathostomata | Teleostomi | Euteleostomi
GO:0030501	Gnathostomata	7776.0	root | cellular organisms | Eukaryota | Opisthokonta | Metazoa | Eumetazoa | Bilateria | Deuterostomia | Chordata | Craniata | Vertebrata | Gnathostomata
GO:0097192	Metazoa	33208.0	root | cellular organisms | Eukaryota | Opisthokonta | Metazoa
GO:0004514	cellular organisms	131567.0	root | cellular organisms
GO:0030899	Eukaryota	2759.0	root | cellular organisms | Eukaryota
GO:1990726	cellular organisms	131567.0	root | cellular organisms
GO:0070545	Eukaryota	2759.0	root | cellular organisms | Eukaryota
GO:1902000	cellular organisms	131567.0	root | cellular organisms
GO:0019218	Eukaryota	2759.0	root | cellular organisms | Eukaryota
GO:0010412	Arabidopsis thaliana	3702.0	root | cellular organisms | Eukaryota | Viridiplantae | Streptophyta | Streptophytina | Embryophyta | Tracheophyta | Euphyllophyta | Spermatophyta | Magnoliopsida | Mesangiospermae | eudicotyledons | Gunneridae | Pentapetalae | rosids | malvids | Brassicales | Brassicaceae | Camelineae | Arabidopsis | Arabidopsis thaliana
GO:2001302	Boreoeutheria	1437010.0	root | cellular organisms | Eukaryota | Opisthokonta | Metazoa | Eumetazoa | Bilateria | Deuterostomia | Chordata | Craniata | Vertebrata | Gnathostomata | Teleostomi | Euteleostomi | Sarcopterygii | Dipnotetrapodomorpha | Tetrapoda | Amniota | Mammalia | Theria | Eutheria | Boreoeutheria
GO:0009225	root	1.0	root
GO:2001295	cellular organisms	131567.0	root | cellular organisms
GO:0061051	Amniota	32524.0	root | cellular organisms | Eukaryota | Opisthokonta | Metazoa | Eumetazoa | Bilateria | Deuterostomia | Chordata | Craniata | Vertebrata | Gnathostomata | Teleostomi | Euteleostomi | Sarcopterygii | Dipnotetrapodomorpha | Tetrapoda | Amniota
GO:0045144	Eukaryota	2759.0	root | cellular organisms | Eukaryota
GO:0007179	Bilateria	33213.0	root | cellular organisms | Eukaryota | Opisthokonta | Metazoa | Eumetazoa | Bilateria
GO:0055085	root	1.0	root
GO:1901317	Eukaryota	2759.0	root | cellular organisms | Eukaryota
GO:0036416	Bilateria	33213.0	root | cellular organisms | Eukaryota | Opisthokonta | Metazoa | Eumetazoa | Bilateria
GO:0046185	Opisthokonta	33154.0	root | cellular organisms | Eukaryota | Opisthokonta
GO:0071629	Eukaryota	2759.0	root | cellular organisms | Eukaryota
GO:1990447	Opisthokonta	33154.0	root | cellular organisms | Eukaryota | Opisthokonta
GO:0006689	cellular organisms	131567.0	root | cellular organisms
GO:0008138	root	1.0	root
GO:0003012	Bilateria	33213.0	root | cellular organisms | Eukaryota | Opisthokonta | Metazoa | Eumetazoa | Bilateria
GO:0003756	cellular organisms	131567.0	root | cellular organisms
GO:0070507	cellular organisms	131567.0	root | cellular organisms
GO:0033204	cellular organisms	131567.0	root | cellular organisms
GO:1903645	Unknown		
GO:1902042	Opisthokonta	33154.0	root | cellular organisms | Eukaryota | Opisthokonta
GO:0006740	cellular organisms	131567.0	root | cellular organisms
GO:0035246	Eukaryota	2759.0	root | cellular organisms | Eukaryota
GO:0098702	Eukaryota	2759.0	root | cellular organisms | Eukaryota
GO:2000038	Magnoliopsida	3398.0	root | cellular organisms | Eukaryota | Viridiplantae | Streptophyta | Streptophytina | Embryophyta | Tracheophyta | Euphyllophyta | Spermatophyta | Magnoliopsida
GO:0051554	Arabidopsis thaliana	3702.0	root | cellular organisms | Eukaryota | Viridiplantae | Streptophyta | Streptophytina | Embryophyta | Tracheophyta | Euphyllophyta | Spermatophyta | Magnoliopsida | Mesangiospermae | eudicotyledons | Gunneridae | Pentapetalae | rosids | malvids | Brassicales | Brassicaceae | Camelineae | Arabidopsis | Arabidopsis thaliana
GO:0004687	cellular organisms	131567.0	root | cellular organisms
GO:0047173	cellular organisms	131567.0	root | cellular organisms
GO:0008692	cellular organisms	131567.0	root | cellular organisms
GO:0030031	Bilateria	33213.0	root | cellular organisms | Eukaryota | Opisthokonta | Metazoa | Eumetazoa | Bilateria
GO:0010309	cellular organisms	131567.0	root | cellular organisms
GO:1903707	Eumetazoa	6072.0	root | cellular organisms | Eukaryota | Opisthokonta | Metazoa | Eumetazoa
GO:0044545	Eukaryota	2759.0	root | cellular organisms | Eukaryota
GO:0080109	Camelineae	980083.0	root | cellular organisms | Eukaryota | Viridiplantae | Streptophyta | Streptophytina | Embryophyta | Tracheophyta | Euphyllophyta | Spermatophyta | Magnoliopsida | Mesangiospermae | eudicotyledons | Gunneridae | Pentapetalae | rosids | malvids | Brassicales | Brassicaceae | Camelineae
GO:1901528	Unknown		
GO:0016556	root	1.0	root
GO:0045143	Eukaryota	2759.0	root | cellular organisms | Eukaryota
GO:0004373	cellular organisms	131567.0	root | cellular organisms
GO:0047952	cellular organisms	131567.0	root | cellular organisms
GO:0003934	root	1.0	root
GO:0050406	Eukaryota	2759.0	root | cellular organisms | Eukaryota
GO:0009314	cellular organisms	131567.0	root | cellular organisms
GO:0043443	Unknown		
GO:0001778	Eukaryota	2759.0	root | cellular organisms | Eukaryota
GO:2000234	cellular organisms	131567.0	root | cellular organisms
GO:0045037	cellular organisms	131567.0	root | cellular organisms
GO:0048193	cellular organisms	131567.0	root | cellular organisms
GO:0019484	Eukaryota	2759.0	root | cellular organisms | Eukaryota
GO:0051156	cellular organisms	131567.0	root | cellular organisms
GO:0042760	cellular organisms	131567.0	root | cellular organisms
GO:0046040	cellular organisms	131567.0	root | cellular organisms
GO:0001696	Gnathostomata	7776.0	root | cellular organisms | Eukaryota | Opisthokonta | Metazoa | Eumetazoa | Bilateria | Deuterostomia | Chordata | Craniata | Vertebrata | Gnathostomata
GO:0042601	Bacteria	2.0	root | cellular organisms | Bacteria
GO:0001682	cellular organisms	131567.0	root | cellular organisms
GO:0080173	Arabidopsis thaliana	3702.0	root | cellular organisms | Eukaryota | Viridiplantae | Streptophyta | Streptophytina | Embryophyta | Tracheophyta | Euphyllophyta | Spermatophyta | Magnoliopsida | Mesangiospermae | eudicotyledons | Gunneridae | Pentapetalae | rosids | malvids | Brassicales | Brassicaceae | Camelineae | Arabidopsis | Arabidopsis thaliana
GO:0009750	cellular organisms	131567.0	root | cellular organisms
GO:0009815	cellular organisms	131567.0	root | cellular organisms
GO:0043517	Eumetazoa	6072.0	root | cellular organisms | Eukaryota | Opisthokonta | Metazoa | Eumetazoa
GO:0009668	cellular organisms	131567.0	root | cellular organisms
GO:0004307	cellular organisms	131567.0	root | cellular organisms
GO:0070410	Bilateria	33213.0	root | cellular organisms | Eukaryota | Opisthokonta | Metazoa | Eumetazoa | Bilateria
GO:2000124	Amniota	32524.0	root | cellular organisms | Eukaryota | Opisthokonta | Metazoa | Eumetazoa | Bilateria | Deuterostomia | Chordata | Craniata | Vertebrata | Gnathostomata | Teleostomi | Euteleostomi | Sarcopterygii | Dipnotetrapodomorpha | Tetrapoda | Amniota
GO:0042300	Mesangiospermae	1437183.0	root | cellular organisms | Eukaryota | Viridiplantae | Streptophyta | Streptophytina | Embryophyta | Tracheophyta | Euphyllophyta | Spermatophyta | Magnoliopsida | Mesangiospermae
GO:0003904	root	1.0	root
GO:0102757	cellular organisms	131567.0	root | cellular organisms
GO:0051072	Eukaryota	2759.0	root | cellular organisms | Eukaryota
GO:0043999	Amniota	32524.0	root | cellular organisms | Eukaryota | Opisthokonta | Metazoa | Eumetazoa | Bilateria | Deuterostomia | Chordata | Craniata | Vertebrata | Gnathostomata | Teleostomi | Euteleostomi | Sarcopterygii | Dipnotetrapodomorpha | Tetrapoda | Amniota
GO:0102966	Unknown		
GO:0031115	Eukaryota	2759.0	root | cellular organisms | Eukaryota
GO:0003724	Unknown		1554481
GO:0006449	cellular organisms	131567.0	root | cellular organisms
GO:0031309	Unknown		
GO:0009932	Eukaryota	2759.0	root | cellular organisms | Eukaryota
GO:0004497	root	1.0	root
GO:0071484	Eukaryota	2759.0	root | cellular organisms | Eukaryota
GO:0062034	Arabidopsis thaliana	3702.0	root | cellular organisms | Eukaryota | Viridiplantae | Streptophyta | Streptophytina | Embryophyta | Tracheophyta | Euphyllophyta | Spermatophyta | Magnoliopsida | Mesangiospermae | eudicotyledons | Gunneridae | Pentapetalae | rosids | malvids | Brassicales | Brassicaceae | Camelineae | Arabidopsis | Arabidopsis thaliana
GO:0009698	cellular organisms	131567.0	root | cellular organisms
GO:0039528	Unknown		
GO:0004686	Eukaryota	2759.0	root | cellular organisms | Eukaryota
GO:0006223	cellular organisms	131567.0	root | cellular organisms
GO:0033673	Opisthokonta	33154.0	root | cellular organisms | Eukaryota | Opisthokonta
GO:0047022	cellular organisms	131567.0	root | cellular organisms
GO:0034663	cellular organisms	131567.0	root | cellular organisms
GO:0048237	Gnathostomata	7776.0	root | cellular organisms | Eukaryota | Opisthokonta | Metazoa | Eumetazoa | Bilateria | Deuterostomia | Chordata | Craniata | Vertebrata | Gnathostomata
GO:0031682	Eukaryota	2759.0	root | cellular organisms | Eukaryota
GO:0071310	Unknown		
GO:0033542	cellular organisms	131567.0	root | cellular organisms
GO:0046522	cellular organisms	131567.0	root | cellular organisms
GO:0046486	Eukaryota	2759.0	root | cellular organisms | Eukaryota
GO:0009235	cellular organisms	131567.0	root | cellular organisms
GO:0006642	Eukaryota	2759.0	root | cellular organisms | Eukaryota
GO:0048510	Magnoliopsida	3398.0	root | cellular organisms | Eukaryota | Viridiplantae | Streptophyta | Streptophytina | Embryophyta | Tracheophyta | Euphyllophyta | Spermatophyta | Magnoliopsida
GO:0010252	Unknown		
GO:0031122	cellular organisms	131567.0	root | cellular organisms
GO:0004749	root	1.0	root
GO:0070819	cellular organisms	131567.0	root | cellular organisms
GO:1903826	cellular organisms	131567.0	root | cellular organisms
GO:1990055	Pentapetalae	1437201.0	root | cellular organisms | Eukaryota | Viridiplantae | Streptophyta | Streptophytina | Embryophyta | Tracheophyta | Euphyllophyta | Spermatophyta | Magnoliopsida | Mesangiospermae | eudicotyledons | Gunneridae | Pentapetalae
GO:1990825	cellular organisms	131567.0	root | cellular organisms
GO:0042171	cellular organisms	131567.0	root | cellular organisms
GO:0034038	cellular organisms	131567.0	root | cellular organisms
GO:0006977	Unknown		
GO:0002240	Brassicaceae	3700.0	root | cellular organisms | Eukaryota | Viridiplantae | Streptophyta | Streptophytina | Embryophyta | Tracheophyta | Euphyllophyta | Spermatophyta | Magnoliopsida | Mesangiospermae | eudicotyledons | Gunneridae | Pentapetalae | rosids | malvids | Brassicales | Brassicaceae
